{
  "round": [
    1,
    2,
    3,
    4,
    5,
    6,
    7,
    8,
    9,
    10,
    11,
    12,
    13,
    14,
    15,
    16,
    17,
    18,
    19,
    20,
    21,
    22,
    23,
    24,
    25,
    26,
    27,
    28,
    29,
    30,
    31,
    32,
    33,
    34,
    35,
    36,
    37,
    38,
    39,
    40,
    41,
    42,
    43,
    44,
    45,
    46,
    47,
    48,
    49,
    50,
    51,
    52,
    53,
    54,
    55,
    56,
    57,
    58,
    59,
    60,
    61,
    62,
    63,
    64,
    65,
    66,
    67,
    68,
    69,
    70,
    71,
    72,
    73,
    74,
    75,
    76,
    77,
    78,
    79,
    80,
    81,
    82,
    83,
    84,
    85,
    86,
    87,
    88,
    89,
    90,
    91,
    92,
    93,
    94,
    95,
    96,
    97,
    98,
    99,
    100
  ],
  "train_loss": [
    7.973766624927521,
    7.521139216423035,
    7.1812894463539125,
    6.965013468265534,
    6.720582914352417,
    6.641555428504944,
    6.471872067451477,
    6.345734703540802,
    6.2673683047294615,
    6.093808364868164,
    5.980615425109863,
    5.997928059101104,
    5.951698994636535,
    5.8431139349937435,
    5.823068869113922,
    5.61773773431778,
    5.559230470657349,
    5.499893260002136,
    5.425205993652344,
    5.384096944332123,
    5.361724293231964,
    5.242669880390167,
    5.189876472949981,
    5.310141718387603,
    5.059248411655426,
    4.954045653343201,
    4.964988088607788,
    4.955669522285461,
    4.82579927444458,
    4.949509072303772,
    4.792088222503662,
    4.807440626621246,
    4.728304553031921,
    4.699155455827713,
    4.697996211051941,
    4.5889277219772335,
    4.515533041954041,
    4.554721575975418,
    4.424233764410019,
    4.487467277050018,
    4.43071300983429,
    4.304603177309036,
    4.210611659288406,
    4.315734565258026,
    4.195445024967194,
    4.116640049219131,
    4.123493921756745,
    4.097140282392502,
    4.052344232797623,
    4.02124696969986,
    4.0774261355400085,
    4.054567766189575,
    3.983348149061203,
    4.009906911849976,
    3.9798659920692443,
    3.9309406518936156,
    3.9261974573135374,
    3.948495644330978,
    3.8209609627723693,
    3.824988526105881,
    3.65935395359993,
    3.6825750827789308,
    3.818395125865936,
    3.672385847568512,
    3.7375428318977355,
    3.7096302032470705,
    3.60845947265625,
    3.6161853969097137,
    3.4511644303798676,
    3.6313557982444764,
    3.566573804616928,
    3.5091728925704957,
    3.437865698337555,
    3.425892245769501,
    3.3753627836704254,
    3.458194851875305,
    3.383221983909607,
    3.4258646070957184,
    3.4107494235038756,
    3.440812659263611,
    3.4480500161647796,
    3.331063038110733,
    3.2913518488407134,
    3.2488624155521393,
    3.2392861425876616,
    3.2580557644367216,
    3.19289345741272,
    3.2136635780334473,
    3.1826660096645356,
    3.2246208071708677,
    3.1082597196102144,
    3.176522505283356,
    3.177987962961197,
    3.223804372549057,
    3.138342410326004,
    3.094118332862854,
    3.149047914147377,
    3.0735485315322877,
    3.089772790670395,
    3.020802289247513
  ],
  "train_acc": [
    1.09375,
    0.9375,
    0.46875,
    1.875,
    1.484375,
    1.640625,
    1.796875,
    1.09375,
    1.40625,
    2.1875,
    1.796875,
    1.25,
    2.421875,
    3.828125,
    2.5,
    3.671875,
    3.59375,
    2.8125,
    4.140625,
    2.96875,
    5.3125,
    4.375,
    3.984375,
    4.375,
    6.328125,
    6.640625,
    7.34375,
    7.34375,
    7.8125,
    6.171875,
    8.28125,
    7.265625,
    8.59375,
    7.65625,
    8.203125,
    9.0625,
    10.234375,
    8.671875,
    11.484375,
    10.625,
    10.15625,
    10.234375,
    12.890625,
    12.890625,
    11.796875,
    12.96875,
    12.578125,
    12.421875,
    14.21875,
    14.21875,
    14.53125,
    15.78125,
    14.0625,
    15.625,
    15.9375,
    16.328125,
    17.1875,
    16.015625,
    18.671875,
    17.34375,
    18.671875,
    18.046875,
    17.65625,
    18.75,
    18.75,
    18.59375,
    20.0,
    18.984375,
    23.125,
    19.84375,
    21.015625,
    22.109375,
    20.859375,
    22.96875,
    22.734375,
    22.265625,
    21.40625,
    22.8125,
    24.140625,
    21.796875,
    23.984375,
    23.984375,
    25.78125,
    25.078125,
    24.84375,
    25.0,
    24.140625,
    24.84375,
    25.703125,
    27.109375,
    27.421875,
    27.109375,
    26.015625,
    26.015625,
    25.546875,
    29.453125,
    25.78125,
    26.875,
    27.03125,
    29.21875
  ],
  "val_loss": [
    NaN,
    NaN,
    NaN,
    NaN,
    NaN,
    NaN,
    NaN,
    NaN,
    NaN,
    5.665547915649414,
    NaN,
    NaN,
    NaN,
    NaN,
    NaN,
    NaN,
    NaN,
    NaN,
    NaN,
    4.986320942687988,
    NaN,
    NaN,
    NaN,
    NaN,
    NaN,
    NaN,
    NaN,
    NaN,
    NaN,
    4.46611123046875,
    NaN,
    NaN,
    NaN,
    NaN,
    NaN,
    NaN,
    NaN,
    NaN,
    NaN,
    4.0441219566345215,
    NaN,
    NaN,
    NaN,
    NaN,
    NaN,
    NaN,
    NaN,
    NaN,
    NaN,
    3.7417050849914553,
    NaN,
    NaN,
    NaN,
    NaN,
    NaN,
    NaN,
    NaN,
    NaN,
    NaN,
    3.421438722229004,
    NaN,
    NaN,
    NaN,
    NaN,
    NaN,
    NaN,
    NaN,
    NaN,
    NaN,
    3.2093834953308105,
    NaN,
    NaN,
    NaN,
    NaN,
    NaN,
    NaN,
    NaN,
    NaN,
    NaN,
    3.0576486057281493,
    NaN,
    NaN,
    NaN,
    NaN,
    NaN,
    NaN,
    NaN,
    NaN,
    NaN,
    2.931697205352783,
    NaN,
    NaN,
    NaN,
    NaN,
    NaN,
    NaN,
    NaN,
    NaN,
    NaN,
    2.7571346561431884
  ],
  "val_acc": [
    NaN,
    NaN,
    NaN,
    NaN,
    NaN,
    NaN,
    NaN,
    NaN,
    NaN,
    2.3,
    NaN,
    NaN,
    NaN,
    NaN,
    NaN,
    NaN,
    NaN,
    NaN,
    NaN,
    4.68,
    NaN,
    NaN,
    NaN,
    NaN,
    NaN,
    NaN,
    NaN,
    NaN,
    NaN,
    8.26,
    NaN,
    NaN,
    NaN,
    NaN,
    NaN,
    NaN,
    NaN,
    NaN,
    NaN,
    12.88,
    NaN,
    NaN,
    NaN,
    NaN,
    NaN,
    NaN,
    NaN,
    NaN,
    NaN,
    17.48,
    NaN,
    NaN,
    NaN,
    NaN,
    NaN,
    NaN,
    NaN,
    NaN,
    NaN,
    21.44,
    NaN,
    NaN,
    NaN,
    NaN,
    NaN,
    NaN,
    NaN,
    NaN,
    NaN,
    24.9,
    NaN,
    NaN,
    NaN,
    NaN,
    NaN,
    NaN,
    NaN,
    NaN,
    NaN,
    28.0,
    NaN,
    NaN,
    NaN,
    NaN,
    NaN,
    NaN,
    NaN,
    NaN,
    NaN,
    30.04,
    NaN,
    NaN,
    NaN,
    NaN,
    NaN,
    NaN,
    NaN,
    NaN,
    NaN,
    33.24
  ],
  "test_loss": [
    NaN,
    NaN,
    NaN,
    NaN,
    NaN,
    NaN,
    NaN,
    NaN,
    NaN,
    5.72419705657959,
    NaN,
    NaN,
    NaN,
    NaN,
    NaN,
    NaN,
    NaN,
    NaN,
    NaN,
    4.989767147064209,
    NaN,
    NaN,
    NaN,
    NaN,
    NaN,
    NaN,
    NaN,
    NaN,
    NaN,
    4.3997210556030275,
    NaN,
    NaN,
    NaN,
    NaN,
    NaN,
    NaN,
    NaN,
    NaN,
    NaN,
    3.9122620193481445,
    NaN,
    NaN,
    NaN,
    NaN,
    NaN,
    NaN,
    NaN,
    NaN,
    NaN,
    3.542302101135254,
    NaN,
    NaN,
    NaN,
    NaN,
    NaN,
    NaN,
    NaN,
    NaN,
    NaN,
    3.228020248413086,
    NaN,
    NaN,
    NaN,
    NaN,
    NaN,
    NaN,
    NaN,
    NaN,
    NaN,
    2.9851293991088865,
    NaN,
    NaN,
    NaN,
    NaN,
    NaN,
    NaN,
    NaN,
    NaN,
    NaN,
    2.7907616539001463,
    NaN,
    NaN,
    NaN,
    NaN,
    NaN,
    NaN,
    NaN,
    NaN,
    NaN,
    2.6157703330993654,
    NaN,
    NaN,
    NaN,
    NaN,
    NaN,
    NaN,
    NaN,
    NaN,
    NaN,
    2.485374680709839
  ],