{
  "round": [
    1,
    2,
    3,
    4,
    5,
    6,
    7,
    8,
    9,
    10,
    11,
    12,
    13,
    14,
    15,
    16,
    17,
    18,
    19,
    20,
    21,
    22,
    23,
    24,
    25,
    26,
    27,
    28,
    29,
    30,
    31,
    32,
    33,
    34,
    35,
    36,
    37,
    38,
    39,
    40,
    41,
    42,
    43,
    44,
    45,
    46,
    47,
    48,
    49,
    50,
    51,
    52,
    53,
    54,
    55,
    56,
    57,
    58,
    59,
    60,
    61,
    62,
    63,
    64,
    65,
    66,
    67,
    68,
    69,
    70,
    71,
    72,
    73,
    74,
    75,
    76,
    77,
    78,
    79,
    80,
    81,
    82,
    83,
    84,
    85,
    86,
    87,
    88,
    89,
    90,
    91,
    92,
    93,
    94,
    95,
    96,
    97,
    98,
    99,
    100
  ],
  "train_loss": [
    4.3951086610555645,
    3.800362266600132,
    3.9279499277472496,
    3.2390788793563843,
    3.2861221849918367,
    3.2219537898898123,
    3.307892829179764,
    2.8230956394225357,
    2.9844814486801625,
    2.8789513006806375,
    2.4882693074643614,
    2.3615617834031584,
    2.420505287498236,
    2.4667283318936826,
    2.3839540772140024,
    2.407635724171996,
    2.4417058296501635,
    2.1966315887868406,
    2.013081059977412,
    2.127177928388119,
    2.072325427085161,
    2.002071087807417,
    1.9878338687121868,
    2.119017843157053,
    2.0117451399564743,
    1.7546258233487606,
    2.021007726341486,
    1.715000412426889,
    1.838571833819151,
    1.8887833666056395,
    1.6972938105463982,
    1.7064958088099957,
    1.5911373849958181,
    1.6693215440958737,
    1.901991068571806,
    1.9453474938869477,
    1.537748683989048,
    1.7271205697208643,
    1.6048473061993718,
    1.7668213550001384,
    1.711952653899789,
    1.7435579359531403,
    1.5709527872502804,
    1.4422537334263326,
    1.439720095321536,
    1.3420840088278054,
    1.4661111775785685,
    1.7768359418958426,
    1.4418939795345067,
    1.4501698462292552,
    1.2800738057121634,
    1.353121917694807,
    1.4162161897867918,
    1.3773250561207533,
    1.5463431149721145,
    1.4308942381292582,
    1.4259008748456836,
    1.4171679941937327,
    1.2984761975705623,
    1.2810012700036169,
    1.31506114192307,
    1.3428800102323293,
    1.4369390914216638,
    1.4018638733774424,
    1.3370202455669642,
    1.3322313003242017,
    1.2002681091427803,
    1.1740234937518834,
    1.477348991855979,
    1.2711290193721652,
    1.2259742845781147,
    1.244112478941679,
    1.271260191127658,
    1.2503747081384062,
    1.300935908406973,
    1.280132088623941,
    1.3685416013002396,
    1.2226760778576136,
    1.3205420035868882,
    1.3734323823824526,
    1.2680101899430156,
    1.110472818557173,
    1.1473463859409094,
    1.074004873353988,
    1.2098803214728833,
    1.1851782025769353,
    1.1640371605753899,
    1.3803668092936277,
    1.0937021842226387,
    1.255354544892907,
    1.039371380954981,
    1.2679693702608348,
    1.095323463343084,
    1.291016505844891,
    1.1550834685564042,
    1.0680121582001447,
    1.0650426781736315,
    1.3302981596440078,
    1.1302979784086347,
    1.1658855000510813
  ],
  "train_acc": [
    22.8125,
    27.890625,
    25.4296875,
    34.0234375,
    32.0703125,
    33.671875,
    31.2890625,
    36.7578125,
    34.4921875,
    37.1484375,
    40.78125,
    44.140625,
    42.96875,
    43.0078125,
    43.5546875,
    43.3984375,
    42.2265625,
    48.0078125,
    50.78125,
    47.3828125,
    48.8671875,
    49.9609375,
    50.9765625,
    49.21875,
    51.015625,
    55.1953125,
    49.9609375,
    56.875,
    52.109375,
    51.71875,
    56.71875,
    56.796875,
    57.1875,
    56.40625,
    51.6015625,
    50.5078125,
    59.1796875,
    54.3359375,
    57.9296875,
    54.6484375,
    55.3125,
    56.6015625,
    60.2734375,
    62.0703125,
    62.8515625,
    63.7109375,
    61.5625,
    53.2421875,
    62.3828125,
    60.4296875,
    65.859375,
    64.5703125,
    62.578125,
    63.046875,
    59.140625,
    62.265625,
    62.0703125,
    62.4609375,
    63.7890625,
    65.5078125,
    63.4765625,
    63.90625,
    62.0703125,
    62.421875,
    62.34375,
    64.53125,
    67.8125,
    67.34375,
    61.015625,
    65.6640625,
    67.03125,
    66.3671875,
    64.6875,
    66.9921875,
    64.765625,
    66.0546875,
    61.5625,
    66.484375,
    65.234375,
    63.2421875,
    64.7265625,
    69.6875,
    69.375,
    71.0546875,
    66.9140625,
    68.1640625,
    68.2421875,
    63.0859375,
    69.6484375,
    65.8984375,
    71.6796875,
    65.390625,
    70.46875,
    64.21875,
    67.265625,
    71.6796875,
    70.3125,
    64.4921875,
    66.953125,
    66.9921875
  ],
  "val_loss": [
    NaN,
    NaN,
    NaN,
    NaN,
    NaN,
    NaN,
    NaN,
    NaN,
    NaN,
    5.476273190307618,
    NaN,
    NaN,
    NaN,
    NaN,
    NaN,
    NaN,
    NaN,
    NaN,
    NaN,
    4.488519318389892,
    NaN,
    NaN,
    NaN,
    NaN,
    NaN,
    NaN,
    NaN,
    NaN,
    NaN,
    4.0120900562286375,
    NaN,
    NaN,
    NaN,
    NaN,
    NaN,
    NaN,
    NaN,
    NaN,
    NaN,
    3.499733810043335,
    NaN,
    NaN,
    NaN,
    NaN,
    NaN,
    NaN,
    NaN,
    NaN,
    NaN,
    3.2444456146240235,
    NaN,
    NaN,
    NaN,
    NaN,
    NaN,
    NaN,
    NaN,
    NaN,
    NaN,
    3.1154948928833006,
    NaN,
    NaN,
    NaN,
    NaN,
    NaN,
    NaN,
    NaN,
    NaN,
    NaN,
    3.040316463088989,
    NaN,
    NaN,
    NaN,
    NaN,
    NaN,
    NaN,
    NaN,
    NaN,
    NaN,
    2.747306784057617,
    NaN,
    NaN,
    NaN,
    NaN,
    NaN,
    NaN,
    NaN,
    NaN,
    NaN,
    2.6692721046447754,
    NaN,
    NaN,
    NaN,
    NaN,
    NaN,
    NaN,
    NaN,
    NaN,
    NaN,
    2.6170409984588625
  ],
  "val_acc": [
    NaN,
    NaN,
    NaN,
    NaN,
    NaN,
    NaN,
    NaN,
    NaN,
    NaN,
    6.08,
    NaN,
    NaN,
    NaN,
    NaN,
    NaN,
    NaN,
    NaN,
    NaN,
    NaN,
    14.58,
    NaN,
    NaN,
    NaN,
    NaN,
    NaN,
    NaN,
    NaN,
    NaN,
    NaN,
    18.48,
    NaN,
    NaN,
    NaN,
    NaN,
    NaN,
    NaN,
    NaN,
    NaN,
    NaN,
    23.36,
    NaN,
    NaN,
    NaN,
    NaN,
    NaN,
    NaN,
    NaN,
    NaN,
    NaN,
    26.78,
    NaN,
    NaN,
    NaN,
    NaN,
    NaN,
    NaN,
    NaN,
    NaN,
    NaN,
    28.62,
    NaN,
    NaN,
    NaN,
    NaN,
    NaN,
    NaN,
    NaN,
    NaN,
    NaN,
    29.84,
    NaN,
    NaN,
    NaN,
    NaN,
    NaN,
    NaN,
    NaN,
    NaN,
    NaN,
    33.34,
    NaN,
    NaN,
    NaN,
    NaN,
    NaN,
    NaN,
    NaN,
    NaN,
    NaN,
    35.68,
    NaN,
    NaN,
    NaN,
    NaN,
    NaN,
    NaN,
    NaN,
    NaN,
    NaN,
    35.92
  ],
  "test_loss": [
    NaN,
    NaN,
    NaN,
    NaN,
    NaN,
    NaN,
    NaN,
    NaN,
    NaN,
    5.365460099792481,
    NaN,
    NaN,
    NaN,
    NaN,
    NaN,
    NaN,
    NaN,
    NaN,
    NaN,
    4.311696273040772,
    NaN,
    NaN,
    NaN,
    NaN,
    NaN,
    NaN,
    NaN,
    NaN,
    NaN,
    3.75124471282959,
    NaN,
    NaN,
    NaN,
    NaN,
    NaN,
    NaN,
    NaN,
    NaN,
    NaN,
    3.2109564613342285,
    NaN,
    NaN,
    NaN,
    NaN,
    NaN,
    NaN,
    NaN,
    NaN,
    NaN,
    2.8912918853759764,
    NaN,
    NaN,
    NaN,
    NaN,
    NaN,
    NaN,
    NaN,
    NaN,
    NaN,
    2.7637822204589844,
    NaN,
    NaN,
    NaN,
    NaN,
    NaN,
    NaN,
    NaN,
    NaN,
    NaN,
    2.670483393096924,
    NaN,
    NaN,
    NaN,
    NaN,
    NaN,
    NaN,
    NaN,
    NaN,
    NaN,
    2.327141694641113,
    NaN,
    NaN,
    NaN,
    NaN,
    NaN,
    NaN,
    NaN,
    NaN,
    NaN,
    2.271920700073242,
    NaN,
    NaN,
    NaN,
    NaN,
    NaN,
    NaN,
    NaN,
    NaN,
    NaN,
    2.173758674621582
  ],