{
  "round": [
    1,
    2,
    3,
    4,
    5,
    6,
    7,
    8,
    9,
    10,
    11,
    12,
    13,
    14,
    15,
    16,
    17,
    18,
    19,
    20,
    21,
    22,
    23,
    24,
    25,
    26,
    27,
    28,
    29,
    30,
    31,
    32,
    33,
    34,
    35,
    36,
    37,
    38,
    39,
    40,
    41,
    42,
    43,
    44,
    45,
    46,
    47,
    48,
    49,
    50,
    51,
    52,
    53,
    54,
    55,
    56,
    57,
    58,
    59,
    60,
    61,
    62,
    63,
    64,
    65,
    66,
    67,
    68,
    69,
    70,
    71,
    72,
    73,
    74,
    75,
    76,
    77,
    78,
    79,
    80,
    81,
    82,
    83,
    84,
    85,
    86,
    87,
    88,
    89,
    90,
    91,
    92,
    93,
    94,
    95,
    96,
    97,
    98,
    99,
    100
  ],
  "train_loss": [
    5.633343121409416,
    4.945811496675015,
    4.725486403703689,
    4.568923377990723,
    4.304774472117424,
    3.891182780265808,
    3.736812749505043,
    3.595660388469696,
    3.62312101572752,
    3.5820705994963644,
    3.400174467265606,
    3.282495115697384,
    3.128798446059227,
    2.8287775039672853,
    2.8074323162436485,
    3.002166670560837,
    2.8800880134105684,
    2.620886690914631,
    2.786841708421707,
    2.541840909421444,
    2.7756597392261027,
    2.5111520767211912,
    2.550356875360012,
    2.3378402099013327,
    2.435400241613388,
    2.3096784859895707,
    2.3528636880218983,
    2.2706948310136794,
    2.2561359547078608,
    2.08751245290041,
    2.1887427635490893,
    2.036228732019663,
    1.992387203872204,
    2.2223382271826266,
    2.1701205730438233,
    2.212480207532644,
    2.087787817418575,
    2.0608720421791076,
    1.940717701613903,
    1.9954432561993598,
    1.9527409940958023,
    1.9101987585425377,
    2.06436156257987,
    1.938190656900406,
    1.8631132878363132,
    1.826221762597561,
    1.8954894118010999,
    1.8979913659393788,
    1.8566467761993408,
    1.795762636139989,
    1.6686554431915284,
    1.84660946726799,
    1.7594415478408336,
    1.6220675475895405,
    1.733745739609003,
    1.8104906789958477,
    1.584990818426013,
    1.8248085223138333,
    1.6373557399958372,
    1.620327727496624,
    1.698434839397669,
    1.677492393553257,
    1.7475417383015155,
    1.6606266129761935,
    1.6841687723994254,
    1.6488907508552075,
    1.4988084122538567,
    1.6986690439283847,
    1.7091171473264695,
    1.5614435479044915,
    1.5058541752398014,
    1.5910613998770713,
    1.6467492572963238,
    1.5882745277136565,
    1.5732397623360157,
    1.666363424807787,
    1.552424079924822,
    1.5523476105183363,
    1.5553941763937473,
    1.4445879712700844,
    1.5857301898300649,
    1.4732575573027133,
    1.447864006459713,
    1.4891649674624206,
    1.5325338780879973,
    1.5416916757822037,
    1.459751008450985,
    1.559876772016287,
    1.524317602813244,
    1.5026924833655357,
    1.3871490333229304,
    1.4468959391117096,
    1.4256764471530914,
    1.4353913560509681,
    1.3117264125496149,
    1.3609369803220033,
    1.3685416720807553,
    1.4174371790140867,
    1.4381405241787433,
    1.426644630357623
  ],
  "train_acc": [
    8.8671875,
    12.0703125,
    12.1484375,
    13.046875,
    15.3125,
    19.921875,
    21.5234375,
    21.953125,
    21.40625,
    23.0078125,
    25.1953125,
    27.0703125,
    28.3203125,
    33.59375,
    33.59375,
    32.1875,
    32.4609375,
    37.3828125,
    33.125,
    38.515625,
    35.5859375,
    39.53125,
    37.3046875,
    40.625,
    40.3125,
    42.34375,
    42.109375,
    43.515625,
    42.265625,
    46.796875,
    45.9375,
    47.421875,
    49.8828125,
    44.2578125,
    46.25,
    43.3203125,
    46.2109375,
    48.0078125,
    51.9140625,
    48.5546875,
    49.2578125,
    50.078125,
    47.109375,
    49.9609375,
    51.6015625,
    52.4609375,
    51.5625,
    50.3125,
    51.171875,
    53.5546875,
    56.71875,
    52.9296875,
    53.3984375,
    57.3828125,
    55.46875,
    52.65625,
    57.3046875,
    52.0703125,
    56.953125,
    57.5,
    54.609375,
    56.0546875,
    53.9453125,
    56.015625,
    55.78125,
    56.2109375,
    60.3125,
    54.921875,
    54.0234375,
    58.984375,
    60.1953125,
    57.890625,
    56.484375,
    56.9921875,
    57.96875,
    54.296875,
    58.3203125,
    58.7109375,
    57.65625,
    61.953125,
    58.671875,
    60.859375,
    61.3671875,
    61.2890625,
    58.984375,
    57.890625,
    61.6015625,
    56.8359375,
    59.2578125,
    60.5859375,
    62.9296875,
    61.6015625,
    61.7578125,
    61.71875,
    64.8828125,
    63.5546875,
    62.8125,
    61.9921875,
    60.78125,
    60.4296875
  ],
  "val_loss": [
    NaN,
    NaN,
    NaN,
    NaN,
    NaN,
    NaN,
    NaN,
    NaN,
    NaN,
    4.926811581420899,
    NaN,
    NaN,
    NaN,
    NaN,
    NaN,
    NaN,
    NaN,
    NaN,
    NaN,
    3.885741485595703,
    NaN,
    NaN,
    NaN,
    NaN,
    NaN,
    NaN,
    NaN,
    NaN,
    NaN,
    3.4696035781860353,
    NaN,
    NaN,
    NaN,
    NaN,
    NaN,
    NaN,
    NaN,
    NaN,
    NaN,
    2.96039093170166,
    NaN,
    NaN,
    NaN,
    NaN,
    NaN,
    NaN,
    NaN,
    NaN,
    NaN,
    2.736642227935791,
    NaN,
    NaN,
    NaN,
    NaN,
    NaN,
    NaN,
    NaN,
    NaN,
    NaN,
    2.576448567771912,
    NaN,
    NaN,
    NaN,
    NaN,
    NaN,
    NaN,
    NaN,
    NaN,
    NaN,
    2.384778244781494,
    NaN,
    NaN,
    NaN,
    NaN,
    NaN,
    NaN,
    NaN,
    NaN,
    NaN,
    2.301417203903198,
    NaN,
    NaN,
    NaN,
    NaN,
    NaN,
    NaN,
    NaN,
    NaN,
    NaN,
    2.1553898914337157,
    NaN,
    NaN,
    NaN,
    NaN,
    NaN,
    NaN,
    NaN,
    NaN,
    NaN,
    2.1390136487960816
  ],
  "val_acc": [
    NaN,
    NaN,
    NaN,
    NaN,
    NaN,
    NaN,
    NaN,
    NaN,
    NaN,
    7.42,
    NaN,
    NaN,
    NaN,
    NaN,
    NaN,
    NaN,
    NaN,
    NaN,
    NaN,
    18.14,
    NaN,
    NaN,
    NaN,
    NaN,
    NaN,
    NaN,
    NaN,
    NaN,
    NaN,
    22.92,
    NaN,
    NaN,
    NaN,
    NaN,
    NaN,
    NaN,
    NaN,
    NaN,
    NaN,
    29.92,
    NaN,
    NaN,
    NaN,
    NaN,
    NaN,
    NaN,
    NaN,
    NaN,
    NaN,
    33.96,
    NaN,
    NaN,
    NaN,
    NaN,
    NaN,
    NaN,
    NaN,
    NaN,
    NaN,
    36.54,
    NaN,
    NaN,
    NaN,
    NaN,
    NaN,
    NaN,
    NaN,
    NaN,
    NaN,
    39.62,
    NaN,
    NaN,
    NaN,
    NaN,
    NaN,
    NaN,
    NaN,
    NaN,
    NaN,
    41.88,
    NaN,
    NaN,
    NaN,
    NaN,
    NaN,
    NaN,
    NaN,
    NaN,
    NaN,
    43.86,
    NaN,
    NaN,
    NaN,
    NaN,
    NaN,
    NaN,
    NaN,
    NaN,
    NaN,
    44.78
  ],
  "test_loss": [
    NaN,
    NaN,
    NaN,
    NaN,
    NaN,
    NaN,
    NaN,
    NaN,
    NaN,
    4.827207003021241,
    NaN,
    NaN,
    NaN,
    NaN,
    NaN,
    NaN,
    NaN,
    NaN,
    NaN,
    3.7250884925842285,
    NaN,
    NaN,
    NaN,
    NaN,
    NaN,
    NaN,
    NaN,
    NaN,
    NaN,
    3.218174588775635,
    NaN,
    NaN,
    NaN,
    NaN,
    NaN,
    NaN,
    NaN,
    NaN,
    NaN,
    2.7309177001953127,
    NaN,
    NaN,
    NaN,
    NaN,
    NaN,
    NaN,
    NaN,
    NaN,
    NaN,
    2.459893013763428,
    NaN,
    NaN,
    NaN,
    NaN,
    NaN,
    NaN,
    NaN,
    NaN,
    NaN,
    2.270308296203613,
    NaN,
    NaN,
    NaN,
    NaN,
    NaN,
    NaN,
    NaN,
    NaN,
    NaN,
    2.080774638938904,
    NaN,
    NaN,
    NaN,
    NaN,
    NaN,
    NaN,
    NaN,
    NaN,
    NaN,
    1.9560041227340699,
    NaN,
    NaN,
    NaN,
    NaN,
    NaN,
    NaN,
    NaN,
    NaN,
    NaN,
    1.8466569913864135,
    NaN,
    NaN,
    NaN,
    NaN,
    NaN,
    NaN,
    NaN,
    NaN,
    NaN,
    1.8107354177474975
  ],