{
  "round": [
    1,
    2,
    3,
    4,
    5,
    6,
    7,
    8,
    9,
    10,
    11,
    12,
    13,
    14,
    15,
    16,
    17,
    18,
    19,
    20,
    21,
    22,
    23,
    24,
    25,
    26,
    27,
    28,
    29,
    30,
    31,
    32,
    33,
    34,
    35,
    36,
    37,
    38,
    39,
    40,
    41,
    42,
    43,
    44,
    45,
    46,
    47,
    48,
    49,
    50,
    51,
    52,
    53,
    54,
    55,
    56,
    57,
    58,
    59,
    60,
    61,
    62,
    63,
    64,
    65,
    66,
    67,
    68,
    69,
    70,
    71,
    72,
    73,
    74,
    75,
    76,
    77,
    78,
    79,
    80,
    81,
    82,
    83,
    84,
    85,
    86,
    87,
    88,
    89,
    90,
    91,
    92,
    93,
    94,
    95,
    96,
    97,
    98,
    99,
    100
  ],
  "train_loss": [
    7.214826095104217,
    6.726132225990296,
    6.210902142524719,
    6.168358337879181,
    6.260069000720978,
    5.854802989959717,
    5.797058963775635,
    5.677200353145599,
    5.508917081356048,
    5.57121924161911,
    5.415994560718536,
    5.265339875221253,
    5.209546810388565,
    5.060078120231628,
    4.833798295259475,
    4.914246362447739,
    4.90933541059494,
    4.801497769355774,
    4.860550266504288,
    4.696308422088623,
    4.870790314674378,
    4.495846253633499,
    4.7469395160675045,
    4.272431260347366,
    4.489207798242569,
    4.342944604158402,
    4.309162795543671,
    4.167769712209702,
    4.3606770694255825,
    3.9503032088279726,
    4.1492055535316466,
    4.239747166633606,
    3.8426348507404327,
    4.064716559648514,
    4.12438600063324,
    4.082070994377136,
    3.9306850850582125,
    4.066859865188599,
    3.736663246154785,
    3.7624536097049712,
    3.7502746760845183,
    3.6465743124485015,
    3.8168387949466704,
    3.480170410871506,
    3.5126372426748276,
    3.636670011281967,
    3.5904771834611893,
    3.63580721616745,
    3.5052248299121858,
    3.580980008840561,
    3.3417388260364533,
    3.528864008188248,
    3.2615163803100584,
    3.299430924654007,
    3.3931752502918244,
    3.493551883101463,
    3.0621150016784666,
    3.4357772290706636,
    3.1940445005893707,
    3.197095963358879,
    3.2185503989458084,
    3.061416268348694,
    3.3130885779857637,
    3.179305723309517,
    3.288913106918335,
    3.1090076148509977,
    3.021463003754616,
    3.185538512468338,
    3.1205018758773804,
    3.0793063044548035,
    2.9301559209823607,
    3.0295882880687715,
    3.102329912781715,
    3.0601452589035034,
    3.0045686185359957,
    3.0848152458667757,
    2.948353573679924,
    2.9452512085437776,
    3.0111297756433486,
    2.8162066489458084,
    2.8720654517412187,
    2.7429740577936172,
    2.712287563085556,
    2.8817249655723574,
    2.9045500963926316,
    2.806886750459671,
    2.80727134346962,
    2.908931666612625,
    2.851811781525612,
    2.8386554598808287,
    2.6569036096334457,
    2.8092544794082643,
    2.5841181367635726,
    2.554438504576683,
    2.503443145751953,
    2.63601975440979,
    2.6657955795526505,
    2.6395848631858825,
    2.702122136950493,
    2.6642872244119644
  ],
  "train_acc": [
    1.953125,
    3.671875,
    3.671875,
    3.90625,
    3.984375,
    4.609375,
    3.671875,
    4.6875,
    4.140625,
    5.3125,
    5.3125,
    6.015625,
    6.71875,
    7.578125,
    10.0,
    9.453125,
    7.421875,
    10.078125,
    11.171875,
    10.78125,
    8.671875,
    12.1875,
    8.90625,
    14.0625,
    11.71875,
    12.34375,
    12.890625,
    15.78125,
    12.5,
    17.5,
    15.625,
    15.859375,
    19.0625,
    16.328125,
    15.625,
    16.796875,
    15.78125,
    15.625,
    18.203125,
    21.484375,
    20.0,
    20.9375,
    19.609375,
    24.921875,
    22.734375,
    19.453125,
    21.171875,
    21.09375,
    22.96875,
    22.1875,
    24.375,
    22.1875,
    27.03125,
    27.265625,
    26.484375,
    22.421875,
    27.96875,
    25.390625,
    27.34375,
    27.578125,
    25.78125,
    29.921875,
    25.9375,
    26.328125,
    27.03125,
    29.21875,
    30.390625,
    27.734375,
    28.75,
    29.6875,
    30.9375,
    29.21875,
    28.125,
    31.953125,
    29.296875,
    27.421875,
    31.09375,
    33.046875,
    30.46875,
    33.59375,
    33.4375,
    38.046875,
    36.484375,
    32.734375,
    32.421875,
    33.90625,
    34.609375,
    31.484375,
    33.59375,
    32.96875,
    36.484375,
    34.140625,
    37.421875,
    37.34375,
    38.4375,
    38.046875,
    35.546875,
    35.9375,
    35.859375,
    35.78125
  ],
  "val_loss": [
    NaN,
    NaN,
    NaN,
    NaN,
    NaN,
    NaN,
    NaN,
    NaN,
    NaN,
    5.9955874542236325,
    NaN,
    NaN,
    NaN,
    NaN,
    NaN,
    NaN,
    NaN,
    NaN,
    NaN,
    5.299814448547363,
    NaN,
    NaN,
    NaN,
    NaN,
    NaN,
    NaN,
    NaN,
    NaN,
    NaN,
    4.803817478179932,
    NaN,
    NaN,
    NaN,
    NaN,
    NaN,
    NaN,
    NaN,
    NaN,
    NaN,
    4.403470662689209,
    NaN,
    NaN,
    NaN,
    NaN,
    NaN,
    NaN,
    NaN,
    NaN,
    NaN,
    4.03815016784668,
    NaN,
    NaN,
    NaN,
    NaN,
    NaN,
    NaN,
    NaN,
    NaN,
    NaN,
    3.7535711395263673,
    NaN,
    NaN,
    NaN,
    NaN,
    NaN,
    NaN,
    NaN,
    NaN,
    NaN,
    3.54568709564209,
    NaN,
    NaN,
    NaN,
    NaN,
    NaN,
    NaN,
    NaN,
    NaN,
    NaN,
    3.317436156463623,
    NaN,
    NaN,
    NaN,
    NaN,
    NaN,
    NaN,
    NaN,
    NaN,
    NaN,
    3.1317777580261232,
    NaN,
    NaN,
    NaN,
    NaN,
    NaN,
    NaN,
    NaN,
    NaN,
    NaN,
    3.0385587242126464
  ],
  "val_acc": [
    NaN,
    NaN,
    NaN,
    NaN,
    NaN,
    NaN,
    NaN,
    NaN,
    NaN,
    2.28,
    NaN,
    NaN,
    NaN,
    NaN,
    NaN,
    NaN,
    NaN,
    NaN,
    NaN,
    4.78,
    NaN,
    NaN,
    NaN,
    NaN,
    NaN,
    NaN,
    NaN,
    NaN,
    NaN,
    8.28,
    NaN,
    NaN,
    NaN,
    NaN,
    NaN,
    NaN,
    NaN,
    NaN,
    NaN,
    12.16,
    NaN,
    NaN,
    NaN,
    NaN,
    NaN,
    NaN,
    NaN,
    NaN,
    NaN,
    15.14,
    NaN,
    NaN,
    NaN,
    NaN,
    NaN,
    NaN,
    NaN,
    NaN,
    NaN,
    19.54,
    NaN,
    NaN,
    NaN,
    NaN,
    NaN,
    NaN,
    NaN,
    NaN,
    NaN,
    21.66,
    NaN,
    NaN,
    NaN,
    NaN,
    NaN,
    NaN,
    NaN,
    NaN,
    NaN,
    25.26,
    NaN,
    NaN,
    NaN,
    NaN,
    NaN,
    NaN,
    NaN,
    NaN,
    NaN,
    27.24,
    NaN,
    NaN,
    NaN,
    NaN,
    NaN,
    NaN,
    NaN,
    NaN,
    NaN,
    30.42
  ],
  "test_loss": [
    NaN,
    NaN,
    NaN,
    NaN,
    NaN,
    NaN,
    NaN,
    NaN,
    NaN,
    6.035587516784668,
    NaN,
    NaN,
    NaN,
    NaN,
    NaN,
    NaN,
    NaN,
    NaN,
    NaN,
    5.275371900939941,
    NaN,
    NaN,
    NaN,
    NaN,
    NaN,
    NaN,
    NaN,
    NaN,
    NaN,
    4.703185540390015,
    NaN,
    NaN,
    NaN,
    NaN,
    NaN,
    NaN,
    NaN,
    NaN,
    NaN,
    4.233798767852783,
    NaN,
    NaN,
    NaN,
    NaN,
    NaN,
    NaN,
    NaN,
    NaN,
    NaN,
    3.857338377380371,
    NaN,
    NaN,
    NaN,
    NaN,
    NaN,
    NaN,
    NaN,
    NaN,
    NaN,
    3.512116441345215,
    NaN,
    NaN,
    NaN,
    NaN,
    NaN,
    NaN,
    NaN,
    NaN,
    NaN,
    3.264363215637207,
    NaN,
    NaN,
    NaN,
    NaN,
    NaN,
    NaN,
    NaN,
    NaN,
    NaN,
    3.070333997344971,
    NaN,
    NaN,
    NaN,
    NaN,
    NaN,
    NaN,
    NaN,
    NaN,
    NaN,
    2.840119683837891,
    NaN,
    NaN,
    NaN,
    NaN,
    NaN,
    NaN,
    NaN,
    NaN,
    NaN,
    2.7515114654541017
  ],