{
  "round": [
    1,
    2,
    3,
    4,
    5,
    6,
    7,
    8,
    9,
    10,
    11,
    12,
    13,
    14,
    15,
    16,
    17,
    18,
    19,
    20,
    21,
    22,
    23,
    24,
    25,
    26,
    27,
    28,
    29,
    30,
    31,
    32,
    33,
    34,
    35,
    36,
    37,
    38,
    39,
    40,
    41,
    42,
    43,
    44,
    45,
    46,
    47,
    48,
    49,
    50,
    51,
    52,
    53,
    54,
    55,
    56,
    57,
    58,
    59,
    60,
    61,
    62,
    63,
    64,
    65,
    66,
    67,
    68,
    69,
    70,
    71,
    72,
    73,
    74,
    75,
    76,
    77,
    78,
    79,
    80,
    81,
    82,
    83,
    84,
    85,
    86,
    87,
    88,
    89,
    90,
    91,
    92,
    93,
    94,
    95,
    96,
    97,
    98,
    99,
    100
  ],
  "train_loss": [
    7.885805058479309,
    7.327170705795288,
    7.08843103647232,
    6.9475631475448605,
    6.530667853355408,
    6.5094305038452145,
    6.469019532203674,
    6.2218160152435305,
    6.218147230148316,
    5.970926558971405,
    5.935172355175018,
    5.911873173713684,
    5.729465341567993,
    5.7035299897193905,
    5.591882443428039,
    5.39056476354599,
    5.467739295959473,
    5.32549911737442,
    5.301445579528808,
    5.289076924324036,
    5.309477818012238,
    5.144424891471862,
    5.133177781105042,
    4.93043338060379,
    5.010890758037567,
    4.9466726899147035,
    4.913714265823364,
    4.832424414157868,
    4.767841559648514,
    4.634508752822876,
    4.766676497459412,
    4.66054864525795,
    4.61266964673996,
    4.550596433877945,
    4.538608199357986,
    4.497534775733948,
    4.416701853275299,
    4.417025023698807,
    4.311992257833481,
    4.346165239810944,
    4.26183066368103,
    4.390147382020951,
    4.292693722248077,
    4.102500396966934,
    4.019036072492599,
    4.159803861379624,
    4.001000171899795,
    4.106804358959198,
    4.036251032352448,
    3.9273584961891173,
    4.037245482206345,
    3.8299030125141145,
    3.92155539393425,
    3.8187191784381866,
    3.8183733940124513,
    3.8581364333629606,
    3.7938077449798584,
    3.8184179782867433,
    3.6630794763565064,
    3.691253477334976,
    3.7369626820087434,
    3.6771599113941194,
    3.608818143606186,
    3.6170472502708435,
    3.551402336359024,
    3.545548361539841,
    3.5310280561447143,
    3.421592593193054,
    3.5187476754188536,
    3.4436649858951567,
    3.374046629667282,
    3.4238076329231264,
    3.43302498459816,
    3.3912028908729552,
    3.4176869988441467,
    3.3331871747970583,
    3.329370433092117,
    3.349013179540634,
    3.314457416534424,
    3.339356517791748,
    3.242301505804062,
    3.2971880614757536,
    3.157366174459457,
    3.2002784252166747,
    3.1284493505954742,
    3.093302148580551,
    3.189400961995125,
    3.2396899104118346,
    3.1451928496360777,
    3.190706467628479,
    2.979609715938568,
    3.0637512385845183,
    3.034654641151428,
    3.085893225669861,
    2.980823928117752,
    2.984464865922928,
    3.064878797531128,
    3.022866648435593,
    3.003183627128601,
    3.0464855551719667
  ],
  "train_acc": [
    1.015625,
    1.171875,
    1.25,
    1.015625,
    1.953125,
    2.03125,
    1.71875,
    1.5625,
    2.1875,
    2.5,
    2.265625,
    1.640625,
    2.96875,
    2.578125,
    3.671875,
    4.921875,
    4.0625,
    4.765625,
    4.609375,
    5.078125,
    4.921875,
    5.234375,
    6.40625,
    6.953125,
    6.015625,
    6.25,
    7.5,
    6.5625,
    7.1875,
    8.4375,
    8.671875,
    10.078125,
    9.609375,
    10.15625,
    8.984375,
    10.078125,
    10.703125,
    11.25,
    11.953125,
    10.78125,
    12.734375,
    10.3125,
    11.09375,
    14.765625,
    14.6875,
    12.5,
    13.828125,
    13.671875,
    15.234375,
    15.3125,
    15.390625,
    16.796875,
    15.546875,
    17.890625,
    17.5,
    17.03125,
    16.015625,
    17.8125,
    19.84375,
    19.0625,
    19.0625,
    18.90625,
    19.921875,
    19.375,
    20.703125,
    20.0,
    21.25,
    22.03125,
    20.0,
    23.4375,
    23.984375,
    22.578125,
    21.875,
    23.046875,
    23.828125,
    23.59375,
    24.296875,
    23.671875,
    25.3125,
    24.0625,
    24.6875,
    24.296875,
    27.34375,
    25.078125,
    28.828125,
    27.109375,
    25.15625,
    25.78125,
    25.15625,
    25.703125,
    30.15625,
    27.5,
    29.84375,
    28.359375,
    29.921875,
    28.984375,
    29.140625,
    28.828125,
    28.90625,
    28.4375
  ],
  "val_loss": [
    NaN,
    NaN,
    NaN,
    NaN,
    NaN,
    NaN,
    NaN,
    NaN,
    NaN,
    5.733417140197754,
    NaN,
    NaN,
    NaN,
    NaN,
    NaN,
    NaN,
    NaN,
    NaN,
    NaN,
    5.067074612426758,
    NaN,
    NaN,
    NaN,
    NaN,
    NaN,
    NaN,
    NaN,
    NaN,
    NaN,
    4.503183746337891,
    NaN,
    NaN,
    NaN,
    NaN,
    NaN,
    NaN,
    NaN,
    NaN,
    NaN,
    4.086990531921387,
    NaN,
    NaN,
    NaN,
    NaN,
    NaN,
    NaN,
    NaN,
    NaN,
    NaN,
    3.7959832389831543,
    NaN,
    NaN,
    NaN,
    NaN,
    NaN,
    NaN,
    NaN,
    NaN,
    NaN,
    3.4830434547424316,
    NaN,
    NaN,
    NaN,
    NaN,
    NaN,
    NaN,
    NaN,
    NaN,
    NaN,
    3.2722917892456054,
    NaN,
    NaN,
    NaN,
    NaN,
    NaN,
    NaN,
    NaN,
    NaN,
    NaN,
    3.0705821212768556,
    NaN,
    NaN,
    NaN,
    NaN,
    NaN,
    NaN,
    NaN,
    NaN,
    NaN,
    2.9389291721343995,
    NaN,
    NaN,
    NaN,
    NaN,
    NaN,
    NaN,
    NaN,
    NaN,
    NaN,
    2.796066045188904
  ],
  "val_acc": [
    NaN,
    NaN,
    NaN,
    NaN,
    NaN,
    NaN,
    NaN,
    NaN,
    NaN,
    2.28,
    NaN,
    NaN,
    NaN,
    NaN,
    NaN,
    NaN,
    NaN,
    NaN,
    NaN,
    5.34,
    NaN,
    NaN,
    NaN,
    NaN,
    NaN,
    NaN,
    NaN,
    NaN,
    NaN,
    9.08,
    NaN,
    NaN,
    NaN,
    NaN,
    NaN,
    NaN,
    NaN,
    NaN,
    NaN,
    13.86,
    NaN,
    NaN,
    NaN,
    NaN,
    NaN,
    NaN,
    NaN,
    NaN,
    NaN,
    16.86,
    NaN,
    NaN,
    NaN,
    NaN,
    NaN,
    NaN,
    NaN,
    NaN,
    NaN,
    21.34,
    NaN,
    NaN,
    NaN,
    NaN,
    NaN,
    NaN,
    NaN,
    NaN,
    NaN,
    24.48,
    NaN,
    NaN,
    NaN,
    NaN,
    NaN,
    NaN,
    NaN,
    NaN,
    NaN,
    27.96,
    NaN,
    NaN,
    NaN,
    NaN,
    NaN,
    NaN,
    NaN,
    NaN,
    NaN,
    30.18,
    NaN,
    NaN,
    NaN,
    NaN,
    NaN,
    NaN,
    NaN,
    NaN,
    NaN,
    32.22
  ],
  "test_loss": [
    NaN,
    NaN,
    NaN,
    NaN,
    NaN,
    NaN,
    NaN,
    NaN,
    NaN,
    5.752354836273193,
    NaN,
    NaN,
    NaN,
    NaN,
    NaN,
    NaN,
    NaN,
    NaN,
    NaN,
    4.980600129699707,
    NaN,
    NaN,
    NaN,
    NaN,
    NaN,
    NaN,
    NaN,
    NaN,
    NaN,
    4.378782932281494,
    NaN,
    NaN,
    NaN,
    NaN,
    NaN,
    NaN,
    NaN,
    NaN,
    NaN,
    3.9241422790527345,
    NaN,
    NaN,
    NaN,
    NaN,
    NaN,
    NaN,
    NaN,
    NaN,
    NaN,
    3.566170140838623,
    NaN,
    NaN,
    NaN,
    NaN,
    NaN,
    NaN,
    NaN,
    NaN,
    NaN,
    3.2545261161804198,
    NaN,
    NaN,
    NaN,
    NaN,
    NaN,
    NaN,
    NaN,
    NaN,
    NaN,
    3.015440964126587,
    NaN,
    NaN,
    NaN,
    NaN,
    NaN,
    NaN,
    NaN,
    NaN,
    NaN,
    2.813535149383545,
    NaN,
    NaN,
    NaN,
    NaN,
    NaN,
    NaN,
    NaN,
    NaN,
    NaN,
    2.6468992088317873,
    NaN,
    NaN,
    NaN,
    NaN,
    NaN,
    NaN,
    NaN,
    NaN,
    NaN,
    2.5255476211547854
  ],