{
  "round": [
    1,
    2,
    3,
    4,
    5,
    6,
    7,
    8,
    9,
    10,
    11,
    12,
    13,
    14,
    15,
    16,
    17,
    18,
    19,
    20,
    21,
    22,
    23,
    24,
    25,
    26,
    27,
    28,
    29,
    30,
    31,
    32,
    33,
    34,
    35,
    36,
    37,
    38,
    39,
    40,
    41,
    42,
    43,
    44,
    45,
    46,
    47,
    48,
    49,
    50,
    51,
    52,
    53,
    54,
    55,
    56,
    57,
    58,
    59,
    60,
    61,
    62,
    63,
    64,
    65,
    66,
    67,
    68,
    69,
    70,
    71,
    72,
    73,
    74,
    75,
    76,
    77,
    78,
    79,
    80,
    81,
    82,
    83,
    84,
    85,
    86,
    87,
    88,
    89,
    90,
    91,
    92,
    93,
    94,
    95,
    96,
    97,
    98,
    99,
    100
  ],
  "train_loss": [
    7.448715794086456,
    6.605359643697739,
    6.280887019634247,
    5.951349085569381,
    5.662156438827514,
    5.443927073478699,
    5.230436027050018,
    5.051433941721916,
    4.813404425978661,
    4.739550796151161,
    4.7185816168785095,
    4.459891474246978,
    4.297727194428444,
    4.252220988273621,
    4.005356776714325,
    3.959220936894417,
    3.856194108724594,
    3.8112732768058777,
    3.682753065228462,
    3.6106660842895506,
    3.4229455411434175,
    3.4654932260513305,
    3.4108104944229125,
    3.426667368412018,
    3.225163993239403,
    3.288104084134102,
    3.204554682970047,
    3.0820441246032715,
    3.1065944731235504,
    3.03075196146965,
    2.9868942528963087,
    3.019120678305626,
    2.8939251571893694,
    2.9254412710666657,
    2.848678532242775,
    2.8085079222917555,
    2.8191575303673746,
    2.7249860644340513,
    2.7719980627298355,
    2.685613450407982,
    2.7122562676668167,
    2.7409530505537987,
    2.6543867349624635,
    2.5363407909870146,
    2.5338508754968645,
    2.5449478060007094,
    2.5827377438545227,
    2.540503999590874,
    2.5175322145223618,
    2.484450677037239,
    2.5208432927727698,
    2.4346170738339423,
    2.4036287024617193,
    2.417148967087269,
    2.412442509829998,
    2.377725699543953,
    2.3493008837103844,
    2.3815720826387405,
    2.3220460265874863,
    2.3758972004055976,
    2.281268593668938,
    2.2295160219073296,
    2.285273499786854,
    2.2859674036502837,
    2.265362802147865,
    2.203570009768009,
    2.2128809213638307,
    2.1787762895226477,
    2.2310008972883226,
    2.15261332988739,
    2.08448441028595,
    2.1284966096282005,
    2.17141030728817,
    2.1163037389516832,
    2.0427395388484,
    2.11031411588192,
    2.053207328915596,
    2.0938013181090356,
    2.060553215444088,
    2.057735189795494,
    2.111501806974411,
    2.0427719816565513,
    2.047480358183384,
    1.9919964253902436,
    2.030903548002243,
    1.9633951142430306,
    1.985960851609707,
    2.0300090119242666,
    1.9963501155376435,
    1.9605847775936127,
    2.007460778951645,
    1.8727609351277352,
    1.9561745151877403,
    1.988647846877575,
    1.9287956714630128,
    1.9218160316348076,
    1.9500771179795264,
    1.910217933356762,
    1.928535060584545,
    1.941918857395649
  ],
  "train_acc": [
    1.328125,
    1.796875,
    2.109375,
    2.734375,
    3.4375,
    4.4140625,
    5.4296875,
    5.5078125,
    7.96875,
    8.9453125,
    9.0625,
    9.7265625,
    10.9375,
    12.3828125,
    15.5078125,
    16.2890625,
    18.046875,
    16.8359375,
    19.375,
    19.765625,
    23.0859375,
    22.65625,
    21.328125,
    22.3828125,
    26.2109375,
    24.8828125,
    25.234375,
    29.1796875,
    27.0703125,
    27.9296875,
    30.1171875,
    30.15625,
    31.6796875,
    30.3125,
    31.2890625,
    31.4453125,
    31.5234375,
    34.8046875,
    32.5390625,
    33.9453125,
    34.453125,
    34.375,
    33.7890625,
    36.7578125,
    37.421875,
    37.265625,
    37.265625,
    37.1875,
    37.5390625,
    39.21875,
    37.3046875,
    39.375,
    40.703125,
    39.609375,
    39.4921875,
    39.609375,
    40.625,
    39.4140625,
    40.4296875,
    40.234375,
    42.421875,
    43.4375,
    42.5,
    41.71875,
    42.6953125,
    44.8046875,
    43.828125,
    43.7109375,
    43.90625,
    45.1953125,
    46.71875,
    44.6875,
    44.4140625,
    45.78125,
    47.5390625,
    45.078125,
    46.0546875,
    46.25,
    47.8125,
    48.0078125,
    45.3125,
    47.1875,
    46.8359375,
    48.0078125,
    47.6953125,
    48.7890625,
    47.8125,
    46.640625,
    48.515625,
    48.2421875,
    48.5546875,
    49.4140625,
    48.359375,
    48.0859375,
    50.0,
    48.5546875,
    49.1796875,
    48.3984375,
    48.671875,
    49.921875
  ],
  "val_loss": [
    NaN,
    NaN,
    NaN,
    NaN,
    NaN,
    NaN,
    NaN,
    NaN,
    NaN,
    4.5123673309326175,
    NaN,
    NaN,
    NaN,
    NaN,
    NaN,
    NaN,
    NaN,
    NaN,
    NaN,
    3.48241859664917,
    NaN,
    NaN,
    NaN,
    NaN,
    NaN,
    NaN,
    NaN,
    NaN,
    NaN,
    2.925615451812744,
    NaN,
    NaN,
    NaN,
    NaN,
    NaN,
    NaN,
    NaN,
    NaN,
    NaN,
    2.598963946914673,
    NaN,
    NaN,
    NaN,
    NaN,
    NaN,
    NaN,
    NaN,
    NaN,
    NaN,
    2.3938858406066896,
    NaN,
    NaN,
    NaN,
    NaN,
    NaN,
    NaN,
    NaN,
    NaN,
    NaN,
    2.20373100605011,
    NaN,
    NaN,
    NaN,
    NaN,
    NaN,
    NaN,
    NaN,
    NaN,
    NaN,
    2.111129553318024,
    NaN,
    NaN,
    NaN,
    NaN,
    NaN,
    NaN,
    NaN,
    NaN,
    NaN,
    2.03785513420105,
    NaN,
    NaN,
    NaN,
    NaN,
    NaN,
    NaN,
    NaN,
    NaN,
    NaN,
    1.9353148209571838,
    NaN,
    NaN,
    NaN,
    NaN,
    NaN,
    NaN,
    NaN,
    NaN,
    NaN,
    1.8850793569564819
  ],
  "val_acc": [
    NaN,
    NaN,
    NaN,
    NaN,
    NaN,
    NaN,
    NaN,
    NaN,
    NaN,
    9.44,
    NaN,
    NaN,
    NaN,
    NaN,
    NaN,
    NaN,
    NaN,
    NaN,
    NaN,
    20.64,
    NaN,
    NaN,
    NaN,
    NaN,
    NaN,
    NaN,
    NaN,
    NaN,
    NaN,
    30.38,
    NaN,
    NaN,
    NaN,
    NaN,
    NaN,
    NaN,
    NaN,
    NaN,
    NaN,
    35.46,
    NaN,
    NaN,
    NaN,
    NaN,
    NaN,
    NaN,
    NaN,
    NaN,
    NaN,
    38.9,
    NaN,
    NaN,
    NaN,
    NaN,
    NaN,
    NaN,
    NaN,
    NaN,
    NaN,
    42.88,
    NaN,
    NaN,
    NaN,
    NaN,
    NaN,
    NaN,
    NaN,
    NaN,
    NaN,
    45.36,
    NaN,
    NaN,
    NaN,
    NaN,
    NaN,
    NaN,
    NaN,
    NaN,
    NaN,
    47.32,
    NaN,
    NaN,
    NaN,
    NaN,
    NaN,
    NaN,
    NaN,
    NaN,
    NaN,
    48.54,
    NaN,
    NaN,
    NaN,
    NaN,
    NaN,
    NaN,
    NaN,
    NaN,
    NaN,
    50.76
  ],
  "test_loss": [
    NaN,
    NaN,
    NaN,
    NaN,
    NaN,
    NaN,
    NaN,
    NaN,
    NaN,
    4.416219465637207,
    NaN,
    NaN,
    NaN,
    NaN,
    NaN,
    NaN,
    NaN,
    NaN,
    NaN,
    3.2133070552825926,
    NaN,
    NaN,
    NaN,
    NaN,
    NaN,
    NaN,
    NaN,
    NaN,
    NaN,
    2.643065412902832,
    NaN,
    NaN,
    NaN,
    NaN,
    NaN,
    NaN,
    NaN,
    NaN,
    NaN,
    2.267633018875122,
    NaN,
    NaN,
    NaN,
    NaN,
    NaN,
    NaN,
    NaN,
    NaN,
    NaN,
    2.039007050704956,
    NaN,
    NaN,
    NaN,
    NaN,
    NaN,
    NaN,
    NaN,
    NaN,
    NaN,
    1.870649806213379,
    NaN,
    NaN,
    NaN,
    NaN,
    NaN,
    NaN,
    NaN,
    NaN,
    NaN,
    1.7645160694122315,
    NaN,
    NaN,
    NaN,
    NaN,
    NaN,
    NaN,
    NaN,
    NaN,
    NaN,
    1.6777760858535766,
    NaN,
    NaN,
    NaN,
    NaN,
    NaN,
    NaN,
    NaN,
    NaN,
    NaN,
    1.6008203798294067,
    NaN,
    NaN,
    NaN,
    NaN,
    NaN,
    NaN,
    NaN,
    NaN,
    NaN,
    1.5399298133850097
  ],