{
  "round": [
    1,
    2,
    3,
    4,
    5,
    6,
    7,
    8,
    9,
    10,
    11,
    12,
    13,
    14,
    15,
    16,
    17,
    18,
    19,
    20,
    21,
    22,
    23,
    24,
    25,
    26,
    27,
    28,
    29,
    30,
    31,
    32,
    33,
    34,
    35,
    36,
    37,
    38,
    39,
    40,
    41,
    42,
    43,
    44,
    45,
    46,
    47,
    48,
    49,
    50,
    51,
    52,
    53,
    54,
    55,
    56,
    57,
    58,
    59,
    60,
    61,
    62,
    63,
    64,
    65,
    66,
    67,
    68,
    69,
    70,
    71,
    72,
    73,
    74,
    75,
    76,
    77,
    78,
    79,
    80,
    81,
    82,
    83,
    84,
    85,
    86,
    87,
    88,
    89,
    90,
    91,
    92,
    93,
    94,
    95,
    96,
    97,
    98,
    99,
    100
  ],
  "train_loss": [
    0.7830754181648099,
    1.0342038405305527,
    0.7885129526065409,
    1.1226292493568577,
    0.976306817708085,
    1.1021521019274165,
    1.483735394212803,
    0.6536125910785757,
    1.0716834536596178,
    0.7427889391289781,
    0.7296276889421517,
    0.709967600752297,
    0.5266959973405851,
    0.8057784111656299,
    0.521154164932248,
    0.7586158733203968,
    0.5907646166179571,
    0.5617341274711952,
    0.44933614595539345,
    0.49778747622622505,
    0.7151550397108813,
    0.3208355854319937,
    0.4903161623872065,
    0.5560455814812346,
    0.38667133879928167,
    0.5646224092404853,
    0.4679015820794728,
    0.7325300741283413,
    0.35471604432480114,
    0.35550439557173413,
    0.486212751164139,
    0.44871934298174987,
    0.3929769215265369,
    0.38318939401570984,
    0.42988578569842745,
    0.38239135439445626,
    0.4176995768168978,
    0.7449752270290746,
    0.41557727217791235,
    0.6498776127707176,
    0.6092687864207752,
    0.6509166646834594,
    0.5792903290138075,
    0.36364580558331694,
    0.2810787159174497,
    0.33792318778559527,
    0.33209022798329874,
    0.3261071697086731,
    0.3776707522904311,
    0.5151444939537919,
    0.3397997484408209,
    0.6213237382757523,
    0.27208476228370826,
    0.23078488658658264,
    0.26765140616952926,
    0.6240551652989165,
    0.41491303975543425,
    0.2951975113402537,
    0.34090010040592056,
    0.33637778457897466,
    0.4050419933383,
    0.5325383212848215,
    0.48133425861507356,
    0.310687020429009,
    0.31961718522773613,
    0.2877823567683967,
    0.30191659202017673,
    0.19475815861658272,
    0.401452560892415,
    0.36788334597069694,
    0.21767247911556878,
    0.20848540409469757,
    0.2779689591094855,
    0.2851418139028549,
    0.42245392119210656,
    0.2849053138688319,
    0.2601230686927635,
    0.3255583333422516,
    0.33441422536116094,
    0.39099124003610475,
    0.3357432325157762,
    0.2412209207426658,
    0.4898368421371179,
    0.4419321574532127,
    0.4892876399099307,
    0.30302608737389336,
    0.24098578904401863,
    0.2586470264100484,
    0.31275600232326706,
    0.25134919295880637,
    0.23122140357813356,
    0.2882780866536563,
    0.2507826805865111,
    0.27077232929760187,
    0.21800802652959922,
    0.273524766786987,
    0.170190434377708,
    0.47307304943506373,
    0.3652712345540064,
    0.2575951786464825
  ],
  "train_acc": [
    88.45703125,
    87.265625,
    88.75,
    87.578125,
    88.65234375,
    88.1640625,
    85.9375,
    89.53125,
    86.97265625,
    89.6875,
    89.609375,
    89.2578125,
    91.015625,
    88.73046875,
    91.2109375,
    89.1015625,
    90.33203125,
    90.83984375,
    91.1328125,
    90.8203125,
    89.98046875,
    93.06640625,
    91.42578125,
    90.83984375,
    91.58203125,
    90.6640625,
    91.38671875,
    89.94140625,
    92.48046875,
    92.94921875,
    91.09375,
    91.875,
    92.67578125,
    92.2265625,
    92.01171875,
    93.30078125,
    92.94921875,
    91.15234375,
    91.89453125,
    90.72265625,
    91.796875,
    90.41015625,
    90.390625,
    92.71484375,
    94.08203125,
    93.37890625,
    92.9296875,
    93.3203125,
    91.953125,
    91.328125,
    93.0859375,
    92.2265625,
    94.04296875,
    94.39453125,
    93.671875,
    90.3515625,
    91.97265625,
    93.0078125,
    92.734375,
    92.421875,
    92.1875,
    92.34375,
    91.3671875,
    94.12109375,
    93.65234375,
    93.33984375,
    93.3984375,
    94.82421875,
    92.3046875,
    92.40234375,
    94.84375,
    94.86328125,
    93.73046875,
    93.53515625,
    92.65625,
    93.45703125,
    93.4375,
    92.7734375,
    92.91015625,
    91.97265625,
    93.1640625,
    93.88671875,
    92.109375,
    92.3046875,
    92.421875,
    93.203125,
    94.53125,
    93.6328125,
    93.49609375,
    94.12109375,
    94.66796875,
    93.57421875,
    93.84765625,
    93.59375,
    94.90234375,
    94.04296875,
    95.390625,
    91.81640625,
    93.4375,
    93.84765625
  ],
  "val_loss": [
    NaN,
    NaN,
    NaN,
    NaN,
    NaN,
    NaN,
    NaN,
    NaN,
    NaN,
    8.644591850280761,
    NaN,
    NaN,
    NaN,
    NaN,
    NaN,
    NaN,
    NaN,
    NaN,
    NaN,
    8.358368414306641,
    NaN,
    NaN,
    NaN,
    NaN,
    NaN,
    NaN,
    NaN,
    NaN,
    NaN,
    8.626162957763672,
    NaN,
    NaN,
    NaN,
    NaN,
    NaN,
    NaN,
    NaN,
    NaN,
    NaN,
    7.866749279785156,
    NaN,
    NaN,
    NaN,
    NaN,
    NaN,
    NaN,
    NaN,
    NaN,
    NaN,
    7.777026545715332,
    NaN,
    NaN,
    NaN,
    NaN,
    NaN,
    NaN,
    NaN,
    NaN,
    NaN,
    8.882968338012695,
    NaN,
    NaN,
    NaN,
    NaN,
    NaN,
    NaN,
    NaN,
    NaN,
    NaN,
    6.670297213745117,
    NaN,
    NaN,
    NaN,
    NaN,
    NaN,
    NaN,
    NaN,
    NaN,
    NaN,
    6.700966429138184,
    NaN,
    NaN,
    NaN,
    NaN,
    NaN,
    NaN,
    NaN,
    NaN,
    NaN,
    6.541130908203125,
    NaN,
    NaN,
    NaN,
    NaN,
    NaN,
    NaN,
    NaN,
    NaN,
    NaN,
    7.131857145690918
  ],
  "val_acc": [
    NaN,
    NaN,
    NaN,
    NaN,
    NaN,
    NaN,
    NaN,
    NaN,
    NaN,
    5.5,
    NaN,
    NaN,
    NaN,
    NaN,
    NaN,
    NaN,
    NaN,
    NaN,
    NaN,
    7.48,
    NaN,
    NaN,
    NaN,
    NaN,
    NaN,
    NaN,
    NaN,
    NaN,
    NaN,
    8.36,
    NaN,
    NaN,
    NaN,
    NaN,
    NaN,
    NaN,
    NaN,
    NaN,
    NaN,
    11.34,
    NaN,
    NaN,
    NaN,
    NaN,
    NaN,
    NaN,
    NaN,
    NaN,
    NaN,
    14.06,
    NaN,
    NaN,
    NaN,
    NaN,
    NaN,
    NaN,
    NaN,
    NaN,
    NaN,
    8.32,
    NaN,
    NaN,
    NaN,
    NaN,
    NaN,
    NaN,
    NaN,
    NaN,
    NaN,
    18.6,
    NaN,
    NaN,
    NaN,
    NaN,
    NaN,
    NaN,
    NaN,
    NaN,
    NaN,
    19.96,
    NaN,
    NaN,
    NaN,
    NaN,
    NaN,
    NaN,
    NaN,
    NaN,
    NaN,
    21.76,
    NaN,
    NaN,
    NaN,
    NaN,
    NaN,
    NaN,
    NaN,
    NaN,
    NaN,
    20.4
  ],
  "test_loss": [
    NaN,
    NaN,
    NaN,
    NaN,
    NaN,
    NaN,
    NaN,
    NaN,
    NaN,
    8.120373461914063,
    NaN,
    NaN,
    NaN,
    NaN,
    NaN,
    NaN,
    NaN,
    NaN,
    NaN,
    8.113688073730469,
    NaN,
    NaN,
    NaN,
    NaN,
    NaN,
    NaN,
    NaN,
    NaN,
    NaN,
    8.08206717224121,
    NaN,
    NaN,
    NaN,
    NaN,
    NaN,
    NaN,
    NaN,
    NaN,
    NaN,
    7.544447186279297,
    NaN,
    NaN,
    NaN,
    NaN,
    NaN,
    NaN,
    NaN,
    NaN,
    NaN,
    7.557645073699951,
    NaN,
    NaN,
    NaN,
    NaN,
    NaN,
    NaN,
    NaN,
    NaN,
    NaN,
    8.30164998397827,
    NaN,
    NaN,
    NaN,
    NaN,
    NaN,
    NaN,
    NaN,
    NaN,
    NaN,
    6.561141495513916,
    NaN,
    NaN,
    NaN,
    NaN,
    NaN,
    NaN,
    NaN,
    NaN,
    NaN,
    6.412108320617675,
    NaN,
    NaN,
    NaN,
    NaN,
    NaN,
    NaN,
    NaN,
    NaN,
    NaN,
    6.43681674118042,
    NaN,
    NaN,
    NaN,
    NaN,
    NaN,
    NaN,
    NaN,
    NaN,
    NaN,
    6.958595918273926
  ],