{
  "round": [
    1,
    2,
    3,
    4,
    5,
    6,
    7,
    8,
    9,
    10,
    11,
    12,
    13,
    14,
    15,
    16,
    17,
    18,
    19,
    20,
    21,
    22,
    23,
    24,
    25,
    26,
    27,
    28,
    29,
    30,
    31,
    32,
    33,
    34,
    35,
    36,
    37,
    38,
    39,
    40,
    41,
    42,
    43,
    44,
    45,
    46,
    47,
    48,
    49,
    50,
    51,
    52,
    53,
    54,
    55,
    56,
    57,
    58,
    59,
    60,
    61,
    62,
    63,
    64,
    65,
    66,
    67,
    68,
    69,
    70,
    71,
    72,
    73,
    74,
    75,
    76,
    77,
    78,
    79,
    80,
    81,
    82,
    83,
    84,
    85,
    86,
    87,
    88,
    89,
    90,
    91,
    92,
    93,
    94,
    95,
    96,
    97,
    98,
    99,
    100
  ],
  "train_loss": [
    2.6673913420177997,
    2.260133685078472,
    2.437309625186026,
    1.9852858186233788,
    2.351312336139381,
    2.005154851451516,
    1.9163595229387282,
    1.6605466475710273,
    1.9039577177725733,
    1.7544057557359338,
    1.4765838334336876,
    1.4248244358226656,
    1.5661357735283672,
    1.43657708177343,
    1.4437852887436748,
    1.518127084057778,
    1.436032341606915,
    1.304528552480042,
    1.1462068976834416,
    1.2326696963980794,
    1.1385914323385804,
    1.2048581052571534,
    1.1267667976208031,
    1.1810100076487289,
    1.1264989756513386,
    0.9512830135878175,
    1.1860728262923659,
    0.8938272502273321,
    1.1051290590316056,
    1.1816340368473903,
    0.9493830963969231,
    0.9420613834634424,
    0.823200830258429,
    0.9698557416908443,
    0.9960487255826592,
    1.1483316189143806,
    0.9263906547799706,
    1.0158796971663833,
    0.9292673581279814,
    1.0516120003536344,
    0.9474552850937471,
    1.0359650640981273,
    0.8984868851024658,
    0.8387400060426444,
    0.8313929462805391,
    0.7791211760602892,
    0.8546038413420319,
    1.0570950611960144,
    0.879144937498495,
    0.8429683317430318,
    0.7502332912292331,
    0.7441787470597774,
    0.8146768976235762,
    0.7646762376651168,
    0.891847362741828,
    0.8102891316637397,
    0.8975593852926977,
    0.7785201748134568,
    0.7497489941073582,
    0.7196601157076656,
    0.792082368209958,
    0.8087996843736619,
    0.8759727862663567,
    0.7868989137466997,
    0.8165636443998665,
    0.7693417766829953,
    0.6633651432581246,
    0.711209835158661,
    0.8587716745212675,
    0.6835032426053658,
    0.7274472240824252,
    0.6975199843291193,
    0.7172845786903054,
    0.7092978737433441,
    0.7382291585206986,
    0.7893201932776719,
    0.7971481041051447,
    0.6319727813825011,
    0.7560993389692158,
    0.7999133340083062,
    0.7815543970791623,
    0.5966562535380945,
    0.6733517069602385,
    0.6263631613459438,
    0.7284447129815816,
    0.7192992866272107,
    0.7344498917227611,
    0.806369604554493,
    0.6461393899284303,
    0.7538890388328582,
    0.6069477775017731,
    0.7521938696037977,
    0.6670905580045655,
    0.768262722180225,
    0.6771647196030244,
    0.6272188560571521,
    0.6408061080845073,
    0.7810141572903376,
    0.6674584284191951,
    0.6699521190021187
  ],
  "train_acc": [
    45.13671875,
    51.07421875,
    50.390625,
    55.33203125,
    51.328125,
    54.5703125,
    53.671875,
    58.73046875,
    56.46484375,
    57.75390625,
    61.8359375,
    63.7890625,
    61.5234375,
    62.7734375,
    64.2578125,
    62.5390625,
    61.640625,
    65.52734375,
    70.5078125,
    66.5234375,
    68.28125,
    67.87109375,
    69.140625,
    67.75390625,
    69.70703125,
    73.69140625,
    69.00390625,
    74.9609375,
    69.86328125,
    69.00390625,
    73.28125,
    73.59375,
    75.390625,
    72.734375,
    71.6796875,
    67.421875,
    72.94921875,
    71.46484375,
    73.9453125,
    71.1328125,
    72.55859375,
    71.171875,
    74.66796875,
    75.44921875,
    76.23046875,
    77.75390625,
    76.5625,
    70.21484375,
    74.78515625,
    75.44921875,
    78.1640625,
    78.125,
    76.46484375,
    77.24609375,
    74.9609375,
    77.08984375,
    74.53125,
    77.3046875,
    77.87109375,
    79.62890625,
    76.953125,
    75.9765625,
    75.3125,
    75.8203125,
    75.48828125,
    78.06640625,
    80.25390625,
    78.30078125,
    75.5859375,
    80.09765625,
    79.3359375,
    79.12109375,
    78.88671875,
    79.296875,
    78.30078125,
    77.40234375,
    76.71875,
    81.7578125,
    77.05078125,
    76.8359375,
    77.0703125,
    82.98828125,
    80.234375,
    81.50390625,
    78.41796875,
    79.2578125,
    77.83203125,
    76.953125,
    81.328125,
    77.8125,
    81.81640625,
    77.890625,
    81.23046875,
    76.89453125,
    78.88671875,
    81.62109375,
    80.703125,
    77.734375,
    79.66796875,
    79.9609375
  ],
  "val_loss": [
    NaN,
    NaN,
    NaN,
    NaN,
    NaN,
    NaN,
    NaN,
    NaN,
    NaN,
    5.664294561767578,
    NaN,
    NaN,
    NaN,
    NaN,
    NaN,
    NaN,
    NaN,
    NaN,
    NaN,
    4.028099797821045,
    NaN,
    NaN,
    NaN,
    NaN,
    NaN,
    NaN,
    NaN,
    NaN,
    NaN,
    3.7670801918029784,
    NaN,
    NaN,
    NaN,
    NaN,
    NaN,
    NaN,
    NaN,
    NaN,
    NaN,
    2.9945432697296144,
    NaN,
    NaN,
    NaN,
    NaN,
    NaN,
    NaN,
    NaN,
    NaN,
    NaN,
    2.786094491767883,
    NaN,
    NaN,
    NaN,
    NaN,
    NaN,
    NaN,
    NaN,
    NaN,
    NaN,
    2.753100565338135,
    NaN,
    NaN,
    NaN,
    NaN,
    NaN,
    NaN,
    NaN,
    NaN,
    NaN,
    2.8542781927108765,
    NaN,
    NaN,
    NaN,
    NaN,
    NaN,
    NaN,
    NaN,
    NaN,
    NaN,
    2.3543490018844606,
    NaN,
    NaN,
    NaN,
    NaN,
    NaN,
    NaN,
    NaN,
    NaN,
    NaN,
    2.432461173439026,
    NaN,
    NaN,
    NaN,
    NaN,
    NaN,
    NaN,
    NaN,
    NaN,
    NaN,
    2.3548833110809326
  ],
  "val_acc": [
    NaN,
    NaN,
    NaN,
    NaN,
    NaN,
    NaN,
    NaN,
    NaN,
    NaN,
    7.96,
    NaN,
    NaN,
    NaN,
    NaN,
    NaN,
    NaN,
    NaN,
    NaN,
    NaN,
    21.2,
    NaN,
    NaN,
    NaN,
    NaN,
    NaN,
    NaN,
    NaN,
    NaN,
    NaN,
    24.16,
    NaN,
    NaN,
    NaN,
    NaN,
    NaN,
    NaN,
    NaN,
    NaN,
    NaN,
    31.38,
    NaN,
    NaN,
    NaN,
    NaN,
    NaN,
    NaN,
    NaN,
    NaN,
    NaN,
    34.28,
    NaN,
    NaN,
    NaN,
    NaN,
    NaN,
    NaN,
    NaN,
    NaN,
    NaN,
    35.22,
    NaN,
    NaN,
    NaN,
    NaN,
    NaN,
    NaN,
    NaN,
    NaN,
    NaN,
    34.18,
    NaN,
    NaN,
    NaN,
    NaN,
    NaN,
    NaN,
    NaN,
    NaN,
    NaN,
    41.34,
    NaN,
    NaN,
    NaN,
    NaN,
    NaN,
    NaN,
    NaN,
    NaN,
    NaN,
    41.26,
    NaN,
    NaN,
    NaN,
    NaN,
    NaN,
    NaN,
    NaN,
    NaN,
    NaN,
    40.68
  ],
  "test_loss": [
    NaN,
    NaN,
    NaN,
    NaN,
    NaN,
    NaN,
    NaN,
    NaN,
    NaN,
    5.414528605651856,
    NaN,
    NaN,
    NaN,
    NaN,
    NaN,
    NaN,
    NaN,
    NaN,
    NaN,
    3.772397261047363,
    NaN,
    NaN,
    NaN,
    NaN,
    NaN,
    NaN,
    NaN,
    NaN,
    NaN,
    3.2237717056274415,
    NaN,
    NaN,
    NaN,
    NaN,
    NaN,
    NaN,
    NaN,
    NaN,
    NaN,
    2.6840828979492186,
    NaN,
    NaN,
    NaN,
    NaN,
    NaN,
    NaN,
    NaN,
    NaN,
    NaN,
    2.4533165267944335,
    NaN,
    NaN,
    NaN,
    NaN,
    NaN,
    NaN,
    NaN,
    NaN,
    NaN,
    2.3832877941131594,
    NaN,
    NaN,
    NaN,
    NaN,
    NaN,
    NaN,
    NaN,
    NaN,
    NaN,
    2.464708110809326,
    NaN,
    NaN,
    NaN,
    NaN,
    NaN,
    NaN,
    NaN,
    NaN,
    NaN,
    1.9955865913391113,
    NaN,
    NaN,
    NaN,
    NaN,
    NaN,
    NaN,
    NaN,
    NaN,
    NaN,
    2.057022203826904,
    NaN,
    NaN,
    NaN,
    NaN,
    NaN,
    NaN,
    NaN,
    NaN,
    NaN,
    1.9934875743865967
  ],