{
  "train_loss": [
    2.3454175790716203,
    1.635486392428831,
    1.5430020414409393,
    1.5171537004188658,
    1.510981307769059,
    1.4929905796627572,
    1.4746240263812742,
    1.4600275180078672,
    1.4497295189039467,
    1.416521327678713,
    1.4181474638867004,
    1.3767133506059985,
    1.3671224042667265,
    1.3412328130998787,
    1.3036037385887644,
    1.2914719415423201,
    1.2694224037791724,
    1.2372717565696576,
    1.2398488975181687,
    1.2099426534572673,
    1.191586603904686,
    1.1788252334336977,
    1.1575257327105548,
    1.1342255192494832,
    1.1299142012555432,
    1.12068935105336,
    1.11014192126384,
    1.1049721886219714,
    1.1065303365332981,
    1.0989816057393764
  ],
  "train_acc": [
    44.85908605974395,
    57.63913584637269,
    59.68616642958748,
    60.84859530583215,
    61.12419985775249,
    61.42869843527738,
    61.77098150782361,
    62.2599573257468,
    62.38886913229018,
    62.94452347083926,
    62.94674608819346,
    63.26458036984353,
    63.369043385490755,
    64.22030583214794,
    64.56925675675676,
    64.71150426742533,
    65.05600995732574,
    65.88949146514936,
    65.64278093883357,
    66.4651493598862,
    66.71185988620199,
    67.19861308677098,
    67.41198435277383,
    68.0209815078236,
    68.10321834992888,
    68.30992176386913,
    68.72110597439544,
    68.61664295874822,
    68.60330725462305,
    68.70332503556187
  ],
  "val_loss": [
    1.4596183229446411,
    1.456874397277832,
    1.40536771774292,
    1.3281042779922485,
    1.2753760362148285,
    1.204777787733078,
    1.2039633724212646,
    1.1308093804836272,
    1.128248224592209,
    1.1145294148445128
  ],
  "val_acc": [
    60.82,
    62.82,
    63.0,
    65.14,
    64.54,
    66.06,
    66.24,
    68.04,
    67.94,
    69.26
  ]
}