{
  "train_loss": [
    1.309356694964223,
    0.8864624127215716,
    0.7484499787538184,
    0.6583312712768742,
    0.5758388936519623,
    0.5148461518297833,
    0.4626247973140239,
    0.4200255644228177,
    0.381267323411715,
    0.332989836421664,
    0.3184809598695503,
    0.28264486837395564,
    0.2499861883086975,
    0.2363878413292965,
    0.22114520017614067,
    0.19689735585815707,
    0.1768184136148876,
    0.17006940308264107,
    0.1445542823676958,
    0.13610311957131832,
    0.12024052700115259,
    0.11679887744183433,
    0.10084761919587543,
    0.09018021003458421,
    0.08272226748439572,
    0.07274165552438688,
    0.06659280933912679,
    0.05808857190027763,
    0.05325587151540976,
    0.04530585044746553,
    0.04305966064748904,
    0.03730126957934526,
    0.029370678293528327,
    0.027317517961530747,
    0.022929575425420096,
    0.02330392982965901,
    0.017858936045743436,
    0.018115837925059008,
    0.013895339594222563,
    0.011284431910561804,
    0.010326063280080108,
    0.009207560170191989,
    0.009439640864788875,
    0.007511572276920739,
    0.007119033796737016,
    0.0058913609837105895,
    0.005477092235713817,
    0.006214297363340779,
    0.004457892770546637,
    0.0062252733537077574
  ],
  "train_acc": [
    64.43145448079659,
    73.83979374110953,
    77.3381934566145,
    79.72306187766713,
    82.16794096728307,
    83.92158605974396,
    85.39518136557611,
    86.7243065433855,
    87.97119487908962,
    89.41145092460881,
    89.83152560455191,
    91.02729374110953,
    92.14527027027027,
    92.38975817923186,
    93.00542318634425,
    93.68332147937411,
    94.24564366998578,
    94.62126600284495,
    95.45474751066857,
    95.69701280227596,
    96.22155049786629,
    96.2704480796586,
    96.76609174964437,
    97.1794985775249,
    97.31952347083926,
    97.67069701280228,
    97.89073613086771,
    98.14855974395448,
    98.33525960170697,
    98.54196301564723,
    98.65753911806543,
    98.88202347083926,
    99.05094238975818,
    99.12873399715505,
    99.27320412517781,
    99.31765647226173,
    99.47101706970128,
    99.42878733997155,
    99.5754800853485,
    99.64882645803698,
    99.66438477951635,
    99.7577347083926,
    99.71105974395448,
    99.77551564722617,
    99.78218349928876,
    99.80663229018492,
    99.83330369843527,
    99.81107752489332,
    99.86442034139402,
    99.8177453769559
  ],
  "val_loss": [
    0.9102063373088837,
    0.961749186038971,
    0.9335430607318879,
    0.9720283809423447,
    1.0277700898706914,
    1.1172711839675904,
    1.1313724050343037,
    1.0266255896832794,
    1.0091000447273255,
    0.9819758151978254
  ],
  "val_acc": [
    74.86,
    75.24,
    77.16,
    77.16,
    77.84,
    77.98,
    79.7,
    81.58,
    82.14,
    82.66
  ],
  "final_test_acc": 84.00
}