{
  "train_loss": [
    2.3356224162819377,
    1.6282142625424805,
    1.5506548806071112,
    1.5108517834845172,
    1.4705541472177248,
    1.4581066137696397,
    1.4367059655752494,
    1.3986990423833323,
    1.3645684100146993,
    1.3372927855800938,
    1.3051980638911003,
    1.2669981278871234,
    1.2379778648168909,
    1.2121792229615778,
    1.1797529966868514,
    1.145909656247238,
    1.1402781773597044,
    1.125400731692443,
    1.1249224076399933,
    1.1112061565156341
  ],
  "train_acc": [
    44.91465149359886,
    57.71692745376956,
    59.63726884779516,
    60.56410028449502,
    61.80876600284495,
    61.948790896159316,
    62.3799786628734,
    62.95341394025605,
    63.5224039829303,
    64.08917140825035,
    64.59592816500711,
    65.14046941678521,
    65.72501778093883,
    66.66296230440967,
    66.81632290184922,
    67.75204480796586,
    67.78093883357042,
    68.34770625889047,
    68.01653627311522,
    68.37660028449503
  ],
  "val_loss": [
    1.4684814773559571,
    1.370531459236145,
    1.4123429374694825,
    1.3313511217117309,
    1.3048535614967347,
    1.207145172739029,
    1.18562972946167,
    1.140618407535553,
    1.1306280762195586,
    1.117924671649933
  ],
  "val_acc": [
    60.78,
    62.9,
    62.84,
    65.18,
    64.52,
    66.36,
    66.8,
    67.64,
    68.62,
    68.8
  ]
}