{
  "train_loss": [
    1.0800255425115397,
    0.6799101781412683,
    0.5894931627710378,
    0.5404697946176081,
    0.4918826073408127,
    0.4661187257824378,
    0.4415594970391451,
    0.4211576505541632,
    0.39239704244336904,
    0.3805507306290385,
    0.35764893816299154,
    0.344354302676694,
    0.32285851775370483,
    0.3157323890525959,
    0.29686767151142085,
    0.28877182190397893,
    0.27078517376952627,
    0.26574660395172717,
    0.2507672751028287,
    0.24523603048170275,
    0.23640897135074074,
    0.23319790501725113,
    0.22101498025854993,
    0.2140918954528582,
    0.20949702847690704,
    0.2022008445421247,
    0.20041790735479947,
    0.19915986310420386,
    0.1897383533513563,
    0.1876595023314695,
    0.18523205274379526,
    0.17975838640029113,
    0.17902581983247234,
    0.1744944048597667,
    0.17715189757241548,
    0.1700846445249926,
    0.17196729801499827,
    0.1699042080266992,
    0.1742341924448144,
    0.16931642310039416
  ],
  "train_acc": [
    74.56214438122333,
    80.2275960170697,
    82.12348862019914,
    83.40149359886202,
    84.59281650071124,
    85.45296941678521,
    86.27311522048365,
    86.5976173541963,
    87.40887268847796,
    87.97564011379801,
    88.68465504978663,
    88.85579658605974,
    89.48479729729729,
    89.74262091038406,
    90.36939900426742,
    90.61388691322902,
    91.07396870554766,
    91.29623044096728,
    91.8296586059744,
    91.84299431009957,
    92.20972617354197,
    92.22528449502134,
    92.73426386913229,
    92.83872688477952,
    92.91429587482219,
    93.24324324324324,
    93.3943812233286,
    93.33659317211949,
    93.67887624466572,
    93.79445234708393,
    93.76778093883357,
    93.91669630156473,
    94.13006756756756,
    94.09450568990043,
    93.97448435277383,
    94.22119487908962,
    94.16562944523471,
    94.25675675675676,
    94.19674608819345,
    94.38789118065434
  ],
  "val_loss": [
    0.6392083436012268,
    0.598020297574997,
    0.5770382444143295,
    0.5592122242569924,
    0.5890295496463775,
    0.5883558061361313,
    0.568652983546257,
    0.5733417567968369
  ],
  "val_acc": [
    80.92,
    83.16,
    83.64,
    84.74,
    84.44,
    84.66,
    85.48,
    85.22
  ]
}