{
  "round": [
    1,
    2,
    3,
    4,
    5,
    6,
    7,
    8,
    9,
    10,
    11,
    12,
    13,
    14,
    15,
    16,
    17,
    18,
    19,
    20,
    21,
    22,
    23,
    24,
    25,
    26,
    27,
    28,
    29,
    30,
    31,
    32,
    33,
    34,
    35,
    36,
    37,
    38,
    39,
    40,
    41,
    42,
    43,
    44,
    45,
    46,
    47,
    48,
    49,
    50,
    51,
    52,
    53,
    54,
    55,
    56,
    57,
    58,
    59,
    60,
    61,
    62,
    63,
    64,
    65,
    66,
    67,
    68,
    69,
    70,
    71,
    72,
    73,
    74,
    75,
    76,
    77,
    78,
    79,
    80,
    81,
    82,
    83,
    84,
    85,
    86,
    87,
    88,
    89,
    90,
    91,
    92,
    93,
    94,
    95,
    96,
    97,
    98,
    99,
    100,
    101,
    102,
    103,
    104,
    105,
    106,
    107,
    108,
    109,
    110,
    111,
    112,
    113,
    114,
    115,
    116,
    117,
    118,
    119,
    120,
    121,
    122,
    123,
    124,
    125,
    126,
    127,
    128,
    129,
    130,
    131,
    132,
    133,
    134,
    135,
    136,
    137,
    138,
    139,
    140,
    141,
    142,
    143,
    144,
    145,
    146,
    147,
    148,
    149,
    150,
    151,
    152,
    153,
    154,
    155,
    156,
    157,
    158,
    159,
    160,
    161,
    162,
    163,
    164,
    165,
    166,
    167,
    168,
    169,
    170,
    171,
    172,
    173,
    174,
    175,
    176,
    177,
    178,
    179,
    180,
    181,
    182,
    183,
    184,
    185,
    186,
    187,
    188,
    189,
    190,
    191,
    192,
    193,
    194,
    195,
    196,
    197,
    198,
    199,
    200
  ],
  "train_loss": [
    3.7973683208227156,
    5.149011161923409,
    4.572037136554718,
    2.8667850226163862,
    2.731791380047798,
    2.3102230757474898,
    1.755399262905121,
    1.4809384316205978,
    1.2827611207962035,
    1.249040661752224,
    1.304793018102646,
    1.365201471745968,
    1.1897959902882576,
    1.2787995487451553,
    1.1417943328619002,
    1.177041582763195,
    1.1004487946629524,
    1.1796440541744233,
    1.0800718307495116,
    1.0327297106385231,
    1.023442915081978,
    1.1344473898410796,
    1.1476067692041396,
    1.0018284950405358,
    1.0949243649840354,
    1.1138209387660027,
    1.1614287197589874,
    1.0021812476217746,
    1.0773417383432389,
    1.002421472966671,
    0.972731176018715,
    1.0534671887755394,
    0.9816262528300286,
    0.8494707860052586,
    0.881643708050251,
    0.954606294631958,
    0.9921907566487789,
    1.0090636268258095,
    0.8593086533248424,
    0.9130618900060654,
    0.8807750582695008,
    0.9987809538841248,
    0.8903995439410209,
    0.8270532138645649,
    0.8718070529401303,
    0.8339446902275085,
    0.7775297716259957,
    0.8274541646242142,
    0.8349570639431476,
    0.7967232927680016,
    0.8187126748263835,
    0.7972914680838585,
    0.9345904216170311,
    0.8144429869949817,
    0.7292159169912338,
    0.781053963303566,
    0.7650568686425686,
    0.8665327660739421,
    0.885138987749815,
    0.7452230840921402,
    0.7737053237855435,
    0.766908910125494,
    0.7716069892048836,
    0.744776301831007,
    0.7578362815082074,
    0.7548389732837677,
    0.7609700359404087,
    0.8276779964566231,
    0.7422012522816658,
    0.7575673587620259,
    0.6938033662736416,
    0.7495217218995094,
    0.7563181638717651,
    0.7498519353568553,
    0.7592084810137749,
    0.723462275415659,
    0.695736962556839,
    0.7904313325881958,
    0.7094563588500022,
    0.6480785273015499,
    0.6752760581672191,
    0.6646290577948093,
    0.6896075546741486,
    0.7650373563170433,
    0.7318335376679898,
    0.7452252507209778,
    0.6625741831958294,
    0.7215417481958866,
    0.7251205913722515,
    0.6469371069222689,
    0.700294703990221,
    0.7123965650796891,
    0.6763361126184464,
    0.6566200211644173,
    0.6417533963918686,
    0.6751443579792976,
    0.588498904556036,
    0.589633172750473,
    0.6617285080254078,
    0.6155658192932606,
    0.6497176460921764,
    0.6323591694235802,
    0.6822263173758983,
    0.6229683518409729,
    0.6422703444957734,
    0.6923149555921555,
    0.6534513264894486,
    0.66637122631073,
    0.7001076504588127,
    0.6067010916769504,
    0.5990318305790424,
    0.6269648715853691,
    0.6369446381926537,
    0.6122217997908592,
    0.704923415184021,
    0.6730686083436013,
    0.665763309597969,
    0.6241321206092835,
    0.6991378203034401,
    0.652114974707365,
    0.6972757577896118,
    0.6070885680615902,
    0.6270835496485233,
    0.6789368197321892,
    0.6456235617399215,
    0.6591833002865315,
    0.6137545004487037,
    0.6335766561329365,
    0.6049693264067173,
    0.6032221674919128,
    0.6214696042239666,
    0.6071107968688011,
    0.6391893655061722,
    0.6161350719630718,
    0.5793607473373413,
    0.6087611138820648,
    0.6228442274034023,
    0.6263041216880083,
    0.618826211988926,
    0.6367267847061158,
    0.6346531830728054,
    0.5555708318948746,
    0.5906328331679106,
    0.5901203267276287,
    0.6333256483078002,
    0.6144757848232985,
    0.5617466244846583,
    0.5557262472808361,
    0.5987933732569217,
    0.5360175229609012,
    0.5714989922940731,
    0.5764679092913866,
    0.5593001686036587,
    0.5573773950338363,
    0.5580300353467464,
    0.5798428773880004,
    0.5655466131865978,
    0.5553712412714958,
    0.6097592175006866,
    0.5517027273774147,
    0.6017101295292377,
    0.5664056159555912,
    0.5096348270773887,
    0.5638131655752658,
    0.5696835700422526,
    0.5817932859063148,
    0.5944551754742861,
    0.5822960115969181,
    0.5358362026512623,
    0.4877012476325035,
    0.5307400301098824,
    0.5935872025787831,
    0.5962424397468566,
    0.5833951510488987,
    0.6070370271801948,
    0.5707795735448599,
    0.5099201016128063,
    0.5514514930546284,
    0.5523551538586616,
    0.5014798112213612,
    0.5522007435560227,
    0.5144374907016754,
    0.5195965498685837,
    0.5740054067224264,
    0.5694013558328151,
    0.5998662732541561,
    0.6184266373515129,
    0.5432260617613792,
    0.5850268296897412,
    0.5273682400584221,
    0.5594600904732943,
    0.5312682293355465,
    0.5802961342036724,
    0.572090233117342,
    0.5799060150980949,
    0.5198269501328469,
    0.5240202710032463,
    0.5664663076400757,
    0.5642675317823886,
    0.5627552635967732
  ],