{
  "round": [
    1,
    2,
    3,
    4,
    5,
    6,
    7,
    8,
    9,
    10,
    11,
    12,
    13,
    14,
    15,
    16,
    17,
    18,
    19,
    20,
    21,
    22,
    23,
    24,
    25,
    26,
    27,
    28,
    29,
    30,
    31,
    32,
    33,
    34,
    35,
    36,
    37,
    38,
    39,
    40,
    41,
    42,
    43,
    44,
    45,
    46,
    47,
    48,
    49,
    50,
    51,
    52,
    53,
    54,
    55,
    56,
    57,
    58,
    59,
    60,
    61,
    62,
    63,
    64,
    65,
    66,
    67,
    68,
    69,
    70,
    71,
    72,
    73,
    74,
    75,
    76,
    77,
    78,
    79,
    80,
    81,
    82,
    83,
    84,
    85,
    86,
    87,
    88,
    89,
    90,
    91,
    92,
    93,
    94,
    95,
    96,
    97,
    98,
    99,
    100
  ],
  "train_loss": [
    3.9939753860235214,
    3.3968102537095546,
    3.1294273514300586,
    2.9073930628597737,
    2.6086077958345415,
    2.47800263017416,
    2.277204625867307,
    2.1761114858090878,
    2.0568848989903925,
    2.105947165377438,
    1.9593165993690491,
    1.8685781743377448,
    1.6837718337774277,
    1.6022649023681879,
    1.5387490103021264,
    1.6169751267880201,
    1.609343970939517,
    1.4417018635198473,
    1.5570838699117302,
    1.4577261375263333,
    1.6212571507319808,
    1.4189207054674626,
    1.4416131699457764,
    1.3073365442454814,
    1.2992537137120963,
    1.2966514872387052,
    1.2875571984797716,
    1.2306934408843517,
    1.3010263122618198,
    1.175242181774229,
    1.224509795382619,
    1.1811973091214896,
    1.1448221795260907,
    1.3314853647723794,
    1.2400706177577376,
    1.2904224518686533,
    1.1912613409571349,
    1.179843068215996,
    1.100158473663032,
    1.1659242196008563,
    1.0790501828305423,
    1.0797929944470526,
    1.167067138850689,
    1.0460267663002014,
    1.0319426474161446,
    1.0396421330049634,
    1.1273649280890823,
    1.1362125035375357,
    1.091841493267566,
    1.073729626275599,
    0.977724144142121,
    1.139572176709771,
    0.9952688500285148,
    0.9355935875326395,
    0.9770211567170918,
    1.0843096025288106,
    0.9698142190463841,
    1.0149868103675543,
    0.96335389604792,
    0.9076756612397731,
    1.005046228505671,
    1.0154374011792242,
    1.0572888420894742,
    0.9589803565293551,
    1.0181789637543261,
    0.9594208447262644,
    0.9318363279104233,
    1.0251633434090763,
    0.9930437694303691,
    0.9429463258013129,
    0.9231045912019908,
    0.9064190321136266,
    0.9671918925829232,
    0.9332146857865155,
    0.9325204325839878,
    0.9857358442619443,
    0.9264249304309488,
    0.9132563358172774,
    0.9452416837215424,
    0.8432082066312432,
    0.9702532789669931,
    0.9081699173431843,
    0.8399590218439699,
    0.8867673841305077,
    0.94155292250216,
    0.8996878093108535,
    0.8513396389782428,
    0.967916969768703,
    0.8797536320518702,
    0.8386397107504309,
    0.8379813060164452,
    0.8721232080832124,
    0.8729625085368753,
    0.8224610831588507,
    0.8059072583448141,
    0.834433366265148,
    0.8333911029621959,
    0.8429657178930938,
    0.8980065112933516,
    0.8760763079859316
  ],
  "train_acc": [
    23.7109375,
    31.1328125,
    33.2421875,
    36.46484375,
    38.76953125,
    42.2265625,
    43.7890625,
    47.05078125,
    47.265625,
    48.0859375,
    49.86328125,
    51.69921875,
    55.09765625,
    57.36328125,
    58.76953125,
    56.07421875,
    56.9140625,
    60.17578125,
    58.046875,
    59.375,
    55.859375,
    61.58203125,
    60.21484375,
    63.41796875,
    63.53515625,
    63.45703125,
    63.84765625,
    64.84375,
    63.33984375,
    66.69921875,
    66.19140625,
    67.1875,
    68.06640625,
    62.6953125,
    65.78125,
    64.31640625,
    65.05859375,
    66.46484375,
    68.45703125,
    66.2109375,
    69.62890625,
    68.57421875,
    67.01171875,
    69.609375,
    69.1015625,
    70.2734375,
    68.3984375,
    67.75390625,
    68.75,
    69.296875,
    72.1875,
    66.77734375,
    71.34765625,
    73.203125,
    72.34375,
    68.5546875,
    70.9765625,
    70.52734375,
    72.44140625,
    73.61328125,
    70.76171875,
    70.68359375,
    68.7890625,
    72.1484375,
    70.76171875,
    72.32421875,
    71.89453125,
    70.4296875,
    70.9375,
    72.98828125,
    72.40234375,
    73.28125,
    72.08984375,
    73.4765625,
    72.5390625,
    70.33203125,
    72.3046875,
    72.98828125,
    71.796875,
    75.48828125,
    72.109375,
    74.375,
    75.8203125,
    74.5703125,
    73.26171875,
    73.1640625,
    75.60546875,
    72.16796875,
    74.53125,
    75.01953125,
    75.29296875,
    74.6484375,
    74.453125,
    76.09375,
    76.6015625,
    75.5859375,
    75.546875,
    74.8046875,
    73.45703125,
    73.984375
  ],
  "val_loss": [
    NaN,
    NaN,
    NaN,
    NaN,
    NaN,
    NaN,
    NaN,
    NaN,
    NaN,
    4.16382329864502,
    NaN,
    NaN,
    NaN,
    NaN,
    NaN,
    NaN,
    NaN,
    NaN,
    NaN,
    3.127011406517029,
    NaN,
    NaN,
    NaN,
    NaN,
    NaN,
    NaN,
    NaN,
    NaN,
    NaN,
    3.1826601150512697,
    NaN,
    NaN,
    NaN,
    NaN,
    NaN,
    NaN,
    NaN,
    NaN,
    NaN,
    2.3404897346496583,
    NaN,
    NaN,
    NaN,
    NaN,
    NaN,
    NaN,
    NaN,
    NaN,
    NaN,
    2.2923289487838745,
    NaN,
    NaN,
    NaN,
    NaN,
    NaN,
    NaN,
    NaN,
    NaN,
    NaN,
    2.1627826174736025,
    NaN,
    NaN,
    NaN,
    NaN,
    NaN,
    NaN,
    NaN,
    NaN,
    NaN,
    1.965068116760254,
    NaN,
    NaN,
    NaN,
    NaN,
    NaN,
    NaN,
    NaN,
    NaN,
    NaN,
    1.982941438484192,
    NaN,
    NaN,
    NaN,
    NaN,
    NaN,
    NaN,
    NaN,
    NaN,
    NaN,
    1.7943627809524536,
    NaN,
    NaN,
    NaN,
    NaN,
    NaN,
    NaN,
    NaN,
    NaN,
    NaN,
    1.8325410297393798
  ],
  "val_acc": [
    NaN,
    NaN,
    NaN,
    NaN,
    NaN,
    NaN,
    NaN,
    NaN,
    NaN,
    16.96,
    NaN,
    NaN,
    NaN,
    NaN,
    NaN,
    NaN,
    NaN,
    NaN,
    NaN,
    28.72,
    NaN,
    NaN,
    NaN,
    NaN,
    NaN,
    NaN,
    NaN,
    NaN,
    NaN,
    29.4,
    NaN,
    NaN,
    NaN,
    NaN,
    NaN,
    NaN,
    NaN,
    NaN,
    NaN,
    41.4,
    NaN,
    NaN,
    NaN,
    NaN,
    NaN,
    NaN,
    NaN,
    NaN,
    NaN,
    41.3,
    NaN,
    NaN,
    NaN,
    NaN,
    NaN,
    NaN,
    NaN,
    NaN,
    NaN,
    44.94,
    NaN,
    NaN,
    NaN,
    NaN,
    NaN,
    NaN,
    NaN,
    NaN,
    NaN,
    48.14,
    NaN,
    NaN,
    NaN,
    NaN,
    NaN,
    NaN,
    NaN,
    NaN,
    NaN,
    48.16,
    NaN,
    NaN,
    NaN,
    NaN,
    NaN,
    NaN,
    NaN,
    NaN,
    NaN,
    52.08,
    NaN,
    NaN,
    NaN,
    NaN,
    NaN,
    NaN,
    NaN,
    NaN,
    NaN,
    51.44
  ],
  "test_loss": [
    NaN,
    NaN,
    NaN,
    NaN,
    NaN,
    NaN,
    NaN,
    NaN,
    NaN,
    3.917755864715576,
    NaN,
    NaN,
    NaN,
    NaN,
    NaN,
    NaN,
    NaN,
    NaN,
    NaN,
    2.7958155921936036,
    NaN,
    NaN,
    NaN,
    NaN,
    NaN,
    NaN,
    NaN,
    NaN,
    NaN,
    2.655347340774536,
    NaN,
    NaN,
    NaN,
    NaN,
    NaN,
    NaN,
    NaN,
    NaN,
    NaN,
    2.053220421600342,
    NaN,
    NaN,
    NaN,
    NaN,
    NaN,
    NaN,
    NaN,
    NaN,
    NaN,
    1.9200879768371582,
    NaN,
    NaN,
    NaN,
    NaN,
    NaN,
    NaN,
    NaN,
    NaN,
    NaN,
    1.804424049949646,
    NaN,
    NaN,
    NaN,
    NaN,
    NaN,
    NaN,
    NaN,
    NaN,
    NaN,
    1.639949473953247,
    NaN,
    NaN,
    NaN,
    NaN,
    NaN,
    NaN,
    NaN,
    NaN,
    NaN,
    1.6292838125228881,
    NaN,
    NaN,
    NaN,
    NaN,
    NaN,
    NaN,
    NaN,
    NaN,
    NaN,
    1.469190436553955,
    NaN,
    NaN,
    NaN,
    NaN,
    NaN,
    NaN,
    NaN,
    NaN,
    NaN,
    1.4711860176086426
  ],