{
  "round": [
    1,
    2,
    3,
    4,
    5,
    6,
    7,
    8,
    9,
    10,
    11,
    12,
    13,
    14,
    15,
    16,
    17,
    18,
    19,
    20,
    21,
    22,
    23,
    24,
    25,
    26,
    27,
    28,
    29,
    30,
    31,
    32,
    33,
    34,
    35,
    36,
    37,
    38,
    39,
    40,
    41,
    42,
    43,
    44,
    45,
    46,
    47,
    48,
    49,
    50,
    51,
    52,
    53,
    54,
    55,
    56,
    57,
    58,
    59,
    60,
    61,
    62,
    63,
    64,
    65,
    66,
    67,
    68,
    69,
    70,
    71,
    72,
    73,
    74,
    75,
    76,
    77,
    78,
    79,
    80,
    81,
    82,
    83,
    84,
    85,
    86,
    87,
    88,
    89,
    90,
    91,
    92,
    93,
    94,
    95,
    96,
    97,
    98,
    99,
    100
  ],
  "train_loss": [
    6.449136132001877,
    5.605833661556244,
    5.299846512079239,
    5.186863851547241,
    5.006394720077514,
    5.111601126194,
    4.855654221773148,
    4.728241097927094,
    4.850270390510559,
    4.667093297839164,
    4.2972913682460785,
    4.2541702628135685,
    4.167193943262101,
    4.448530733585358,
    4.366514292359352,
    4.224340182542801,
    4.163779664039612,
    4.290474298596382,
    3.8623917281627653,
    3.9836153745651246,
    4.037468081712722,
    3.639802622795105,
    3.70680413544178,
    4.088090813159942,
    3.756649813055992,
    3.562319365143776,
    3.79152207672596,
    3.443960005044937,
    3.6120895475149153,
    3.5587243646383286,
    3.391856002807617,
    3.5493087857961654,
    3.194482612609863,
    3.305533453822136,
    3.61422119140625,
    3.439502274990082,
    3.150765690207481,
    3.432855010032654,
    3.3515838503837587,
    3.4010615825653074,
    3.397856256365776,
    3.548534041643143,
    3.1170445293188096,
    3.0943541139364243,
    2.894532835483551,
    2.986558124423027,
    3.0483676731586455,
    3.408740168809891,
    2.952994644641876,
    2.907790794968605,
    2.791532738506794,
    2.8466960430145263,
    3.0439159333705903,
    2.852437397837639,
    3.051894798874855,
    3.0552314460277556,
    2.8128161787986756,
    2.8732658579945562,
    2.706597736477852,
    2.603324992954731,
    2.678145545721054,
    2.6538566410541535,
    2.876600432395935,
    2.8802615880966185,
    2.670822897553444,
    2.5680338472127913,
    2.5523354381322862,
    2.3989371731877327,
    2.887921470403671,
    2.619853159785271,
    2.4183485232293607,
    2.4463881120085715,
    2.6087953463196754,
    2.4145912408828734,
    2.6804732635617254,
    2.590065336227417,
    2.7376488983631133,
    2.413254638016224,
    2.5818139910697937,
    2.537346513569355,
    2.665725256502628,
    2.2998224064707755,
    2.476448667049408,
    2.3925157710909843,
    2.329750454425812,
    2.4954794853925706,
    2.398620730638504,
    2.545191852748394,
    2.224203597009182,
    2.4344611704349517,
    2.1717886120080947,
    2.6130076557397843,
    2.2764493778347967,
    2.5083264663815497,
    2.4174755662679672,
    2.231844362616539,
    2.1642024978995322,
    2.510428823530674,
    2.249299106001854,
    2.3537115931510924
  ],
  "train_acc": [
    8.125,
    10.234375,
    11.015625,
    10.546875,
    11.171875,
    10.390625,
    11.484375,
    12.265625,
    11.71875,
    12.265625,
    15.546875,
    17.03125,
    17.578125,
    15.703125,
    15.703125,
    17.65625,
    17.8125,
    18.90625,
    22.1875,
    19.0625,
    18.203125,
    22.578125,
    22.1875,
    18.515625,
    22.5,
    25.3125,
    21.71875,
    25.546875,
    22.421875,
    24.6875,
    26.40625,
    24.0625,
    27.734375,
    29.6875,
    27.421875,
    26.09375,
    27.96875,
    26.171875,
    26.640625,
    26.25,
    28.828125,
    24.84375,
    28.90625,
    31.484375,
    32.109375,
    31.40625,
    31.71875,
    26.71875,
    32.265625,
    32.109375,
    35.46875,
    35.46875,
    31.09375,
    34.140625,
    30.859375,
    30.625,
    35.703125,
    34.140625,
    33.59375,
    40.390625,
    37.734375,
    37.421875,
    36.09375,
    33.75,
    37.734375,
    39.765625,
    40.0,
    41.484375,
    34.0625,
    39.140625,
    39.453125,
    41.328125,
    38.59375,
    40.9375,
    37.96875,
    39.375,
    37.34375,
    44.453125,
    39.53125,
    42.109375,
    37.96875,
    44.296875,
    42.03125,
    43.28125,
    43.75,
    40.546875,
    41.25,
    39.0625,
    41.328125,
    42.5,
    46.25,
    38.125,
    46.875,
    40.625,
    41.484375,
    45.9375,
    48.59375,
    42.734375,
    44.6875,
    44.0625
  ],
  "val_loss": [
    NaN,
    NaN,
    NaN,
    NaN,
    NaN,
    NaN,
    NaN,
    NaN,
    NaN,
    6.074964698028564,
    NaN,
    NaN,
    NaN,
    NaN,
    NaN,
    NaN,
    NaN,
    NaN,
    NaN,
    5.40768020324707,
    NaN,
    NaN,
    NaN,
    NaN,
    NaN,
    NaN,
    NaN,
    NaN,
    NaN,
    5.01462509765625,
    NaN,
    NaN,
    NaN,
    NaN,
    NaN,
    NaN,
    NaN,
    NaN,
    NaN,
    4.594553858566284,
    NaN,
    NaN,
    NaN,
    NaN,
    NaN,
    NaN,
    NaN,
    NaN,
    NaN,
    4.307190535736084,
    NaN,
    NaN,
    NaN,
    NaN,
    NaN,
    NaN,
    NaN,
    NaN,
    NaN,
    4.0608636726379395,
    NaN,
    NaN,
    NaN,
    NaN,
    NaN,
    NaN,
    NaN,
    NaN,
    NaN,
    3.9115908203125,
    NaN,
    NaN,
    NaN,
    NaN,
    NaN,
    NaN,
    NaN,
    NaN,
    NaN,
    3.610526697540283,
    NaN,
    NaN,
    NaN,
    NaN,
    NaN,
    NaN,
    NaN,
    NaN,
    NaN,
    3.5514807315826418,
    NaN,
    NaN,
    NaN,
    NaN,
    NaN,
    NaN,
    NaN,
    NaN,
    NaN,
    3.3736925804138185
  ],
  "val_acc": [
    NaN,
    NaN,
    NaN,
    NaN,
    NaN,
    NaN,
    NaN,
    NaN,
    NaN,
    2.74,
    NaN,
    NaN,
    NaN,
    NaN,
    NaN,
    NaN,
    NaN,
    NaN,
    NaN,
    4.82,
    NaN,
    NaN,
    NaN,
    NaN,
    NaN,
    NaN,
    NaN,
    NaN,
    NaN,
    8.5,
    NaN,
    NaN,
    NaN,
    NaN,
    NaN,
    NaN,
    NaN,
    NaN,
    NaN,
    11.06,
    NaN,
    NaN,
    NaN,
    NaN,
    NaN,
    NaN,
    NaN,
    NaN,
    NaN,
    13.68,
    NaN,
    NaN,
    NaN,
    NaN,
    NaN,
    NaN,
    NaN,
    NaN,
    NaN,
    16.86,
    NaN,
    NaN,
    NaN,
    NaN,
    NaN,
    NaN,
    NaN,
    NaN,
    NaN,
    18.0,
    NaN,
    NaN,
    NaN,
    NaN,
    NaN,
    NaN,
    NaN,
    NaN,
    NaN,
    21.48,
    NaN,
    NaN,
    NaN,
    NaN,
    NaN,
    NaN,
    NaN,
    NaN,
    NaN,
    22.68,
    NaN,
    NaN,
    NaN,
    NaN,
    NaN,
    NaN,
    NaN,
    NaN,
    NaN,
    25.38
  ],
  "test_loss": [
    NaN,
    NaN,
    NaN,
    NaN,
    NaN,
    NaN,
    NaN,
    NaN,
    NaN,
    6.2208027786254885,
    NaN,
    NaN,
    NaN,
    NaN,
    NaN,
    NaN,
    NaN,
    NaN,
    NaN,
    5.455307991027832,
    NaN,
    NaN,
    NaN,
    NaN,
    NaN,
    NaN,
    NaN,
    NaN,
    NaN,
    4.998747294616699,
    NaN,
    NaN,
    NaN,
    NaN,
    NaN,
    NaN,
    NaN,
    NaN,
    NaN,
    4.557140373229981,
    NaN,
    NaN,
    NaN,
    NaN,
    NaN,
    NaN,
    NaN,
    NaN,
    NaN,
    4.244601219177246,
    NaN,
    NaN,
    NaN,
    NaN,
    NaN,
    NaN,
    NaN,
    NaN,
    NaN,
    3.9522117416381835,
    NaN,
    NaN,
    NaN,
    NaN,
    NaN,
    NaN,
    NaN,
    NaN,
    NaN,
    3.70393565826416,
    NaN,
    NaN,
    NaN,
    NaN,
    NaN,
    NaN,
    NaN,
    NaN,
    NaN,
    3.4863731300354,
    NaN,
    NaN,
    NaN,
    NaN,
    NaN,
    NaN,
    NaN,
    NaN,
    NaN,
    3.3343969902038575,
    NaN,
    NaN,
    NaN,
    NaN,
    NaN,
    NaN,
    NaN,
    NaN,
    NaN,
    3.168337811279297
  ],