{
  "round": [
    1,
    2,
    3,
    4,
    5,
    6,
    7,
    8,
    9,
    10,
    11,
    12,
    13,
    14,
    15,
    16,
    17,
    18,
    19,
    20,
    21,
    22,
    23,
    24,
    25,
    26,
    27,
    28,
    29,
    30,
    31,
    32,
    33,
    34,
    35,
    36,
    37,
    38,
    39,
    40,
    41,
    42,
    43,
    44,
    45,
    46,
    47,
    48,
    49,
    50,
    51,
    52,
    53,
    54,
    55,
    56,
    57,
    58,
    59,
    60,
    61,
    62,
    63,
    64,
    65,
    66,
    67,
    68,
    69,
    70,
    71,
    72,
    73,
    74,
    75,
    76,
    77,
    78,
    79,
    80,
    81,
    82,
    83,
    84,
    85,
    86,
    87,
    88,
    89,
    90,
    91,
    92,
    93,
    94,
    95,
    96,
    97,
    98,
    99,
    100
  ],
  "train_loss": [
    6.551408107578754,
    5.50218101143837,
    4.801734191179276,
    4.362153662741184,
    4.035905756056309,
    3.7780601143836976,
    3.474851596355438,
    3.338449865579605,
    3.1065078541636466,
    2.9520672164857387,
    2.9296425692737103,
    2.7754160568118094,
    2.6051396399736406,
    2.591639021039009,
    2.411448509246111,
    2.3934569843113422,
    2.3601400159299373,
    2.3862213037908075,
    2.1715154074132443,
    2.2704019024968147,
    2.160145316272974,
    2.1361319199204445,
    2.122133355587721,
    2.142594439163804,
    2.029408072680235,
    2.0162363290786742,
    2.011484748870134,
    1.9367670640349388,
    1.9219078943133354,
    1.9106397293508053,
    1.887290634214878,
    1.8999810591340065,
    1.859389552846551,
    1.8505202569067478,
    1.8121974263340235,
    1.7698733631521464,
    1.8320572949945926,
    1.7592653639614582,
    1.7622003495693206,
    1.792461207509041,
    1.7055738031864167,
    1.8101594589650631,
    1.7239891450852156,
    1.6505972366780042,
    1.6291652239859105,
    1.6237367607653141,
    1.6891783103346825,
    1.7178289201110601,
    1.6600530494004488,
    1.6240993037819862,
    1.655689114332199,
    1.6070586077868938,
    1.5989149484783411,
    1.6030974078923463,
    1.578628870099783,
    1.6714512169361115,
    1.606256365776062,
    1.5779472578316927,
    1.563609128817916,
    1.5863205306231976,
    1.5371750231832266,
    1.5427936051040887,
    1.554351932927966,
    1.576626244187355,
    1.4889268893748522,
    1.5078328303992747,
    1.5133721180260182,
    1.5182825837284326,
    1.5182560838758945,
    1.4535603530704975,
    1.3937088787555694,
    1.4672344200313092,
    1.478733254596591,
    1.452157623320818,
    1.4579010408371686,
    1.4499469559639693,
    1.4156017448753118,
    1.4804663751274347,
    1.410302372649312,
    1.4157857850193978,
    1.425890789180994,
    1.4115772671997546,
    1.395006323605776,
    1.4236622389405966,
    1.3834855921566487,
    1.3438379421830178,
    1.4050145462155341,
    1.4252340972423554,
    1.397100592032075,
    1.3964470747858286,
    1.3789432514458895,
    1.3359258752316236,
    1.3721038810908794,
    1.3601372092962265,
    1.3112641490995884,
    1.380695939809084,
    1.340679867565632,
    1.3711974266916513,
    1.3434067860245704,
    1.326842531748116
  ],
  "train_acc": [
    2.98828125,
    4.90234375,
    8.26171875,
    11.54296875,
    14.04296875,
    17.96875,
    21.484375,
    23.45703125,
    27.20703125,
    30.859375,
    30.21484375,
    32.1484375,
    35.234375,
    35.703125,
    40.078125,
    39.82421875,
    41.0546875,
    40.46875,
    43.69140625,
    42.24609375,
    44.19921875,
    45.390625,
    44.6484375,
    44.6875,
    47.36328125,
    47.4609375,
    47.7734375,
    49.140625,
    49.58984375,
    49.43359375,
    50.1171875,
    49.86328125,
    51.42578125,
    51.328125,
    52.32421875,
    53.515625,
    52.20703125,
    53.10546875,
    53.3984375,
    52.3046875,
    55.05859375,
    51.4453125,
    54.04296875,
    54.74609375,
    56.7578125,
    56.38671875,
    53.59375,
    54.04296875,
    55.234375,
    56.09375,
    54.7265625,
    56.7578125,
    56.328125,
    57.40234375,
    56.8359375,
    54.82421875,
    57.109375,
    56.97265625,
    57.63671875,
    57.8515625,
    57.578125,
    57.8515625,
    57.265625,
    57.0703125,
    59.3359375,
    58.65234375,
    58.22265625,
    58.41796875,
    58.203125,
    60.52734375,
    61.875,
    60.0,
    59.5703125,
    60.17578125,
    59.62890625,
    60.5859375,
    60.25390625,
    59.86328125,
    61.4453125,
    60.17578125,
    60.6640625,
    60.8984375,
    61.77734375,
    60.1953125,
    61.71875,
    62.98828125,
    61.73828125,
    60.5859375,
    61.23046875,
    61.015625,
    60.72265625,
    62.28515625,
    62.40234375,
    62.0703125,
    63.41796875,
    61.42578125,
    62.9296875,
    61.50390625,
    62.48046875,
    63.33984375
  ],
  "val_loss": [
    NaN,
    NaN,
    NaN,
    NaN,
    NaN,
    NaN,
    NaN,
    NaN,
    NaN,
    3.0488495689392088,
    NaN,
    NaN,
    NaN,
    NaN,
    NaN,
    NaN,
    NaN,
    NaN,
    NaN,
    2.285438710784912,
    NaN,
    NaN,
    NaN,
    NaN,
    NaN,
    NaN,
    NaN,
    NaN,
    NaN,
    2.0050602115631104,
    NaN,
    NaN,
    NaN,
    NaN,
    NaN,
    NaN,
    NaN,
    NaN,
    NaN,
    1.8327875904083253,
    NaN,
    NaN,
    NaN,
    NaN,
    NaN,
    NaN,
    NaN,
    NaN,
    NaN,
    1.7626639520645142,
    NaN,
    NaN,
    NaN,
    NaN,
    NaN,
    NaN,
    NaN,
    NaN,
    NaN,
    1.6589324043273925,
    NaN,
    NaN,
    NaN,
    NaN,
    NaN,
    NaN,
    NaN,
    NaN,
    NaN,
    1.6047366823196412,
    NaN,
    NaN,
    NaN,
    NaN,
    NaN,
    NaN,
    NaN,
    NaN,
    NaN,
    1.5628639843940735,
    NaN,
    NaN,
    NaN,
    NaN,
    NaN,
    NaN,
    NaN,
    NaN,
    NaN,
    1.5111307060241699,
    NaN,
    NaN,
    NaN,
    NaN,
    NaN,
    NaN,
    NaN,
    NaN,
    NaN,
    1.47613331489563
  ],
  "val_acc": [
    NaN,
    NaN,
    NaN,
    NaN,
    NaN,
    NaN,
    NaN,
    NaN,
    NaN,
    28.62,
    NaN,
    NaN,
    NaN,
    NaN,
    NaN,
    NaN,
    NaN,
    NaN,
    NaN,
    40.86,
    NaN,
    NaN,
    NaN,
    NaN,
    NaN,
    NaN,
    NaN,
    NaN,
    NaN,
    48.54,
    NaN,
    NaN,
    NaN,
    NaN,
    NaN,
    NaN,
    NaN,
    NaN,
    NaN,
    51.04,
    NaN,
    NaN,
    NaN,
    NaN,
    NaN,
    NaN,
    NaN,
    NaN,
    NaN,
    52.94,
    NaN,
    NaN,
    NaN,
    NaN,
    NaN,
    NaN,
    NaN,
    NaN,
    NaN,
    55.96,
    NaN,
    NaN,
    NaN,
    NaN,
    NaN,
    NaN,
    NaN,
    NaN,
    NaN,
    55.84,
    NaN,
    NaN,
    NaN,
    NaN,
    NaN,
    NaN,
    NaN,
    NaN,
    NaN,
    57.56,
    NaN,
    NaN,
    NaN,
    NaN,
    NaN,
    NaN,
    NaN,
    NaN,
    NaN,
    59.26,
    NaN,
    NaN,
    NaN,
    NaN,
    NaN,
    NaN,
    NaN,
    NaN,
    NaN,
    59.36
  ],
  "test_loss": [
    NaN,
    NaN,
    NaN,
    NaN,
    NaN,
    NaN,
    NaN,
    NaN,
    NaN,
    2.767302655029297,
    NaN,
    NaN,
    NaN,
    NaN,
    NaN,
    NaN,
    NaN,
    NaN,
    NaN,
    1.960135439491272,
    NaN,
    NaN,
    NaN,
    NaN,
    NaN,
    NaN,
    NaN,
    NaN,
    NaN,
    1.6513693058013916,
    NaN,
    NaN,
    NaN,
    NaN,
    NaN,
    NaN,
    NaN,
    NaN,
    NaN,
    1.509265102005005,
    NaN,
    NaN,
    NaN,
    NaN,
    NaN,
    NaN,
    NaN,
    NaN,
    NaN,
    1.4245517908096315,
    NaN,
    NaN,
    NaN,
    NaN,
    NaN,
    NaN,
    NaN,
    NaN,
    NaN,
    1.3423077743530274,
    NaN,
    NaN,
    NaN,
    NaN,
    NaN,
    NaN,
    NaN,
    NaN,
    NaN,
    1.2898319675445558,
    NaN,
    NaN,
    NaN,
    NaN,
    NaN,
    NaN,
    NaN,
    NaN,
    NaN,
    1.252428866958618,
    NaN,
    NaN,
    NaN,
    NaN,
    NaN,
    NaN,
    NaN,
    NaN,
    NaN,
    1.2242125484466553,
    NaN,
    NaN,
    NaN,
    NaN,
    NaN,
    NaN,
    NaN,
    NaN,
    NaN,
    1.1929308681488038
  ],