{
  "round": [
    1,
    2,
    3,
    4,
    5,
    6,
    7,
    8,
    9,
    10,
    11,
    12,
    13,
    14,
    15,
    16,
    17,
    18,
    19,
    20,
    21,
    22,
    23,
    24,
    25,
    26,
    27,
    28,
    29,
    30,
    31,
    32,
    33,
    34,
    35,
    36,
    37,
    38,
    39,
    40,
    41,
    42,
    43,
    44,
    45,
    46,
    47,
    48,
    49,
    50,
    51,
    52,
    53,
    54,
    55,
    56,
    57,
    58,
    59,
    60,
    61,
    62,
    63,
    64,
    65,
    66,
    67,
    68,
    69,
    70,
    71,
    72,
    73,
    74,
    75,
    76,
    77,
    78,
    79,
    80,
    81,
    82,
    83,
    84,
    85,
    86,
    87,
    88,
    89,
    90,
    91,
    92,
    93,
    94,
    95,
    96,
    97,
    98,
    99,
    100
  ],
  "train_loss": [
    1.6030613072182809,
    1.7236641064474725,
    1.1993978539794585,
    1.7647430724313644,
    1.5514827166213752,
    1.3249361151170878,
    1.58203462061638,
    1.2544509252940532,
    1.5031975617245252,
    1.1338769281906746,
    0.990452942708612,
    1.0372874811747828,
    0.982929653269651,
    1.1699740100723877,
    0.9342183095849499,
    1.1011413860034973,
    1.0158907790479073,
    0.972583796508399,
    0.9181694858871776,
    0.8343123574416683,
    1.0433832681883741,
    0.5964816287787227,
    0.8471997578869969,
    0.9472081588107402,
    0.6483448190336422,
    0.9697439328940417,
    0.7729468908853294,
    1.1289235264112283,
    0.7110247465589662,
    0.6781428027203729,
    0.787296270305293,
    0.7132513999036445,
    0.599076896498657,
    0.9198063455352339,
    0.8521297164053176,
    0.6026031300692998,
    0.7716786566810427,
    0.9315323011560362,
    0.8111604598030133,
    0.8296222964903242,
    0.9969477562916076,
    0.8276566494491036,
    0.7369210100117938,
    0.7503096202841092,
    0.5115583787080527,
    0.5659113035489087,
    0.7462803951073951,
    0.6025431261915744,
    0.6822852129047898,
    0.7928007362890686,
    0.5932765420622678,
    0.7055428769887395,
    0.5307498558621685,
    0.4429337051666165,
    0.4892896483342124,
    0.86487888485075,
    0.5467436555062741,
    0.5973561421903264,
    0.5654902219505749,
    0.6661527580268318,
    0.6052616688985061,
    0.6560224970949773,
    0.7021769218922718,
    0.4861625353691205,
    0.4705144198163584,
    0.5776940538585891,
    0.6187104108518643,
    0.3297668838215709,
    0.7553894645527932,
    0.5767330559553676,
    0.42564330543816364,
    0.4035846813847669,
    0.4892038349836154,
    0.5316124280329481,
    0.5813436119893776,
    0.5901595930376964,
    0.44502382336213087,
    0.5763853836274497,
    0.5642399960094747,
    0.597513644513518,
    0.4975758674805616,
    0.43016101712146926,
    0.6491481594478812,
    0.5347324137797947,
    0.590918573286202,
    0.5502158295596277,
    0.44363119776846,
    0.5341151691627946,
    0.45030618583647897,
    0.4449024333132169,
    0.4639073350615834,
    0.52835586541225,
    0.46287344959263504,
    0.4283110658853718,
    0.40544926481658694,
    0.4748527575287643,
    0.3105630492375191,
    0.7250668780476852,
    0.5099027742275254,
    0.5010254762723378
  ],
  "train_acc": [
    76.8359375,
    76.6015625,
    79.7265625,
    77.1484375,
    78.0859375,
    78.984375,
    76.9921875,
    79.3359375,
    77.265625,
    81.2109375,
    81.09375,
    81.1328125,
    82.7734375,
    78.671875,
    82.9296875,
    80.2734375,
    81.5625,
    82.3828125,
    81.5625,
    83.0859375,
    81.7578125,
    86.7578125,
    83.2421875,
    82.8515625,
    85.390625,
    82.2265625,
    84.21875,
    81.40625,
    84.9609375,
    85.859375,
    84.0234375,
    85.1953125,
    85.9765625,
    83.0078125,
    84.2578125,
    87.0703125,
    85.9375,
    83.984375,
    83.671875,
    83.28125,
    83.75,
    83.59375,
    83.9453125,
    83.9453125,
    87.96875,
    86.7578125,
    84.8828125,
    86.875,
    84.8046875,
    83.75,
    86.6015625,
    86.3671875,
    86.9140625,
    89.375,
    88.3984375,
    82.9296875,
    87.2265625,
    85.6640625,
    87.1484375,
    84.9609375,
    86.5625,
    86.1328125,
    84.765625,
    88.828125,
    88.9453125,
    86.7578125,
    86.3671875,
    90.8984375,
    84.53125,
    86.7578125,
    90.0390625,
    90.2734375,
    87.7734375,
    87.265625,
    86.6796875,
    87.4609375,
    89.140625,
    86.40625,
    86.9140625,
    86.3671875,
    88.1640625,
    89.453125,
    86.875,
    88.046875,
    87.0703125,
    86.7578125,
    90.078125,
    86.6796875,
    88.671875,
    88.7890625,
    88.7890625,
    87.109375,
    88.3203125,
    89.765625,
    90.46875,
    88.3984375,
    91.25,
    84.8828125,
    88.3203125,
    87.96875
  ],
  "val_loss": [
    NaN,
    NaN,
    NaN,
    NaN,
    NaN,
    NaN,
    NaN,
    NaN,
    NaN,
    7.161848427581787,
    NaN,
    NaN,
    NaN,
    NaN,
    NaN,
    NaN,
    NaN,
    NaN,
    NaN,
    7.452792068481445,
    NaN,
    NaN,
    NaN,
    NaN,
    NaN,
    NaN,
    NaN,
    NaN,
    NaN,
    7.4733348587036135,
    NaN,
    NaN,
    NaN,
    NaN,
    NaN,
    NaN,
    NaN,
    NaN,
    NaN,
    6.807461322021484,
    NaN,
    NaN,
    NaN,
    NaN,
    NaN,
    NaN,
    NaN,
    NaN,
    NaN,
    6.676071813201904,
    NaN,
    NaN,
    NaN,
    NaN,
    NaN,
    NaN,
    NaN,
    NaN,
    NaN,
    7.4135859512329105,
    NaN,
    NaN,
    NaN,
    NaN,
    NaN,
    NaN,
    NaN,
    NaN,
    NaN,
    6.28809317779541,
    NaN,
    NaN,
    NaN,
    NaN,
    NaN,
    NaN,
    NaN,
    NaN,
    NaN,
    6.141615251159668,
    NaN,
    NaN,
    NaN,
    NaN,
    NaN,
    NaN,
    NaN,
    NaN,
    NaN,
    6.245875894165039,
    NaN,
    NaN,
    NaN,
    NaN,
    NaN,
    NaN,
    NaN,
    NaN,
    NaN,
    6.41549280090332
  ],
  "val_acc": [
    NaN,
    NaN,
    NaN,
    NaN,
    NaN,
    NaN,
    NaN,
    NaN,
    NaN,
    4.0,
    NaN,
    NaN,
    NaN,
    NaN,
    NaN,
    NaN,
    NaN,
    NaN,
    NaN,
    5.84,
    NaN,
    NaN,
    NaN,
    NaN,
    NaN,
    NaN,
    NaN,
    NaN,
    NaN,
    7.82,
    NaN,
    NaN,
    NaN,
    NaN,
    NaN,
    NaN,
    NaN,
    NaN,
    NaN,
    11.18,
    NaN,
    NaN,
    NaN,
    NaN,
    NaN,
    NaN,
    NaN,
    NaN,
    NaN,
    12.44,
    NaN,
    NaN,
    NaN,
    NaN,
    NaN,
    NaN,
    NaN,
    NaN,
    NaN,
    8.64,
    NaN,
    NaN,
    NaN,
    NaN,
    NaN,
    NaN,
    NaN,
    NaN,
    NaN,
    17.16,
    NaN,
    NaN,
    NaN,
    NaN,
    NaN,
    NaN,
    NaN,
    NaN,
    NaN,
    18.76,
    NaN,
    NaN,
    NaN,
    NaN,
    NaN,
    NaN,
    NaN,
    NaN,
    NaN,
    19.68,
    NaN,
    NaN,
    NaN,
    NaN,
    NaN,
    NaN,
    NaN,
    NaN,
    NaN,
    18.76
  ],
  "test_loss": [
    NaN,
    NaN,
    NaN,
    NaN,
    NaN,
    NaN,
    NaN,
    NaN,
    NaN,
    7.11698077545166,
    NaN,
    NaN,
    NaN,
    NaN,
    NaN,
    NaN,
    NaN,
    NaN,
    NaN,
    7.199775258636475,
    NaN,
    NaN,
    NaN,
    NaN,
    NaN,
    NaN,
    NaN,
    NaN,
    NaN,
    7.024607540893554,
    NaN,
    NaN,
    NaN,
    NaN,
    NaN,
    NaN,
    NaN,
    NaN,
    NaN,
    6.461807762145996,
    NaN,
    NaN,
    NaN,
    NaN,
    NaN,
    NaN,
    NaN,
    NaN,
    NaN,
    6.460557940673828,
    NaN,
    NaN,
    NaN,
    NaN,
    NaN,
    NaN,
    NaN,
    NaN,
    NaN,
    7.254011738586426,
    NaN,
    NaN,
    NaN,
    NaN,
    NaN,
    NaN,
    NaN,
    NaN,
    NaN,
    6.022218913269043,
    NaN,
    NaN,
    NaN,
    NaN,
    NaN,
    NaN,
    NaN,
    NaN,
    NaN,
    5.964889232635498,
    NaN,
    NaN,
    NaN,
    NaN,
    NaN,
    NaN,
    NaN,
    NaN,
    NaN,
    6.067244051742554,
    NaN,
    NaN,
    NaN,
    NaN,
    NaN,
    NaN,
    NaN,
    NaN,
    NaN,
    6.135182692718506
  ],