{
  "round": [
    1,
    2,
    3,
    4,
    5,
    6,
    7,
    8,
    9,
    10,
    11,
    12,
    13,
    14,
    15,
    16,
    17,
    18,
    19,
    20,
    21,
    22,
    23,
    24,
    25,
    26,
    27,
    28,
    29,
    30,
    31,
    32,
    33,
    34,
    35,
    36,
    37,
    38,
    39,
    40,
    41,
    42,
    43,
    44,
    45,
    46,
    47,
    48,
    49,
    50,
    51,
    52,
    53,
    54,
    55,
    56,
    57,
    58,
    59,
    60,
    61,
    62,
    63,
    64,
    65,
    66,
    67,
    68,
    69,
    70,
    71,
    72,
    73,
    74,
    75,
    76,
    77,
    78,
    79,
    80,
    81,
    82,
    83,
    84,
    85,
    86,
    87,
    88,
    89,
    90,
    91,
    92,
    93,
    94,
    95,
    96,
    97,
    98,
    99,
    100
  ],
  "train_loss": [
    2.8699763503376743,
    3.2126598742870556,
    2.6328797140488858,
    2.5692623660186653,
    2.2894216076336305,
    2.218415625333364,
    2.793467969601079,
    2.29148944503022,
    2.728988807729911,
    2.245523455398677,
    1.9520924995251334,
    2.125367025459127,
    1.9712479725029879,
    1.9664183621133589,
    1.6739887494993126,
    2.1120819776067945,
    2.0986974557411484,
    1.7705900251647109,
    1.7805499222645722,
    1.6450154900116103,
    1.8511392383323255,
    1.285282706327689,
    1.7455761376939336,
    1.9219653987936909,
    1.6292672997929913,
    1.966057691104743,
    1.6344500851295378,
    1.9160480610204105,
    1.5620775671247429,
    1.5549612373970376,
    1.6534937870870636,
    1.3953618719522751,
    1.4148717904638033,
    1.6757921971591714,
    1.5883849530775478,
    1.0962291536678095,
    1.7564944124641328,
    1.725952125912545,
    1.8143435036297888,
    1.4342352331533221,
    1.3618846382116316,
    1.8308353856957182,
    1.5215482833205898,
    1.282766278519921,
    1.2164921493858856,
    1.3038670991515573,
    1.4511850393897476,
    1.4791472955606877,
    1.5211013383861427,
    1.4289473836563047,
    1.2598713635010426,
    1.292831430987644,
    1.2361027481314522,
    1.0821978136140387,
    1.093267367701992,
    1.8428930108100758,
    1.244195897859845,
    1.3608597079768514,
    1.228564193751481,
    1.42018201939718,
    1.0817777314532577,
    1.0656205737570417,
    1.3531632000906029,
    1.0773253241277416,
    1.003245138265811,
    1.326733065946246,
    1.3547031605388384,
    0.8418698570996639,
    1.6199747612539794,
    1.1186720723708277,
    1.0336316512461052,
    0.9938732252354384,
    0.9164688188247965,
    1.349427048735015,
    1.2554636298180413,
    1.1609483841832116,
    1.1208525551679487,
    1.2628718368781846,
    1.0487774690931473,
    1.223410019179937,
    1.0145394103627041,
    0.9118627603133973,
    1.2082578531793842,
    1.134037860306512,
    1.0658511465544507,
    1.3278950444441762,
    1.0090728465913343,
    1.2219563143466075,
    0.9285266103441245,
    0.9976828664832282,
    1.084719699456946,
    1.1315737185366743,
    1.0321781362280489,
    0.875463007651706,
    0.9693090898526862,
    1.0838829945823818,
    0.7164450764212233,
    1.3536670802357094,
    1.0531287988491385,
    1.0863912325132332
  ],
  "train_acc": [
    55.546875,
    52.1875,
    57.734375,
    56.953125,
    59.6875,
    60.0,
    58.203125,
    60.078125,
    56.5625,
    61.875,
    62.890625,
    61.953125,
    64.921875,
    62.8125,
    67.421875,
    60.3125,
    63.125,
    65.859375,
    64.765625,
    66.71875,
    66.328125,
    71.484375,
    67.265625,
    63.828125,
    67.734375,
    63.359375,
    67.1875,
    65.0,
    69.375,
    66.5625,
    65.78125,
    69.921875,
    70.3125,
    66.953125,
    68.125,
    73.671875,
    67.96875,
    65.546875,
    65.703125,
    69.765625,
    70.3125,
    64.6875,
    68.59375,
    70.859375,
    73.515625,
    72.96875,
    69.140625,
    70.46875,
    68.125,
    69.21875,
    71.875,
    73.046875,
    73.359375,
    74.21875,
    74.84375,
    64.609375,
    71.5625,
    71.25,
    73.28125,
    70.390625,
    74.0625,
    74.53125,
    69.453125,
    76.171875,
    76.015625,
    72.34375,
    70.859375,
    78.671875,
    65.859375,
    75.390625,
    76.25,
    76.484375,
    77.03125,
    71.25,
    72.5,
    74.6875,
    73.75,
    72.890625,
    74.0625,
    71.328125,
    75.546875,
    78.515625,
    73.125,
    75.15625,
    74.0625,
    70.78125,
    76.328125,
    71.71875,
    77.890625,
    76.40625,
    74.609375,
    73.203125,
    74.140625,
    78.75,
    77.96875,
    75.625,
    82.734375,
    70.3125,
    74.84375,
    74.375
  ],
  "val_loss": [
    NaN,
    NaN,
    NaN,
    NaN,
    NaN,
    NaN,
    NaN,
    NaN,
    NaN,
    6.805517755126953,
    NaN,
    NaN,
    NaN,
    NaN,
    NaN,
    NaN,
    NaN,
    NaN,
    NaN,
    6.75105924987793,
    NaN,
    NaN,
    NaN,
    NaN,
    NaN,
    NaN,
    NaN,
    NaN,
    NaN,
    6.87706050567627,
    NaN,
    NaN,
    NaN,
    NaN,
    NaN,
    NaN,
    NaN,
    NaN,
    NaN,
    6.3856534622192385,
    NaN,
    NaN,
    NaN,
    NaN,
    NaN,
    NaN,
    NaN,
    NaN,
    NaN,
    6.28936457977295,
    NaN,
    NaN,
    NaN,
    NaN,
    NaN,
    NaN,
    NaN,
    NaN,
    NaN,
    6.314846076965332,
    NaN,
    NaN,
    NaN,
    NaN,
    NaN,
    NaN,
    NaN,
    NaN,
    NaN,
    6.017851321411133,
    NaN,
    NaN,
    NaN,
    NaN,
    NaN,
    NaN,
    NaN,
    NaN,
    NaN,
    5.952788034820557,
    NaN,
    NaN,
    NaN,
    NaN,
    NaN,
    NaN,
    NaN,
    NaN,
    NaN,
    6.043141093444825,
    NaN,
    NaN,
    NaN,
    NaN,
    NaN,
    NaN,
    NaN,
    NaN,
    NaN,
    5.996346273803711
  ],
  "val_acc": [
    NaN,
    NaN,
    NaN,
    NaN,
    NaN,
    NaN,
    NaN,
    NaN,
    NaN,
    2.68,
    NaN,
    NaN,
    NaN,
    NaN,
    NaN,
    NaN,
    NaN,
    NaN,
    NaN,
    5.12,
    NaN,
    NaN,
    NaN,
    NaN,
    NaN,
    NaN,
    NaN,
    NaN,
    NaN,
    5.44,
    NaN,
    NaN,
    NaN,
    NaN,
    NaN,
    NaN,
    NaN,
    NaN,
    NaN,
    7.52,
    NaN,
    NaN,
    NaN,
    NaN,
    NaN,
    NaN,
    NaN,
    NaN,
    NaN,
    9.3,
    NaN,
    NaN,
    NaN,
    NaN,
    NaN,
    NaN,
    NaN,
    NaN,
    NaN,
    9.1,
    NaN,
    NaN,
    NaN,
    NaN,
    NaN,
    NaN,
    NaN,
    NaN,
    NaN,
    13.04,
    NaN,
    NaN,
    NaN,
    NaN,
    NaN,
    NaN,
    NaN,
    NaN,
    NaN,
    15.58,
    NaN,
    NaN,
    NaN,
    NaN,
    NaN,
    NaN,
    NaN,
    NaN,
    NaN,
    15.84,
    NaN,
    NaN,
    NaN,
    NaN,
    NaN,
    NaN,
    NaN,
    NaN,
    NaN,
    15.98
  ],
  "test_loss": [
    NaN,
    NaN,
    NaN,
    NaN,
    NaN,
    NaN,
    NaN,
    NaN,
    NaN,
    6.757539728546143,
    NaN,
    NaN,
    NaN,
    NaN,
    NaN,
    NaN,
    NaN,
    NaN,
    NaN,
    6.603848133850097,
    NaN,
    NaN,
    NaN,
    NaN,
    NaN,
    NaN,
    NaN,
    NaN,
    NaN,
    6.529092204284668,
    NaN,
    NaN,
    NaN,
    NaN,
    NaN,
    NaN,
    NaN,
    NaN,
    NaN,
    6.134278602600098,
    NaN,
    NaN,
    NaN,
    NaN,
    NaN,
    NaN,
    NaN,
    NaN,
    NaN,
    6.075398045349121,
    NaN,
    NaN,
    NaN,
    NaN,
    NaN,
    NaN,
    NaN,
    NaN,
    NaN,
    6.225469190216065,
    NaN,
    NaN,
    NaN,
    NaN,
    NaN,
    NaN,
    NaN,
    NaN,
    NaN,
    5.852757905578613,
    NaN,
    NaN,
    NaN,
    NaN,
    NaN,
    NaN,
    NaN,
    NaN,
    NaN,
    5.776829193115234,
    NaN,
    NaN,
    NaN,
    NaN,
    NaN,
    NaN,
    NaN,
    NaN,
    NaN,
    5.900276568603515,
    NaN,
    NaN,
    NaN,
    NaN,
    NaN,
    NaN,
    NaN,
    NaN,
    NaN,
    5.808695134735108
  ],