{
  "train_loss": [
    2.3245963536489063,
    1.643390881981314,
    1.545431194061236,
    1.5007759632799738,
    1.4831258635093614,
    1.4716498772925029,
    1.4189933068721765,
    1.3937423652300285,
    1.3717653842942303,
    1.3181940032272557,
    1.2948270889468079,
    1.2747871294130133,
    1.2434551066389126,
    1.206268623068526,
    1.1797809744118626,
    1.159089617166207,
    1.1541804661537132,
    1.1146210124278983,
    1.1205703328717314,
    1.1032628946928347
  ],
  "val_acc": [
    58.48,
    60.24,
    60.82,
    62.74,
    63.34,
    62.76,
    64.06,
    65.28,
    65.26,
    65.12,
    65.66,
    66.84,
    66.02,
    66.74,
    67.36,
    67.72,
    67.94,
    67.94,
    67.84,
    68.8
  ]
}