{
  "train_loss": [
    5.535697883087744,
    5.605079600346377,
    5.568178628959493,
    5.488592045744656,
    5.353962397337977,
    5.124368413583313,
    4.8506252117889535,
    4.48883477010225,
    4.172447603084624,
    3.745995591578748,
    3.4120650550888407,
    3.124086892621785,
    2.81739139573842,
    2.4990580733097127,
    2.2492352007632572,
    2.047040238997675,
    1.9160084733752742,
    1.754145759691724,
    1.7192043232205583,
    1.6523004058075494
  ],
  "val_acc": [
    50.92,
    53.64,
    54.94,
    56.76,
    56.04,
    55.4,
    60.18,
    60.04,
    60.24,
    59.6,
    61.4,
    62.46,
    63.08,
    62.84,
    64.88,
    66.18,
    66.74,
    66.42,
    67.46,
    67.92
  ]
}