{
  "round": [
    1,
    2,
    3,
    4,
    5,
    6,
    7,
    8,
    9,
    10,
    11,
    12,
    13,
    14,
    15,
    16,
    17,
    18,
    19,
    20,
    21,
    22,
    23,
    24,
    25,
    26,
    27,
    28,
    29,
    30,
    31,
    32,
    33,
    34,
    35,
    36,
    37,
    38,
    39,
    40,
    41,
    42,
    43,
    44,
    45,
    46,
    47,
    48,
    49,
    50,
    51,
    52,
    53,
    54,
    55,
    56,
    57,
    58,
    59,
    60,
    61,
    62,
    63,
    64,
    65,
    66,
    67,
    68,
    69,
    70,
    71,
    72,
    73,
    74,
    75,
    76,
    77,
    78,
    79,
    80,
    81,
    82,
    83,
    84,
    85,
    86,
    87,
    88,
    89,
    90,
    91,
    92,
    93,
    94,
    95,
    96,
    97,
    98,
    99,
    100,
    101,
    102,
    103,
    104,
    105,
    106,
    107,
    108,
    109,
    110,
    111,
    112,
    113,
    114,
    115,
    116,
    117,
    118,
    119,
    120,
    121,
    122,
    123,
    124,
    125,
    126,
    127,
    128,
    129,
    130,
    131,
    132,
    133,
    134,
    135,
    136,
    137,
    138,
    139,
    140,
    141,
    142,
    143,
    144,
    145,
    146,
    147,
    148,
    149,
    150,
    151,
    152,
    153,
    154,
    155,
    156,
    157,
    158,
    159,
    160,
    161,
    162,
    163,
    164,
    165,
    166,
    167,
    168,
    169,
    170,
    171,
    172,
    173,
    174,
    175,
    176,
    177,
    178,
    179,
    180,
    181,
    182,
    183,
    184,
    185,
    186,
    187,
    188,
    189,
    190,
    191,
    192,
    193,
    194,
    195,
    196,
    197,
    198,
    199,
    200
  ],
  "train_acc": [
    67.65625,
    50.234375,
    30.859375,
    47.03125,
    52.5,
    58.90625,
    61.40625,
    64.453125,
    63.28125,
    68.125,
    69.375,
    65.859375,
    62.421875,
    70.234375,
    75.703125,
    75.234375,
    78.828125,
    75.9375,
    77.109375,
    80.625,
    78.515625,
    75.546875,
    76.484375,
    75.859375,
    77.65625,
    77.578125,
    77.578125,
    81.015625,
    77.65625,
    78.4375,
    75.78125,
    75.15625,
    77.1875,
    80.390625,
    82.1875,
    82.65625,
    77.890625,
    80.859375,
    78.984375,
    80.078125,
    77.5,
    83.359375,
    82.734375,
    78.125,
    78.828125,
    80.46875,
    79.375,
    79.765625,
    77.1875,
    80.703125,
    83.046875,
    79.296875,
    80.46875,
    84.453125,
    82.03125,
    83.59375,
    82.1875,
    80.546875,
    81.25,
    81.09375,
    78.984375,
    81.015625,
    77.1875,
    77.5,
    83.515625,
    82.578125,
    84.21875,
    82.8125,
    81.40625,
    83.28125,
    82.1875,
    85.625,
    83.984375,
    82.734375,
    86.015625,
    84.921875,
    83.984375,
    85.625,
    84.21875,
    82.890625,
    84.765625,
    84.609375,
    82.03125,
    82.65625,
    83.4375,
    80.078125,
    86.328125,
    84.296875,
    80.859375,
    85.234375,
    82.34375,
    82.5,
    84.296875,
    83.90625,
    85.703125,
    87.65625,
    85.15625,
    85.859375,
    85.234375,
    87.03125,
    85.78125,
    85.703125,
    84.84375,
    85.9375,
    87.5,
    86.640625,
    84.0625,
    83.90625,
    83.515625,
    84.53125,
    88.125,
    85.859375,
    86.484375,
    83.515625,
    85.46875,
    88.59375,
    86.71875,
    86.171875,
    83.515625,
    85.9375,
    84.0625,
    83.671875,
    80.46875,
    84.84375,
    86.015625,
    84.375,
    84.609375,
    82.578125,
    88.359375,
    88.671875,
    86.875,
    88.203125,
    86.40625,
    86.015625,
    86.484375,
    87.421875,
    84.296875,
    86.875,
    83.046875,
    86.09375,
    86.71875,
    85.3125,
    86.640625,
    89.375,
    81.953125,
    86.640625,
    84.140625,
    85.78125,
    85.703125,
    88.28125,
    84.0625,
    88.28125,
    87.734375,
    85.9375,
    86.40625,
    86.328125,
    86.484375,
    89.53125,
    84.84375,
    87.1875,
    89.453125,
    88.90625,
    88.203125,
    85.0,
    87.734375,
    87.34375,
    85.0,
    90.390625,
    87.109375,
    87.421875,
    86.953125,
    89.53125,
    90.0,
    89.765625,
    88.203125,
    86.71875,
    88.75,
    87.1875,
    87.890625,
    87.421875,
    85.15625,
    87.578125,
    86.015625,
    88.125,
    87.96875,
    89.21875,
    88.359375,
    87.1875,
    88.59375,
    88.75,
    86.484375,
    87.8125,
    87.96875,
    86.5625,
    86.796875,
    89.453125,
    87.8125,
    87.578125,
    87.109375,
    89.296875
  ],
  "val_acc": [
    null,
    null,
    null,
    null,
    null,
    null,
    null,
    null,
    null,
    47.02,
    null,
    null,
    null,
    null,
    null,
    null,
    null,
    null,
    null,
    61.44,
    null,
    null,
    null,
    null,
    null,
    null,
    null,
    null,
    null,
    63.88,
    null,
    null,
    null,
    null,
    null,
    null,
    null,
    null,
    null,
    64.24,
    null,
    null,
    null,
    null,
    null,
    null,
    null,
    null,
    null,
    68.82,
    null,
    null,
    null,
    null,
    null,
    null,
    null,
    null,
    null,
    68.68,
    null,
    null,
    null,
    null,
    null,
    null,
    null,
    null,
    null,
    71.94,
    null,
    null,
    null,
    null,
    null,
    null,
    null,
    null,
    null,
    74.4,
    null,
    null,
    null,
    null,
    null,
    null,
    null,
    null,
    null,
    71.88,
    null,
    null,
    null,
    null,
    null,
    null,
    null,
    null,
    null,
    73.6,
    null,
    null,
    null,
    null,
    null,
    null,
    null,
    null,
    null,
    72.98,
    null,
    null,
    null,
    null,
    null,
    null,
    null,
    null,
    null,
    71.02,
    null,
    null,
    null,
    null,
    null,
    null,
    null,
    null,
    null,
    74.84,
    null,
    null,
    null,
    null,
    null,
    null,
    null,
    null,
    null,
    70.1,
    null,
    null,
    null,
    null,
    null,
    null,
    null,
    null,
    null,
    74.28,
    null,
    null,
    null,
    null,
    null,
    null,
    null,
    null,
    null,
    75.2,
    null,
    null,
    null,
    null,
    null,
    null,
    null,
    null,
    null,
    74.84,
    null,
    null,
    null,
    null,
    null,
    null,
    null,
    null,
    null,
    74.66,
    null,
    null,
    null,
    null,
    null,
    null,
    null,
    null,
    null,
    76.86,
    null,
    null,
    null,
    null,
    null,
    null,
    null,
    null,
    null,
    76.06
  ],