{
  "round": [
    1,
    2,
    3,
    4,
    5,
    6,
    7,
    8,
    9,
    10,
    11,
    12,
    13,
    14,
    15,
    16,
    17,
    18,
    19,
    20,
    21,
    22,
    23,
    24,
    25,
    26,
    27,
    28,
    29,
    30,
    31,
    32,
    33,
    34,
    35,
    36,
    37,
    38,
    39,
    40,
    41,
    42,
    43,
    44,
    45,
    46,
    47,
    48,
    49,
    50,
    51,
    52,
    53,
    54,
    55,
    56,
    57,
    58,
    59,
    60,
    61,
    62,
    63,
    64,
    65,
    66,
    67,
    68,
    69,
    70,
    71,
    72,
    73,
    74,
    75,
    76,
    77,
    78,
    79,
    80,
    81,
    82,
    83,
    84,
    85,
    86,
    87,
    88,
    89,
    90,
    91,
    92,
    93,
    94,
    95,
    96,
    97,
    98,
    99,
    100
  ],
  "train_acc": [
    59.2578125,
    50.7421875,
    55.4296875,
    64.1796875,
    71.796875,
    69.453125,
    73.046875,
    74.1015625,
    71.7578125,
    74.765625,
    82.03125,
    82.96875,
    81.328125,
    80.625,
    81.875,
    81.5625,
    80.5078125,
    83.046875,
    81.328125,
    81.9921875,
    81.71875,
    83.9453125,
    82.1484375,
    82.5390625,
    82.9296875,
    84.453125,
    82.6171875,
    83.75,
    84.6875,
    84.1015625,
    83.28125,
    83.671875,
    83.125,
    83.2421875,
    86.484375,
    82.7734375,
    83.28125,
    84.375,
    84.7265625,
    84.296875,
    84.84375,
    84.1015625,
    86.1328125,
    84.5703125,
    86.1328125,
    85.8984375,
    85.46875,
    85.3125,
    85.3125,
    85.3125,
    86.640625,
    87.109375,
    86.953125,
    87.8515625,
    86.2890625,
    85.625,
    85.6640625,
    84.0234375,
    86.5625,
    86.6015625,
    84.453125,
    87.5,
    85.625,
    86.796875,
    87.96875,
    85.8203125,
    84.53125,
    85.3515625,
    85.625,
    87.578125,
    85.3515625,
    86.25,
    87.1484375,
    87.9296875,
    84.375,
    86.796875,
    85.9375,
    88.3203125,
    87.4609375,
    88.0078125,
    88.515625,
    87.578125,
    88.90625,
    88.2421875,
    89.609375,
    87.1484375,
    89.1015625,
    88.5546875,
    86.2890625,
    88.3203125,
    88.046875,
    86.71875,
    89.0625,
    88.671875,
    88.671875,
    88.0078125,
    87.734375,
    86.9921875,
    88.7890625,
    87.734375
  ],
  "val_acc": [
    null,
    null,
    null,
    null,
    null,
    null,
    null,
    null,
    null,
    71.24,
    null,
    null,
    null,
    null,
    null,
    null,
    null,
    null,
    null,
    74.82,
    null,
    null,
    null,
    null,
    null,
    null,
    null,
    null,
    null,
    75.4,
    null,
    null,
    null,
    null,
    null,
    null,
    null,
    null,
    null,
    75.08,
    null,
    null,
    null,
    null,
    null,
    null,
    null,
    null,
    null,
    77.2,
    null,
    null,
    null,
    null,
    null,
    null,
    null,
    null,
    null,
    75.92,
    null,
    null,
    null,
    null,
    null,
    null,
    null,
    null,
    null,
    77.22,
    null,
    null,
    null,
    null,
    null,
    null,
    null,
    null,
    null,
    77.68,
    null,
    null,
    null,
    null,
    null,
    null,
    null,
    null,
    null,
    76.96,
    null,
    null,
    null,
    null,
    null,
    null,
    null,
    null,
    null,
    77.48
  ],
  "test_acc": [
    null,
    null,
    null,
    null,
    null,
    null,
    null,
    null,
    null,
    75.95,
    null,
    null,
    null,
    null,
    null,
    null,
    null,
    null,
    null,
    79.37,
    null,
    null,
    null,
    null,
    null,
    null,
    null,
    null,
    null,
    79.54,
    null,
    null,
    null,
    null,
    null,
    null,
    null,
    null,
    null,
    79.71,
    null,
    null,
    null,
    null,
    null,
    null,
    null,
    null,
    null,
    80.78,
    null,
    null,
    null,
    null,
    null,
    null,
    null,
    null,
    null,
    79.91,
    null,
    null,
    null,
    null,
    null,
    null,
    null,
    null,
    null,
    80.97,
    null,
    null,
    null,
    null,
    null,
    null,
    null,
    null,
    null,
    80.86,
    null,
    null,
    null,
    null,
    null,
    null,
    null,
    null,
    null,
    80.58,
    null,
    null,
    null,
    null,
    null,
    null,
    null,
    null,
    null,
    81.17
  ],
  "val_loss": [
    null,
    null,
    null,
    null,
    null,
    null,
    null,
    null,
    null,
    1.3148828358888627,
    null,
    null,
    null,
    null,
    null,
    null,
    null,
    null,
    null,
    1.0412770593643188,
    null,
    null,
    null,
    null,
    null,
    null,
    null,
    null,
    null,
    1.0200025487661362,
    null,
    null,
    null,
    null,
    null,
    null,
    null,
    null,
    null,
    0.9965870168209076,
    null,
    null,
    null,
    null,
    null,
    null,
    null,
    null,
    null,
    0.8766116923332214,
    null,
    null,
    null,
    null,
    null,
    null,
    null,
    null,
    null,
    0.9396871811449528,
    null,
    null,
    null,
    null,
    null,
    null,
    null,
    null,
    null,
    0.8391712385892868,
    null,
    null,
    null,
    null,
    null,
    null,
    null,
    null,
    null,
    0.8392920445203781,
    null,
    null,
    null,
    null,
    null,
    null,
    null,
    null,
    null,
    0.8574684780120849,
    null,
    null,
    null,
    null,
    null,
    null,
    null,
    null,
    null,
    0.8255704355090857
  ],
  "test_loss": [
    null,
    null,
    null,
    null,
    null,
    null,
    null,
    null,
    null,
    1.0872105028152466,
    null,
    null,
    null,
    null,
    null,
    null,
    null,
    null,
    null,
    0.8465584360599517,
    null,
    null,
    null,
    null,
    null,
    null,
    null,
    null,
    null,
    0.8577509498596192,
    null,
    null,
    null,
    null,
    null,
    null,
    null,
    null,
    null,
    0.7855136403083801,
    null,
    null,
    null,
    null,
    null,
    null,
    null,
    null,
    null,
    0.7358967022895813,
    null,
    null,
    null,
    null,
    null,
    null,
    null,
    null,
    null,
    0.769759469127655,
    null,
    null,
    null,
    null,
    null,
    null,
    null,
    null,
    null,
    0.7075987693786621,
    null,
    null,
    null,
    null,
    null,
    null,
    null,
    null,
    null,
    0.6916980152606964,
    null,
    null,
    null,
    null,
    null,
    null,
    null,
    null,
    null,
    0.7070698008060455,
    null,
    null,
    null,
    null,
    null,
    null,
    null,
    null,
    null,
    0.6721929468631744
  ],
  "best_val_acc": 77.68
}