{
  "round": [
    1,
    2,
    3,
    4,
    5,
    6,
    7,
    8,
    9,
    10,
    11,
    12,
    13,
    14,
    15,
    16,
    17,
    18,
    19,
    20,
    21,
    22,
    23,
    24,
    25,
    26,
    27,
    28,
    29,
    30,
    31,
    32,
    33,
    34,
    35,
    36,
    37,
    38,
    39,
    40,
    41,
    42,
    43,
    44,
    45,
    46,
    47,
    48,
    49,
    50,
    51,
    52,
    53,
    54,
    55,
    56,
    57,
    58,
    59,
    60,
    61,
    62,
    63,
    64,
    65,
    66,
    67,
    68,
    69,
    70,
    71,
    72,
    73,
    74,
    75,
    76,
    77,
    78,
    79,
    80,
    81,
    82,
    83,
    84,
    85,
    86,
    87,
    88,
    89,
    90,
    91,
    92,
    93,
    94,
    95,
    96,
    97,
    98,
    99,
    100,
    101,
    102,
    103,
    104,
    105,
    106,
    107,
    108,
    109,
    110,
    111,
    112,
    113,
    114,
    115,
    116,
    117,
    118,
    119,
    120,
    121,
    122,
    123,
    124,
    125,
    126,
    127,
    128,
    129,
    130,
    131,
    132,
    133,
    134,
    135,
    136,
    137,
    138,
    139,
    140,
    141,
    142,
    143,
    144,
    145,
    146,
    147,
    148,
    149,
    150,
    151,
    152,
    153,
    154,
    155,
    156,
    157,
    158,
    159,
    160,
    161,
    162,
    163,
    164,
    165,
    166,
    167,
    168,
    169,
    170,
    171,
    172,
    173,
    174,
    175,
    176,
    177,
    178,
    179,
    180,
    181,
    182,
    183,
    184,
    185,
    186,
    187,
    188,
    189,
    190,
    191,
    192,
    193,
    194,
    195,
    196,
    197,
    198,
    199,
    200
  ],
  "train_acc": [
    67.890625,
    69.140625,
    69.84375,
    65.859375,
    67.578125,
    71.953125,
    73.359375,
    70.390625,
    69.21875,
    71.796875,
    70.703125,
    72.578125,
    68.671875,
    70.9375,
    70.078125,
    70.546875,
    76.71875,
    71.5625,
    71.5625,
    74.6875,
    76.015625,
    72.8125,
    72.109375,
    73.203125,
    73.828125,
    72.890625,
    72.734375,
    75.3125,
    70.9375,
    72.578125,
    73.203125,
    75.234375,
    75.78125,
    72.5,
    76.328125,
    75.546875,
    72.109375,
    78.203125,
    73.671875,
    73.59375,
    73.828125,
    76.09375,
    77.1875,
    73.671875,
    72.8125,
    76.328125,
    74.453125,
    76.484375,
    76.875,
    77.34375,
    79.21875,
    73.203125,
    75.78125,
    76.171875,
    77.109375,
    77.03125,
    76.5625,
    79.21875,
    77.34375,
    78.046875,
    73.125,
    76.875,
    73.046875,
    75.46875,
    74.765625,
    77.734375,
    75.546875,
    75.46875,
    76.640625,
    79.375,
    76.71875,
    76.015625,
    76.328125,
    77.109375,
    77.5,
    75.703125,
    75.546875,
    75.859375,
    75.859375,
    74.609375,
    77.96875,
    76.796875,
    76.71875,
    77.34375,
    76.5625,
    73.828125,
    79.0625,
    77.96875,
    75.078125,
    76.328125,
    73.828125,
    73.203125,
    78.046875,
    77.109375,
    78.046875,
    79.6875,
    76.015625,
    78.75,
    77.8125,
    78.125,
    78.828125,
    75.546875,
    76.71875,
    77.734375,
    77.5,
    78.125,
    74.921875,
    76.015625,
    77.1875,
    75.9375,
    80.3125,
    79.375,
    76.796875,
    75.78125,
    79.140625,
    80.78125,
    76.875,
    75.78125,
    76.25,
    77.421875,
    78.828125,
    77.65625,
    76.953125,
    79.84375,
    77.65625,
    76.484375,
    77.65625,
    73.75,
    79.453125,
    78.28125,
    78.75,
    79.6875,
    77.5,
    78.046875,
    77.03125,
    79.21875,
    77.578125,
    77.265625,
    77.65625,
    79.53125,
    79.84375,
    80.234375,
    79.296875,
    80.15625,
    73.828125,
    78.984375,
    76.25,
    76.171875,
    77.265625,
    80.625,
    77.109375,
    80.0,
    78.59375,
    78.125,
    78.125,
    79.84375,
    78.046875,
    77.96875,
    76.171875,
    78.359375,
    80.390625,
    80.078125,
    79.21875,
    76.953125,
    79.296875,
    79.296875,
    77.421875,
    79.921875,
    77.578125,
    78.75,
    77.03125,
    79.921875,
    81.171875,
    78.828125,
    80.0,
    75.546875,
    78.28125,
    80.546875,
    79.6875,
    76.796875,
    77.1875,
    78.59375,
    75.9375,
    79.53125,
    78.59375,
    82.5,
    80.46875,
    77.34375,
    82.890625,
    80.15625,
    76.40625,
    79.296875,
    80.390625,
    78.125,
    78.28125,
    79.375,
    79.375,
    78.671875,
    76.875,
    78.90625
  ],
  "val_acc": [
    null,
    null,
    null,
    null,
    null,
    null,
    null,
    null,
    null,
    70.38,
    null,
    null,
    null,
    null,
    null,
    null,
    null,
    null,
    null,
    71.0,
    null,
    null,
    null,
    null,
    null,
    null,
    null,
    null,
    null,
    71.46,
    null,
    null,
    null,
    null,
    null,
    null,
    null,
    null,
    null,
    71.78,
    null,
    null,
    null,
    null,
    null,
    null,
    null,
    null,
    null,
    72.86,
    null,
    null,
    null,
    null,
    null,
    null,
    null,
    null,
    null,
    73.78,
    null,
    null,
    null,
    null,
    null,
    null,
    null,
    null,
    null,
    74.26,
    null,
    null,
    null,
    null,
    null,
    null,
    null,
    null,
    null,
    74.2,
    null,
    null,
    null,
    null,
    null,
    null,
    null,
    null,
    null,
    74.62,
    null,
    null,
    null,
    null,
    null,
    null,
    null,
    null,
    null,
    74.5,
    null,
    null,
    null,
    null,
    null,
    null,
    null,
    null,
    null,
    74.08,
    null,
    null,
    null,
    null,
    null,
    null,
    null,
    null,
    null,
    74.52,
    null,
    null,
    null,
    null,
    null,
    null,
    null,
    null,
    null,
    74.42,
    null,
    null,
    null,
    null,
    null,
    null,
    null,
    null,
    null,
    73.68,
    null,
    null,
    null,
    null,
    null,
    null,
    null,
    null,
    null,
    74.7,
    null,
    null,
    null,
    null,
    null,
    null,
    null,
    null,
    null,
    74.5,
    null,
    null,
    null,
    null,
    null,
    null,
    null,
    null,
    null,
    74.7,
    null,
    null,
    null,
    null,
    null,
    null,
    null,
    null,
    null,
    75.52,
    null,
    null,
    null,
    null,
    null,
    null,
    null,
    null,
    null,
    74.9,
    null,
    null,
    null,
    null,
    null,
    null,
    null,
    null,
    null,
    75.22
  ],