{
  "round": [
    1,
    2,
    3,
    4,
    5,
    6,
    7,
    8,
    9,
    10,
    11,
    12,
    13,
    14,
    15,
    16,
    17,
    18,
    19,
    20,
    21,
    22,
    23,
    24,
    25,
    26,
    27,
    28,
    29,
    30,
    31,
    32,
    33,
    34,
    35,
    36,
    37,
    38,
    39,
    40,
    41,
    42,
    43,
    44,
    45,
    46,
    47,
    48,
    49,
    50,
    51,
    52,
    53,
    54,
    55,
    56,
    57,
    58,
    59,
    60,
    61,
    62,
    63,
    64,
    65,
    66,
    67,
    68,
    69,
    70,
    71,
    72,
    73,
    74,
    75,
    76,
    77,
    78,
    79,
    80,
    81,
    82,
    83,
    84,
    85,
    86,
    87,
    88,
    89,
    90,
    91,
    92,
    93,
    94,
    95,
    96,
    97,
    98,
    99,
    100
  ],
  "train_acc": [
    65.2734375,
    53.59375,
    54.53125,
    60.0,
    67.4609375,
    75.234375,
    78.0859375,
    77.96875,
    81.5234375,
    83.828125,
    83.671875,
    82.5,
    79.53125,
    80.9375,
    79.0625,
    78.984375,
    82.8515625,
    83.7890625,
    83.515625,
    85.8203125,
    87.5390625,
    84.21875,
    82.8515625,
    83.359375,
    86.015625,
    85.5859375,
    86.875,
    88.8671875,
    85.0,
    88.75,
    87.4609375,
    87.6171875,
    88.046875,
    86.5625,
    88.5546875,
    88.6328125,
    88.203125,
    88.125,
    88.4765625,
    88.59375,
    87.9296875,
    89.1796875,
    89.375,
    87.6953125,
    83.5546875,
    87.109375,
    86.640625,
    86.5625,
    87.3828125,
    85.8203125,
    88.8671875,
    87.890625,
    86.4453125,
    90.3515625,
    86.2890625,
    88.8671875,
    88.5546875,
    89.375,
    89.2578125,
    89.2578125,
    88.0859375,
    90.7421875,
    89.921875,
    90.0,
    91.015625,
    89.0625,
    88.28125,
    88.359375,
    88.2421875,
    90.9375,
    89.9609375,
    90.8203125,
    91.25,
    88.6328125,
    91.7578125,
    91.171875,
    89.6484375,
    88.671875,
    87.734375,
    90.234375,
    88.9453125,
    91.015625,
    89.9609375,
    90.78125,
    90.546875,
    88.5546875,
    91.25,
    90.3125,
    88.3984375,
    90.5859375,
    89.921875,
    88.7109375,
    92.109375,
    90.4296875,
    91.484375,
    90.2734375,
    89.4140625,
    90.2734375,
    90.0390625,
    91.9921875
  ],
  "val_acc": [
    null,
    null,
    null,
    null,
    null,
    null,
    null,
    null,
    null,
    64.38,
    null,
    null,
    null,
    null,
    null,
    null,
    null,
    null,
    null,
    66.82,
    null,
    null,
    null,
    null,
    null,
    null,
    null,
    null,
    null,
    72.1,
    null,
    null,
    null,
    null,
    null,
    null,
    null,
    null,
    null,
    70.82,
    null,
    null,
    null,
    null,
    null,
    null,
    null,
    null,
    null,
    68.16,
    null,
    null,
    null,
    null,
    null,
    null,
    null,
    null,
    null,
    74.7,
    null,
    null,
    null,
    null,
    null,
    null,
    null,
    null,
    null,
    73.54,
    null,
    null,
    null,
    null,
    null,
    null,
    null,
    null,
    null,
    74.12,
    null,
    null,
    null,
    null,
    null,
    null,
    null,
    null,
    null,
    74.42,
    null,
    null,
    null,
    null,
    null,
    null,
    null,
    null,
    null,
    74.9
  ],
  "test_acc": [
    null,
    null,
    null,
    null,
    null,
    null,
    null,
    null,
    null,
    70.17,
    null,
    null,
    null,
    null,
    null,
    null,
    null,
    null,
    null,
    72.18,
    null,
    null,
    null,
    null,
    null,
    null,
    null,
    null,
    null,
    76.62,
    null,
    null,
    null,
    null,
    null,
    null,
    null,
    null,
    null,
    75.65,
    null,
    null,
    null,
    null,
    null,
    null,
    null,
    null,
    null,
    73.57,
    null,
    null,
    null,
    null,
    null,
    null,
    null,
    null,
    null,
    78.95,
    null,
    null,
    null,
    null,
    null,
    null,
    null,
    null,
    null,
    77.88,
    null,
    null,
    null,
    null,
    null,
    null,
    null,
    null,
    null,
    78.08,
    null,
    null,
    null,
    null,
    null,
    null,
    null,
    null,
    null,
    78.72,
    null,
    null,
    null,
    null,
    null,
    null,
    null,
    null,
    null,
    78.7
  ],
  "val_loss": [
    null,
    null,
    null,
    null,
    null,
    null,
    null,
    null,
    null,
    1.7937872492313385,
    null,
    null,
    null,
    null,
    null,
    null,
    null,
    null,
    null,
    1.5550026381731032,
    null,
    null,
    null,
    null,
    null,
    null,
    null,
    null,
    null,
    1.1532896830677986,
    null,
    null,
    null,
    null,
    null,
    null,
    null,
    null,
    null,
    1.2619778916358948,
    null,
    null,
    null,
    null,
    null,
    null,
    null,
    null,
    null,
    1.3327568719863891,
    null,
    null,
    null,
    null,
    null,
    null,
    null,
    null,
    null,
    1.0088978351593016,
    null,
    null,
    null,
    null,
    null,
    null,
    null,
    null,
    null,
    1.0204115840911865,
    null,
    null,
    null,
    null,
    null,
    null,
    null,
    null,
    null,
    1.0135127811908722,
    null,
    null,
    null,
    null,
    null,
    null,
    null,
    null,
    null,
    0.9587188085317612,
    null,
    null,
    null,
    null,
    null,
    null,
    null,
    null,
    null,
    0.9528014402151108
  ],
  "test_loss": [
    null,
    null,
    null,
    null,
    null,
    null,
    null,
    null,
    null,
    1.4331698799133301,
    null,
    null,
    null,
    null,
    null,
    null,
    null,
    null,
    null,
    1.2492149655342102,
    null,
    null,
    null,
    null,
    null,
    null,
    null,
    null,
    null,
    0.9716515292167663,
    null,
    null,
    null,
    null,
    null,
    null,
    null,
    null,
    null,
    1.0219862663269044,
    null,
    null,
    null,
    null,
    null,
    null,
    null,
    null,
    null,
    1.0682448694229125,
    null,
    null,
    null,
    null,
    null,
    null,
    null,
    null,
    null,
    0.8175902487754821,
    null,
    null,
    null,
    null,
    null,
    null,
    null,
    null,
    null,
    0.8453719376564026,
    null,
    null,
    null,
    null,
    null,
    null,
    null,
    null,
    null,
    0.8399255772590637,
    null,
    null,
    null,
    null,
    null,
    null,
    null,
    null,
    null,
    0.7978299162864685,
    null,
    null,
    null,
    null,
    null,
    null,
    null,
    null,
    null,
    0.7998465851783753
  ],
  "best_val_acc": 74.9
}