{
  "round": [
    1,
    2,
    3,
    4,
    5,
    6,
    7,
    8,
    9,
    10,
    11,
    12,
    13,
    14,
    15,
    16,
    17,
    18,
    19,
    20,
    21,
    22,
    23,
    24,
    25,
    26,
    27,
    28,
    29,
    30,
    31,
    32,
    33,
    34,
    35,
    36,
    37,
    38,
    39,
    40,
    41,
    42,
    43,
    44,
    45,
    46,
    47,
    48,
    49,
    50,
    51,
    52,
    53,
    54,
    55,
    56,
    57,
    58,
    59,
    60,
    61,
    62,
    63,
    64,
    65,
    66,
    67,
    68,
    69,
    70,
    71,
    72,
    73,
    74,
    75,
    76,
    77,
    78,
    79,
    80,
    81,
    82,
    83,
    84,
    85,
    86,
    87,
    88,
    89,
    90,
    91,
    92,
    93,
    94,
    95,
    96,
    97,
    98,
    99,
    100
  ],
  "train_acc": [
    46.25,
    20.703125,
    20.625,
    23.0078125,
    27.421875,
    31.5625,
    38.9453125,
    46.25,
    53.515625,
    59.8046875,
    58.203125,
    57.65625,
    58.3984375,
    62.8125,
    66.875,
    68.3203125,
    74.296875,
    74.8828125,
    79.2578125,
    82.1484375,
    82.6953125,
    76.2890625,
    77.734375,
    80.8203125,
    81.9140625,
    80.546875,
    80.8984375,
    82.1875,
    79.140625,
    82.7734375,
    82.890625,
    83.7109375,
    82.6171875,
    82.65625,
    83.9453125,
    83.984375,
    82.5,
    83.28125,
    82.34375,
    85.625,
    84.3359375,
    85.9765625,
    87.9296875,
    86.71875,
    83.828125,
    84.84375,
    86.328125,
    86.7578125,
    84.375,
    83.4375,
    85.078125,
    82.890625,
    81.1328125,
    85.5859375,
    81.875,
    85.6640625,
    86.640625,
    87.03125,
    86.328125,
    86.796875,
    86.09375,
    87.34375,
    86.5234375,
    85.625,
    88.125,
    87.34375,
    87.890625,
    88.046875,
    87.0703125,
    89.3359375,
    87.4609375,
    85.625,
    88.9453125,
    85.5078125,
    89.296875,
    89.2578125,
    87.8515625,
    87.65625,
    86.3671875,
    88.359375,
    86.171875,
    88.1640625,
    86.09375,
    87.2265625,
    86.6015625,
    86.09375,
    85.234375,
    88.7109375,
    86.71875,
    89.375,
    88.28125,
    88.2421875,
    90.5859375,
    89.53125,
    91.015625,
    89.0234375,
    87.8125,
    90.5078125,
    88.0078125,
    90.4296875
  ],
  "val_acc": [
    null,
    null,
    null,
    null,
    null,
    null,
    null,
    null,
    null,
    19.8,
    null,
    null,
    null,
    null,
    null,
    null,
    null,
    null,
    null,
    61.82,
    null,
    null,
    null,
    null,
    null,
    null,
    null,
    null,
    null,
    61.94,
    null,
    null,
    null,
    null,
    null,
    null,
    null,
    null,
    null,
    63.86,
    null,
    null,
    null,
    null,
    null,
    null,
    null,
    null,
    null,
    62.38,
    null,
    null,
    null,
    null,
    null,
    null,
    null,
    null,
    null,
    70.9,
    null,
    null,
    null,
    null,
    null,
    null,
    null,
    null,
    null,
    69.28,
    null,
    null,
    null,
    null,
    null,
    null,
    null,
    null,
    null,
    67.14,
    null,
    null,
    null,
    null,
    null,
    null,
    null,
    null,
    null,
    71.24,
    null,
    null,
    null,
    null,
    null,
    null,
    null,
    null,
    null,
    74.18
  ],
  "test_acc": [
    null,
    null,
    null,
    null,
    null,
    null,
    null,
    null,
    null,
    24.34,
    null,
    null,
    null,
    null,
    null,
    null,
    null,
    null,
    null,
    67.65,
    null,
    null,
    null,
    null,
    null,
    null,
    null,
    null,
    null,
    67.3,
    null,
    null,
    null,
    null,
    null,
    null,
    null,
    null,
    null,
    69.73,
    null,
    null,
    null,
    null,
    null,
    null,
    null,
    null,
    null,
    67.88,
    null,
    null,
    null,
    null,
    null,
    null,
    null,
    null,
    null,
    75.87,
    null,
    null,
    null,
    null,
    null,
    null,
    null,
    null,
    null,
    74.72,
    null,
    null,
    null,
    null,
    null,
    null,
    null,
    null,
    null,
    72.29,
    null,
    null,
    null,
    null,
    null,
    null,
    null,
    null,
    null,
    75.93,
    null,
    null,
    null,
    null,
    null,
    null,
    null,
    null,
    null,
    78.4
  ],
  "val_loss": [
    null,
    null,
    null,
    null,
    null,
    null,
    null,
    null,
    null,
    5.767469915771485,
    null,
    null,
    null,
    null,
    null,
    null,
    null,
    null,
    null,
    1.5401988924980163,
    null,
    null,
    null,
    null,
    null,
    null,
    null,
    null,
    null,
    1.5722680019378663,
    null,
    null,
    null,
    null,
    null,
    null,
    null,
    null,
    null,
    1.4456370924949646,
    null,
    null,
    null,
    null,
    null,
    null,
    null,
    null,
    null,
    1.584304906463623,
    null,
    null,
    null,
    null,
    null,
    null,
    null,
    null,
    null,
    1.1403832990646363,
    null,
    null,
    null,
    null,
    null,
    null,
    null,
    null,
    null,
    1.2295303735256196,
    null,
    null,
    null,
    null,
    null,
    null,
    null,
    null,
    null,
    1.2993022077798844,
    null,
    null,
    null,
    null,
    null,
    null,
    null,
    null,
    null,
    1.0760040210962296,
    null,
    null,
    null,
    null,
    null,
    null,
    null,
    null,
    null,
    0.9588786404967308
  ],
  "test_loss": [
    null,
    null,
    null,
    null,
    null,
    null,
    null,
    null,
    null,
    5.145565748596192,
    null,
    null,
    null,
    null,
    null,
    null,
    null,
    null,
    null,
    1.2570253255844117,
    null,
    null,
    null,
    null,
    null,
    null,
    null,
    null,
    null,
    1.2935600685119628,
    null,
    null,
    null,
    null,
    null,
    null,
    null,
    null,
    null,
    1.178797613620758,
    null,
    null,
    null,
    null,
    null,
    null,
    null,
    null,
    null,
    1.2794695861816405,
    null,
    null,
    null,
    null,
    null,
    null,
    null,
    null,
    null,
    0.9296206596374512,
    null,
    null,
    null,
    null,
    null,
    null,
    null,
    null,
    null,
    0.9947166397094727,
    null,
    null,
    null,
    null,
    null,
    null,
    null,
    null,
    null,
    1.0857412588119506,
    null,
    null,
    null,
    null,
    null,
    null,
    null,
    null,
    null,
    0.896431817817688,
    null,
    null,
    null,
    null,
    null,
    null,
    null,
    null,
    null,
    0.7892982937812805
  ],
  "best_val_acc": 74.18
}