{
  "round": [
    1,
    2,
    3,
    4,
    5,
    6,
    7,
    8,
    9,
    10,
    11,
    12,
    13,
    14,
    15,
    16,
    17,
    18,
    19,
    20,
    21,
    22,
    23,
    24,
    25,
    26,
    27,
    28,
    29,
    30,
    31,
    32,
    33,
    34,
    35,
    36,
    37,
    38,
    39,
    40,
    41,
    42,
    43,
    44,
    45,
    46,
    47,
    48,
    49,
    50,
    51,
    52,
    53,
    54,
    55,
    56,
    57,
    58,
    59,
    60,
    61,
    62,
    63,
    64,
    65,
    66,
    67,
    68,
    69,
    70,
    71,
    72,
    73,
    74,
    75,
    76,
    77,
    78,
    79,
    80,
    81,
    82,
    83,
    84,
    85,
    86,
    87,
    88,
    89,
    90,
    91,
    92,
    93,
    94,
    95,
    96,
    97,
    98,
    99,
    100,
    101,
    102,
    103,
    104,
    105,
    106,
    107,
    108,
    109,
    110,
    111,
    112,
    113,
    114,
    115,
    116,
    117,
    118,
    119,
    120,
    121,
    122,
    123,
    124,
    125,
    126,
    127,
    128,
    129,
    130,
    131,
    132,
    133,
    134,
    135,
    136,
    137,
    138,
    139,
    140,
    141,
    142,
    143,
    144,
    145,
    146,
    147,
    148,
    149,
    150,
    151,
    152,
    153,
    154,
    155,
    156,
    157,
    158,
    159,
    160,
    161,
    162,
    163,
    164,
    165,
    166,
    167,
    168,
    169,
    170,
    171,
    172,
    173,
    174,
    175,
    176,
    177,
    178,
    179,
    180,
    181,
    182,
    183,
    184,
    185,
    186,
    187,
    188,
    189,
    190,
    191,
    192,
    193,
    194,
    195,
    196,
    197,
    198,
    199,
    200
  ],
  "train_acc": [
    67.03125,
    39.84375,
    18.203125,
    19.609375,
    35.390625,
    49.296875,
    53.203125,
    41.09375,
    54.609375,
    62.8125,
    64.765625,
    69.140625,
    68.28125,
    72.1875,
    72.03125,
    70.3125,
    72.5,
    65.703125,
    76.328125,
    80.0,
    78.90625,
    78.125,
    77.5,
    78.359375,
    78.515625,
    77.890625,
    77.265625,
    82.1875,
    77.578125,
    80.078125,
    79.375,
    80.390625,
    79.84375,
    80.703125,
    82.34375,
    83.359375,
    80.703125,
    83.75,
    82.96875,
    84.609375,
    82.65625,
    84.21875,
    83.203125,
    80.546875,
    79.21875,
    83.359375,
    80.546875,
    80.078125,
    76.484375,
    81.796875,
    83.984375,
    77.5,
    80.9375,
    85.3125,
    82.03125,
    82.03125,
    82.265625,
    84.921875,
    84.453125,
    85.78125,
    82.5,
    85.46875,
    83.984375,
    83.90625,
    86.09375,
    86.5625,
    86.015625,
    85.703125,
    85.9375,
    87.96875,
    84.609375,
    86.796875,
    85.46875,
    84.53125,
    87.96875,
    86.796875,
    85.390625,
    86.640625,
    84.21875,
    84.765625,
    86.5625,
    87.03125,
    83.28125,
    84.84375,
    83.59375,
    82.890625,
    86.5625,
    86.25,
    84.296875,
    87.265625,
    84.375,
    85.859375,
    87.109375,
    85.546875,
    87.5,
    89.53125,
    87.03125,
    87.421875,
    86.015625,
    87.1875,
    85.15625,
    85.390625,
    87.109375,
    85.234375,
    85.78125,
    86.40625,
    85.0,
    86.015625,
    85.859375,
    86.328125,
    89.765625,
    87.5,
    88.046875,
    85.234375,
    87.03125,
    88.90625,
    88.125,
    88.28125,
    85.859375,
    87.578125,
    85.78125,
    87.8125,
    85.0,
    87.8125,
    86.953125,
    85.15625,
    85.15625,
    83.125,
    87.8125,
    88.59375,
    87.8125,
    88.4375,
    88.515625,
    86.875,
    87.96875,
    87.96875,
    85.546875,
    88.515625,
    85.546875,
    90.078125,
    90.078125,
    87.734375,
    88.984375,
    90.3125,
    82.890625,
    88.203125,
    85.78125,
    88.4375,
    87.96875,
    89.6875,
    86.015625,
    89.53125,
    88.75,
    87.578125,
    87.890625,
    88.28125,
    88.515625,
    90.390625,
    86.25,
    87.421875,
    90.234375,
    90.234375,
    89.140625,
    87.421875,
    88.75,
    88.125,
    87.109375,
    91.484375,
    89.140625,
    89.296875,
    87.65625,
    89.921875,
    91.484375,
    90.15625,
    89.140625,
    86.953125,
    90.46875,
    88.359375,
    88.59375,
    88.28125,
    86.171875,
    89.21875,
    88.203125,
    91.09375,
    88.671875,
    90.390625,
    88.671875,
    87.65625,
    88.4375,
    86.484375,
    86.796875,
    88.984375,
    89.0625,
    87.8125,
    88.4375,
    90.078125,
    88.90625,
    87.8125,
    88.515625,
    90.3125
  ],
  "val_acc": [
    null,
    null,
    null,
    null,
    null,
    null,
    null,
    null,
    null,
    37.56,
    null,
    null,
    null,
    null,
    null,
    null,
    null,
    null,
    null,
    55.0,
    null,
    null,
    null,
    null,
    null,
    null,
    null,
    null,
    null,
    69.62,
    null,
    null,
    null,
    null,
    null,
    null,
    null,
    null,
    null,
    70.94,
    null,
    null,
    null,
    null,
    null,
    null,
    null,
    null,
    null,
    64.26,
    null,
    null,
    null,
    null,
    null,
    null,
    null,
    null,
    null,
    74.34,
    null,
    null,
    null,
    null,
    null,
    null,
    null,
    null,
    null,
    73.12,
    null,
    null,
    null,
    null,
    null,
    null,
    null,
    null,
    null,
    74.04,
    null,
    null,
    null,
    null,
    null,
    null,
    null,
    null,
    null,
    75.12,
    null,
    null,
    null,
    null,
    null,
    null,
    null,
    null,
    null,
    71.0,
    null,
    null,
    null,
    null,
    null,
    null,
    null,
    null,
    null,
    74.32,
    null,
    null,
    null,
    null,
    null,
    null,
    null,
    null,
    null,
    74.44,
    null,
    null,
    null,
    null,
    null,
    null,
    null,
    null,
    null,
    73.54,
    null,
    null,
    null,
    null,
    null,
    null,
    null,
    null,
    null,
    74.28,
    null,
    null,
    null,
    null,
    null,
    null,
    null,
    null,
    null,
    75.24,
    null,
    null,
    null,
    null,
    null,
    null,
    null,
    null,
    null,
    75.38,
    null,
    null,
    null,
    null,
    null,
    null,
    null,
    null,
    null,
    75.42,
    null,
    null,
    null,
    null,
    null,
    null,
    null,
    null,
    null,
    75.16,
    null,
    null,
    null,
    null,
    null,
    null,
    null,
    null,
    null,
    74.68,
    null,
    null,
    null,
    null,
    null,
    null,
    null,
    null,
    null,
    76.32
  ],