{
  "round": [
    1,
    2,
    3,
    4,
    5,
    6,
    7,
    8,
    9,
    10,
    11,
    12,
    13,
    14,
    15,
    16,
    17,
    18,
    19,
    20,
    21,
    22,
    23,
    24,
    25,
    26,
    27,
    28,
    29,
    30,
    31,
    32,
    33,
    34,
    35,
    36,
    37,
    38,
    39,
    40,
    41,
    42,
    43,
    44,
    45,
    46,
    47,
    48,
    49,
    50,
    51,
    52,
    53,
    54,
    55,
    56,
    57,
    58,
    59,
    60,
    61,
    62,
    63,
    64,
    65,
    66,
    67,
    68,
    69,
    70,
    71,
    72,
    73,
    74,
    75,
    76,
    77,
    78,
    79,
    80,
    81,
    82,
    83,
    84,
    85,
    86,
    87,
    88,
    89,
    90,
    91,
    92,
    93,
    94,
    95,
    96,
    97,
    98,
    99,
    100
  ],
  "train_acc": [
    33.28125,
    13.3203125,
    18.1640625,
    30.2734375,
    42.6953125,
    51.640625,
    62.65625,
    69.6484375,
    67.34375,
    68.4765625,
    71.328125,
    71.3671875,
    73.8671875,
    73.671875,
    75.2734375,
    78.3203125,
    76.40625,
    78.203125,
    72.734375,
    77.34375,
    75.8984375,
    81.2109375,
    76.6015625,
    80.390625,
    79.921875,
    82.9296875,
    78.3984375,
    80.9375,
    83.203125,
    80.625,
    78.90625,
    80.6640625,
    81.8359375,
    81.2890625,
    83.1640625,
    80.546875,
    81.5625,
    83.8671875,
    83.5546875,
    82.1875,
    84.7265625,
    82.8515625,
    83.90625,
    83.6328125,
    85.1953125,
    83.203125,
    85.5078125,
    84.8828125,
    83.7109375,
    84.609375,
    85.625,
    86.640625,
    85.546875,
    86.6015625,
    87.2265625,
    85.0,
    85.234375,
    83.6328125,
    84.9609375,
    86.015625,
    85.6640625,
    87.7734375,
    86.5625,
    84.6484375,
    86.9140625,
    86.09375,
    84.1796875,
    84.5703125,
    84.609375,
    85.625,
    84.765625,
    87.6171875,
    86.953125,
    86.2109375,
    82.2265625,
    86.6796875,
    84.6484375,
    87.578125,
    87.3046875,
    87.578125,
    85.625,
    87.1875,
    89.1015625,
    88.5546875,
    89.0234375,
    86.09375,
    87.7734375,
    87.9296875,
    86.71875,
    86.71875,
    88.203125,
    85.1171875,
    88.90625,
    87.5390625,
    87.03125,
    87.1875,
    87.3828125,
    88.0859375,
    87.734375,
    86.9140625
  ],
  "val_acc": [
    null,
    null,
    null,
    null,
    null,
    null,
    null,
    null,
    null,
    62.66,
    null,
    null,
    null,
    null,
    null,
    null,
    null,
    null,
    null,
    68.58,
    null,
    null,
    null,
    null,
    null,
    null,
    null,
    null,
    null,
    71.16,
    null,
    null,
    null,
    null,
    null,
    null,
    null,
    null,
    null,
    72.5,
    null,
    null,
    null,
    null,
    null,
    null,
    null,
    null,
    null,
    75.9,
    null,
    null,
    null,
    null,
    null,
    null,
    null,
    null,
    null,
    75.14,
    null,
    null,
    null,
    null,
    null,
    null,
    null,
    null,
    null,
    75.44,
    null,
    null,
    null,
    null,
    null,
    null,
    null,
    null,
    null,
    76.82,
    null,
    null,
    null,
    null,
    null,
    null,
    null,
    null,
    null,
    76.02,
    null,
    null,
    null,
    null,
    null,
    null,
    null,
    null,
    null,
    76.3
  ],
  "test_acc": [
    null,
    null,
    null,
    null,
    null,
    null,
    null,
    null,
    null,
    68.65,
    null,
    null,
    null,
    null,
    null,
    null,
    null,
    null,
    null,
    73.37,
    null,
    null,
    null,
    null,
    null,
    null,
    null,
    null,
    null,
    75.1,
    null,
    null,
    null,
    null,
    null,
    null,
    null,
    null,
    null,
    77.22,
    null,
    null,
    null,
    null,
    null,
    null,
    null,
    null,
    null,
    79.61,
    null,
    null,
    null,
    null,
    null,
    null,
    null,
    null,
    null,
    79.26,
    null,
    null,
    null,
    null,
    null,
    null,
    null,
    null,
    null,
    79.54,
    null,
    null,
    null,
    null,
    null,
    null,
    null,
    null,
    null,
    79.52,
    null,
    null,
    null,
    null,
    null,
    null,
    null,
    null,
    null,
    79.82,
    null,
    null,
    null,
    null,
    null,
    null,
    null,
    null,
    null,
    79.93
  ],
  "val_loss": [
    null,
    null,
    null,
    null,
    null,
    null,
    null,
    null,
    null,
    1.5468971486806868,
    null,
    null,
    null,
    null,
    null,
    null,
    null,
    null,
    null,
    1.2125591828346252,
    null,
    null,
    null,
    null,
    null,
    null,
    null,
    null,
    null,
    1.1332324266433715,
    null,
    null,
    null,
    null,
    null,
    null,
    null,
    null,
    null,
    1.0613369829893111,
    null,
    null,
    null,
    null,
    null,
    null,
    null,
    null,
    null,
    0.8868751927614212,
    null,
    null,
    null,
    null,
    null,
    null,
    null,
    null,
    null,
    0.9262158123373986,
    null,
    null,
    null,
    null,
    null,
    null,
    null,
    null,
    null,
    0.8895644101619721,
    null,
    null,
    null,
    null,
    null,
    null,
    null,
    null,
    null,
    0.8548323664665222,
    null,
    null,
    null,
    null,
    null,
    null,
    null,
    null,
    null,
    0.8576273234367371,
    null,
    null,
    null,
    null,
    null,
    null,
    null,
    null,
    null,
    0.8510816899687051
  ],
  "test_loss": [
    null,
    null,
    null,
    null,
    null,
    null,
    null,
    null,
    null,
    1.2854234873771668,
    null,
    null,
    null,
    null,
    null,
    null,
    null,
    null,
    null,
    0.9955674282550812,
    null,
    null,
    null,
    null,
    null,
    null,
    null,
    null,
    null,
    0.93764428896904,
    null,
    null,
    null,
    null,
    null,
    null,
    null,
    null,
    null,
    0.8183456169128418,
    null,
    null,
    null,
    null,
    null,
    null,
    null,
    null,
    null,
    0.732564963388443,
    null,
    null,
    null,
    null,
    null,
    null,
    null,
    null,
    null,
    0.7667802717208863,
    null,
    null,
    null,
    null,
    null,
    null,
    null,
    null,
    null,
    0.7430867803096771,
    null,
    null,
    null,
    null,
    null,
    null,
    null,
    null,
    null,
    0.7190345726966858,
    null,
    null,
    null,
    null,
    null,
    null,
    null,
    null,
    null,
    0.7051289718151093,
    null,
    null,
    null,
    null,
    null,
    null,
    null,
    null,
    null,
    0.6949211327075958
  ],
  "best_val_acc": 76.82
}