{
  "round": [
    1,
    2,
    3,
    4,
    5,
    6,
    7,
    8,
    9,
    10,
    11,
    12,
    13,
    14,
    15,
    16,
    17,
    18,
    19,
    20,
    21,
    22,
    23,
    24,
    25,
    26,
    27,
    28,
    29,
    30,
    31,
    32,
    33,
    34,
    35,
    36,
    37,
    38,
    39,
    40,
    41,
    42,
    43,
    44,
    45,
    46,
    47,
    48,
    49,
    50,
    51,
    52,
    53,
    54,
    55,
    56,
    57,
    58,
    59,
    60,
    61,
    62,
    63,
    64,
    65,
    66,
    67,
    68,
    69,
    70,
    71,
    72,
    73,
    74,
    75,
    76,
    77,
    78,
    79,
    80,
    81,
    82,
    83,
    84,
    85,
    86,
    87,
    88,
    89,
    90,
    91,
    92,
    93,
    94,
    95,
    96,
    97,
    98,
    99,
    100
  ],
  "train_acc": [
    35.859375,
    21.953125,
    37.109375,
    49.375,
    52.421875,
    52.5390625,
    61.2109375,
    65.5078125,
    69.296875,
    68.28125,
    71.8359375,
    71.484375,
    74.53125,
    74.1015625,
    74.3359375,
    74.4140625,
    71.9921875,
    76.71875,
    74.765625,
    78.4765625,
    74.6875,
    74.4921875,
    69.3359375,
    75.1171875,
    79.921875,
    81.484375,
    77.6953125,
    79.84375,
    82.578125,
    79.4921875,
    78.1640625,
    80.9765625,
    80.9765625,
    79.140625,
    81.2890625,
    80.8984375,
    80.5078125,
    82.265625,
    82.2265625,
    81.25,
    82.890625,
    81.25,
    83.4765625,
    83.5546875,
    84.6875,
    82.5390625,
    84.3359375,
    82.109375,
    82.109375,
    81.71875,
    83.828125,
    84.7265625,
    85.546875,
    83.671875,
    83.2421875,
    83.6328125,
    84.8828125,
    82.265625,
    83.8671875,
    83.984375,
    84.375,
    85.6640625,
    83.828125,
    83.9453125,
    84.296875,
    83.0078125,
    81.3671875,
    82.34375,
    83.7109375,
    84.84375,
    83.0078125,
    84.84375,
    85.703125,
    86.3671875,
    82.109375,
    84.3359375,
    83.6328125,
    85.9375,
    86.1328125,
    87.8515625,
    85.46875,
    86.171875,
    87.578125,
    88.125,
    87.0703125,
    85.15625,
    87.1484375,
    87.65625,
    84.1015625,
    86.2890625,
    87.3828125,
    83.8671875,
    87.421875,
    86.9140625,
    86.5234375,
    86.5625,
    87.3828125,
    86.640625,
    87.03125,
    86.6015625
  ],
  "val_acc": [
    null,
    null,
    null,
    null,
    null,
    null,
    null,
    null,
    null,
    63.72,
    null,
    null,
    null,
    null,
    null,
    null,
    null,
    null,
    null,
    71.66,
    null,
    null,
    null,
    null,
    null,
    null,
    null,
    null,
    null,
    72.08,
    null,
    null,
    null,
    null,
    null,
    null,
    null,
    null,
    null,
    72.52,
    null,
    null,
    null,
    null,
    null,
    null,
    null,
    null,
    null,
    75.1,
    null,
    null,
    null,
    null,
    null,
    null,
    null,
    null,
    null,
    73.92,
    null,
    null,
    null,
    null,
    null,
    null,
    null,
    null,
    null,
    75.1,
    null,
    null,
    null,
    null,
    null,
    null,
    null,
    null,
    null,
    76.66,
    null,
    null,
    null,
    null,
    null,
    null,
    null,
    null,
    null,
    76.3,
    null,
    null,
    null,
    null,
    null,
    null,
    null,
    null,
    null,
    75.84
  ],
  "test_acc": [
    null,
    null,
    null,
    null,
    null,
    null,
    null,
    null,
    null,
    70.88,
    null,
    null,
    null,
    null,
    null,
    null,
    null,
    null,
    null,
    76.21,
    null,
    null,
    null,
    null,
    null,
    null,
    null,
    null,
    null,
    76.74,
    null,
    null,
    null,
    null,
    null,
    null,
    null,
    null,
    null,
    77.43,
    null,
    null,
    null,
    null,
    null,
    null,
    null,
    null,
    null,
    78.83,
    null,
    null,
    null,
    null,
    null,
    null,
    null,
    null,
    null,
    78.08,
    null,
    null,
    null,
    null,
    null,
    null,
    null,
    null,
    null,
    79.15,
    null,
    null,
    null,
    null,
    null,
    null,
    null,
    null,
    null,
    80.0,
    null,
    null,
    null,
    null,
    null,
    null,
    null,
    null,
    null,
    79.9,
    null,
    null,
    null,
    null,
    null,
    null,
    null,
    null,
    null,
    79.67
  ],
  "val_loss": [
    null,
    null,
    null,
    null,
    null,
    null,
    null,
    null,
    null,
    1.5833764775514603,
    null,
    null,
    null,
    null,
    null,
    null,
    null,
    null,
    null,
    1.210359279537201,
    null,
    null,
    null,
    null,
    null,
    null,
    null,
    null,
    null,
    1.150651891374588,
    null,
    null,
    null,
    null,
    null,
    null,
    null,
    null,
    null,
    1.113543399786949,
    null,
    null,
    null,
    null,
    null,
    null,
    null,
    null,
    null,
    0.9622643050432205,
    null,
    null,
    null,
    null,
    null,
    null,
    null,
    null,
    null,
    1.0164052371501922,
    null,
    null,
    null,
    null,
    null,
    null,
    null,
    null,
    null,
    0.9410704601526261,
    null,
    null,
    null,
    null,
    null,
    null,
    null,
    null,
    null,
    0.8631239524185658,
    null,
    null,
    null,
    null,
    null,
    null,
    null,
    null,
    null,
    0.8862653627872467,
    null,
    null,
    null,
    null,
    null,
    null,
    null,
    null,
    null,
    0.8962419708132744
  ],
  "test_loss": [
    null,
    null,
    null,
    null,
    null,
    null,
    null,
    null,
    null,
    1.2084240010738372,
    null,
    null,
    null,
    null,
    null,
    null,
    null,
    null,
    null,
    0.9812978022575378,
    null,
    null,
    null,
    null,
    null,
    null,
    null,
    null,
    null,
    0.9231736335277557,
    null,
    null,
    null,
    null,
    null,
    null,
    null,
    null,
    null,
    0.862990695476532,
    null,
    null,
    null,
    null,
    null,
    null,
    null,
    null,
    null,
    0.7993334071159363,
    null,
    null,
    null,
    null,
    null,
    null,
    null,
    null,
    null,
    0.8210649387836456,
    null,
    null,
    null,
    null,
    null,
    null,
    null,
    null,
    null,
    0.7838130153179169,
    null,
    null,
    null,
    null,
    null,
    null,
    null,
    null,
    null,
    0.7244082025051117,
    null,
    null,
    null,
    null,
    null,
    null,
    null,
    null,
    null,
    0.7185634643554687,
    null,
    null,
    null,
    null,
    null,
    null,
    null,
    null,
    null,
    0.7311699065208435
  ],
  "best_val_acc": 76.66
}