{
  "round": [
    1,
    2,
    3,
    4,
    5,
    6,
    7,
    8,
    9,
    10,
    11,
    12,
    13,
    14,
    15,
    16,
    17,
    18,
    19,
    20,
    21,
    22,
    23,
    24,
    25,
    26,
    27,
    28,
    29,
    30,
    31,
    32,
    33,
    34,
    35,
    36,
    37,
    38,
    39,
    40,
    41,
    42,
    43,
    44,
    45,
    46,
    47,
    48,
    49,
    50,
    51,
    52,
    53,
    54,
    55,
    56,
    57,
    58,
    59,
    60,
    61,
    62,
    63,
    64,
    65,
    66,
    67,
    68,
    69,
    70,
    71,
    72,
    73,
    74,
    75,
    76,
    77,
    78,
    79,
    80,
    81,
    82,
    83,
    84,
    85,
    86,
    87,
    88,
    89,
    90,
    91,
    92,
    93,
    94,
    95,
    96,
    97,
    98,
    99,
    100
  ],
  "train_acc": [
    77.109375,
    76.796875,
    81.640625,
    80.78125,
    82.4609375,
    81.4453125,
    83.5546875,
    82.8515625,
    83.59375,
    83.3203125,
    84.7265625,
    85.1953125,
    85.8984375,
    84.53125,
    84.21875,
    83.7890625,
    83.0078125,
    85.703125,
    85.4296875,
    85.8203125,
    83.3203125,
    85.625,
    84.0234375,
    85.7421875,
    85.2734375,
    86.9140625,
    85.0390625,
    86.2890625,
    87.5390625,
    86.171875,
    84.5703125,
    86.4453125,
    85.3125,
    84.921875,
    86.9921875,
    84.6875,
    84.4921875,
    85.859375,
    86.25,
    86.25,
    86.796875,
    86.2890625,
    87.5390625,
    86.5234375,
    86.8359375,
    86.9921875,
    86.484375,
    86.09375,
    85.7421875,
    85.8984375,
    87.578125,
    87.1484375,
    88.0859375,
    88.3984375,
    88.28125,
    86.25,
    86.6015625,
    85.5859375,
    86.328125,
    86.8359375,
    86.640625,
    88.203125,
    86.9921875,
    86.5234375,
    88.3203125,
    87.734375,
    85.8203125,
    86.71875,
    87.65625,
    88.28125,
    86.171875,
    87.3828125,
    88.75,
    88.1640625,
    86.9921875,
    87.0703125,
    86.875,
    88.0078125,
    88.1640625,
    88.75,
    88.359375,
    88.4765625,
    89.4921875,
    90.2734375,
    89.0234375,
    88.1640625,
    89.6484375,
    89.609375,
    86.5234375,
    87.3046875,
    88.90625,
    87.3046875,
    89.5703125,
    88.6328125,
    88.4765625,
    88.75,
    88.8671875,
    89.1015625,
    89.2578125,
    88.359375
  ],
  "val_acc": [
    null,
    null,
    null,
    null,
    null,
    null,
    null,
    null,
    null,
    73.76,
    null,
    null,
    null,
    null,
    null,
    null,
    null,
    null,
    null,
    76.1,
    null,
    null,
    null,
    null,
    null,
    null,
    null,
    null,
    null,
    76.26,
    null,
    null,
    null,
    null,
    null,
    null,
    null,
    null,
    null,
    76.12,
    null,
    null,
    null,
    null,
    null,
    null,
    null,
    null,
    null,
    77.58,
    null,
    null,
    null,
    null,
    null,
    null,
    null,
    null,
    null,
    76.8,
    null,
    null,
    null,
    null,
    null,
    null,
    null,
    null,
    null,
    77.52,
    null,
    null,
    null,
    null,
    null,
    null,
    null,
    null,
    null,
    78.0,
    null,
    null,
    null,
    null,
    null,
    null,
    null,
    null,
    null,
    78.52,
    null,
    null,
    null,
    null,
    null,
    null,
    null,
    null,
    null,
    78.48
  ],
  "test_acc": [
    null,
    null,
    null,
    null,
    null,
    null,
    null,
    null,
    null,
    78.95,
    null,
    null,
    null,
    null,
    null,
    null,
    null,
    null,
    null,
    80.13,
    null,
    null,
    null,
    null,
    null,
    null,
    null,
    null,
    null,
    80.2,
    null,
    null,
    null,
    null,
    null,
    null,
    null,
    null,
    null,
    80.52,
    null,
    null,
    null,
    null,
    null,
    null,
    null,
    null,
    null,
    81.2,
    null,
    null,
    null,
    null,
    null,
    null,
    null,
    null,
    null,
    80.89,
    null,
    null,
    null,
    null,
    null,
    null,
    null,
    null,
    null,
    81.92,
    null,
    null,
    null,
    null,
    null,
    null,
    null,
    null,
    null,
    81.66,
    null,
    null,
    null,
    null,
    null,
    null,
    null,
    null,
    null,
    81.65,
    null,
    null,
    null,
    null,
    null,
    null,
    null,
    null,
    null,
    82.09
  ],
  "val_loss": [
    null,
    null,
    null,
    null,
    null,
    null,
    null,
    null,
    null,
    1.2580292846918106,
    null,
    null,
    null,
    null,
    null,
    null,
    null,
    null,
    null,
    1.1070690254211426,
    null,
    null,
    null,
    null,
    null,
    null,
    null,
    null,
    null,
    1.0555480742454528,
    null,
    null,
    null,
    null,
    null,
    null,
    null,
    null,
    null,
    1.0040916878461839,
    null,
    null,
    null,
    null,
    null,
    null,
    null,
    null,
    null,
    0.922626357126236,
    null,
    null,
    null,
    null,
    null,
    null,
    null,
    null,
    null,
    0.9360335668921471,
    null,
    null,
    null,
    null,
    null,
    null,
    null,
    null,
    null,
    0.8630521283268928,
    null,
    null,
    null,
    null,
    null,
    null,
    null,
    null,
    null,
    0.8404847307562828,
    null,
    null,
    null,
    null,
    null,
    null,
    null,
    null,
    null,
    0.8272050378322602,
    null,
    null,
    null,
    null,
    null,
    null,
    null,
    null,
    null,
    0.8034652999579907
  ],
  "test_loss": [
    null,
    null,
    null,
    null,
    null,
    null,
    null,
    null,
    null,
    1.02772237033844,
    null,
    null,
    null,
    null,
    null,
    null,
    null,
    null,
    null,
    0.9118942846298218,
    null,
    null,
    null,
    null,
    null,
    null,
    null,
    null,
    null,
    0.882180560016632,
    null,
    null,
    null,
    null,
    null,
    null,
    null,
    null,
    null,
    0.8044552684783935,
    null,
    null,
    null,
    null,
    null,
    null,
    null,
    null,
    null,
    0.7620991897106171,
    null,
    null,
    null,
    null,
    null,
    null,
    null,
    null,
    null,
    0.7710847215175629,
    null,
    null,
    null,
    null,
    null,
    null,
    null,
    null,
    null,
    0.7176881803035736,
    null,
    null,
    null,
    null,
    null,
    null,
    null,
    null,
    null,
    0.6976555128097535,
    null,
    null,
    null,
    null,
    null,
    null,
    null,
    null,
    null,
    0.6898134781360626,
    null,
    null,
    null,
    null,
    null,
    null,
    null,
    null,
    null,
    0.6621924725055695
  ],
  "best_val_acc": 78.52
}