{
  "round": [
    1,
    2,
    3,
    4,
    5,
    6,
    7,
    8,
    9,
    10,
    11,
    12,
    13,
    14,
    15,
    16,
    17,
    18,
    19,
    20,
    21,
    22,
    23,
    24,
    25,
    26,
    27,
    28,
    29,
    30,
    31,
    32,
    33,
    34,
    35,
    36,
    37,
    38,
    39,
    40,
    41,
    42,
    43,
    44,
    45,
    46,
    47,
    48,
    49,
    50,
    51,
    52,
    53,
    54,
    55,
    56,
    57,
    58,
    59,
    60,
    61,
    62,
    63,
    64,
    65,
    66,
    67,
    68,
    69,
    70,
    71,
    72,
    73,
    74,
    75,
    76,
    77,
    78,
    79,
    80,
    81,
    82,
    83,
    84,
    85,
    86,
    87,
    88,
    89,
    90,
    91,
    92,
    93,
    94,
    95,
    96,
    97,
    98,
    99,
    100
  ],
  "train_acc": [
    82.8515625,
    85.15625,
    84.5703125,
    83.75,
    86.7578125,
    87.421875,
    87.96875,
    85.859375,
    87.03125,
    87.890625,
    87.7734375,
    88.515625,
    87.3828125,
    86.6796875,
    88.046875,
    86.328125,
    88.6328125,
    88.1640625,
    87.109375,
    89.84375,
    89.609375,
    88.90625,
    86.5234375,
    86.9921875,
    88.046875,
    87.5390625,
    88.3203125,
    89.7265625,
    86.6015625,
    88.7890625,
    89.84375,
    88.75,
    88.90625,
    89.1015625,
    90.6640625,
    90.1953125,
    89.7265625,
    89.84375,
    89.0625,
    90.4296875,
    89.375,
    90.8203125,
    90.5859375,
    90.5078125,
    87.0703125,
    90.0390625,
    89.4921875,
    90.1953125,
    90.078125,
    90.1171875,
    91.953125,
    90.1953125,
    89.375,
    91.015625,
    88.828125,
    91.6015625,
    91.25,
    91.40625,
    89.7265625,
    91.09375,
    89.0234375,
    90.8984375,
    89.6875,
    90.46875,
    90.703125,
    90.078125,
    89.8828125,
    89.84375,
    90.15625,
    91.6015625,
    90.15625,
    90.8984375,
    91.484375,
    88.8671875,
    92.1875,
    91.09375,
    88.828125,
    89.8828125,
    89.1015625,
    90.15625,
    90.9765625,
    91.4453125,
    90.703125,
    91.3671875,
    90.9765625,
    88.984375,
    91.640625,
    90.8203125,
    89.21875,
    91.3671875,
    90.46875,
    89.53125,
    92.03125,
    91.09375,
    91.953125,
    91.0546875,
    89.9609375,
    91.953125,
    90.3125,
    91.9140625
  ],
  "val_acc": [
    null,
    null,
    null,
    null,
    null,
    null,
    null,
    null,
    null,
    71.04,
    null,
    null,
    null,
    null,
    null,
    null,
    null,
    null,
    null,
    73.62,
    null,
    null,
    null,
    null,
    null,
    null,
    null,
    null,
    null,
    73.26,
    null,
    null,
    null,
    null,
    null,
    null,
    null,
    null,
    null,
    72.62,
    null,
    null,
    null,
    null,
    null,
    null,
    null,
    null,
    null,
    74.06,
    null,
    null,
    null,
    null,
    null,
    null,
    null,
    null,
    null,
    76.22,
    null,
    null,
    null,
    null,
    null,
    null,
    null,
    null,
    null,
    74.64,
    null,
    null,
    null,
    null,
    null,
    null,
    null,
    null,
    null,
    74.9,
    null,
    null,
    null,
    null,
    null,
    null,
    null,
    null,
    null,
    75.66,
    null,
    null,
    null,
    null,
    null,
    null,
    null,
    null,
    null,
    76.48
  ],
  "test_acc": [
    null,
    null,
    null,
    null,
    null,
    null,
    null,
    null,
    null,
    75.48,
    null,
    null,
    null,
    null,
    null,
    null,
    null,
    null,
    null,
    78.99,
    null,
    null,
    null,
    null,
    null,
    null,
    null,
    null,
    null,
    78.0,
    null,
    null,
    null,
    null,
    null,
    null,
    null,
    null,
    null,
    77.62,
    null,
    null,
    null,
    null,
    null,
    null,
    null,
    null,
    null,
    78.87,
    null,
    null,
    null,
    null,
    null,
    null,
    null,
    null,
    null,
    79.76,
    null,
    null,
    null,
    null,
    null,
    null,
    null,
    null,
    null,
    79.14,
    null,
    null,
    null,
    null,
    null,
    null,
    null,
    null,
    null,
    78.94,
    null,
    null,
    null,
    null,
    null,
    null,
    null,
    null,
    null,
    79.52,
    null,
    null,
    null,
    null,
    null,
    null,
    null,
    null,
    null,
    80.14
  ],
  "val_loss": [
    null,
    null,
    null,
    null,
    null,
    null,
    null,
    null,
    null,
    1.5250654893100262,
    null,
    null,
    null,
    null,
    null,
    null,
    null,
    null,
    null,
    1.2941169860363007,
    null,
    null,
    null,
    null,
    null,
    null,
    null,
    null,
    null,
    1.1908956783294677,
    null,
    null,
    null,
    null,
    null,
    null,
    null,
    null,
    null,
    1.2240967054367065,
    null,
    null,
    null,
    null,
    null,
    null,
    null,
    null,
    null,
    1.1610984552383423,
    null,
    null,
    null,
    null,
    null,
    null,
    null,
    null,
    null,
    1.0145350341796875,
    null,
    null,
    null,
    null,
    null,
    null,
    null,
    null,
    null,
    1.0274593668222427,
    null,
    null,
    null,
    null,
    null,
    null,
    null,
    null,
    null,
    1.033930318236351,
    null,
    null,
    null,
    null,
    null,
    null,
    null,
    null,
    null,
    0.9525607574701309,
    null,
    null,
    null,
    null,
    null,
    null,
    null,
    null,
    null,
    0.9310829707026481
  ],
  "test_loss": [
    null,
    null,
    null,
    null,
    null,
    null,
    null,
    null,
    null,
    1.2405839393615723,
    null,
    null,
    null,
    null,
    null,
    null,
    null,
    null,
    null,
    1.011800820159912,
    null,
    null,
    null,
    null,
    null,
    null,
    null,
    null,
    null,
    0.9957798740386963,
    null,
    null,
    null,
    null,
    null,
    null,
    null,
    null,
    null,
    0.991028056049347,
    null,
    null,
    null,
    null,
    null,
    null,
    null,
    null,
    null,
    0.9134867023468017,
    null,
    null,
    null,
    null,
    null,
    null,
    null,
    null,
    null,
    0.8461929285049439,
    null,
    null,
    null,
    null,
    null,
    null,
    null,
    null,
    null,
    0.8733855215072632,
    null,
    null,
    null,
    null,
    null,
    null,
    null,
    null,
    null,
    0.8483780498504638,
    null,
    null,
    null,
    null,
    null,
    null,
    null,
    null,
    null,
    0.7960739459991455,
    null,
    null,
    null,
    null,
    null,
    null,
    null,
    null,
    null,
    0.7888971100807189
  ],
  "best_val_acc": 76.48
}