{
  "round": [
    1,
    2,
    3,
    4,
    5,
    6,
    7,
    8,
    9,
    10,
    11,
    12,
    13,
    14,
    15,
    16,
    17,
    18,
    19,
    20,
    21,
    22,
    23,
    24,
    25,
    26,
    27,
    28,
    29,
    30,
    31,
    32,
    33,
    34,
    35,
    36,
    37,
    38,
    39,
    40,
    41,
    42,
    43,
    44,
    45,
    46,
    47,
    48,
    49,
    50,
    51,
    52,
    53,
    54,
    55,
    56,
    57,
    58,
    59,
    60,
    61,
    62,
    63,
    64,
    65,
    66,
    67,
    68,
    69,
    70,
    71,
    72,
    73,
    74,
    75,
    76,
    77,
    78,
    79,
    80,
    81,
    82,
    83,
    84,
    85,
    86,
    87,
    88,
    89,
    90,
    91,
    92,
    93,
    94,
    95,
    96,
    97,
    98,
    99,
    100
  ],
  "train_acc": [
    71.5625,
    73.0078125,
    71.796875,
    73.0859375,
    74.53125,
    76.5625,
    77.3046875,
    75.390625,
    75.0390625,
    76.8359375,
    75.078125,
    76.2109375,
    76.4453125,
    77.1484375,
    77.8125,
    76.5234375,
    80.15625,
    77.5390625,
    76.9140625,
    80.078125,
    79.6875,
    78.203125,
    76.640625,
    77.3046875,
    79.0625,
    77.5,
    79.140625,
    81.3671875,
    76.4453125,
    78.90625,
    79.6484375,
    79.1796875,
    80.0,
    78.828125,
    81.7578125,
    81.3671875,
    79.1015625,
    81.2109375,
    79.3359375,
    79.4140625,
    79.6484375,
    82.65625,
    81.5625,
    80.5859375,
    77.421875,
    80.78125,
    78.671875,
    80.46875,
    82.1875,
    79.84375,
    82.0703125,
    80.1953125,
    80.5078125,
    83.1640625,
    80.078125,
    82.265625,
    81.953125,
    82.421875,
    81.015625,
    81.8359375,
    78.75,
    81.40625,
    80.5078125,
    81.640625,
    82.2265625,
    81.7578125,
    80.78125,
    81.6796875,
    81.25,
    83.515625,
    81.0546875,
    81.5625,
    83.90625,
    80.625,
    81.953125,
    81.09375,
    80.5078125,
    80.078125,
    80.390625,
    81.4453125,
    81.71875,
    82.7734375,
    82.8515625,
    82.8125,
    81.4453125,
    80.078125,
    83.6328125,
    82.578125,
    79.921875,
    82.34375,
    81.328125,
    80.0,
    82.8515625,
    82.734375,
    82.9296875,
    82.7734375,
    81.2890625,
    81.4453125,
    81.171875,
    83.5546875
  ],
  "val_acc": [
    null,
    null,
    null,
    null,
    null,
    null,
    null,
    null,
    null,
    71.88,
    null,
    null,
    null,
    null,
    null,
    null,
    null,
    null,
    null,
    72.72,
    null,
    null,
    null,
    null,
    null,
    null,
    null,
    null,
    null,
    73.28,
    null,
    null,
    null,
    null,
    null,
    null,
    null,
    null,
    null,
    74.28,
    null,
    null,
    null,
    null,
    null,
    null,
    null,
    null,
    null,
    74.18,
    null,
    null,
    null,
    null,
    null,
    null,
    null,
    null,
    null,
    74.62,
    null,
    null,
    null,
    null,
    null,
    null,
    null,
    null,
    null,
    75.04,
    null,
    null,
    null,
    null,
    null,
    null,
    null,
    null,
    null,
    75.88,
    null,
    null,
    null,
    null,
    null,
    null,
    null,
    null,
    null,
    74.78,
    null,
    null,
    null,
    null,
    null,
    null,
    null,
    null,
    null,
    75.54
  ],
  "test_acc": [
    null,
    null,
    null,
    null,
    null,
    null,
    null,
    null,
    null,
    76.45,
    null,
    null,
    null,
    null,
    null,
    null,
    null,
    null,
    null,
    77.67,
    null,
    null,
    null,
    null,
    null,
    null,
    null,
    null,
    null,
    78.26,
    null,
    null,
    null,
    null,
    null,
    null,
    null,
    null,
    null,
    78.64,
    null,
    null,
    null,
    null,
    null,
    null,
    null,
    null,
    null,
    78.46,
    null,
    null,
    null,
    null,
    null,
    null,
    null,
    null,
    null,
    79.09,
    null,
    null,
    null,
    null,
    null,
    null,
    null,
    null,
    null,
    79.06,
    null,
    null,
    null,
    null,
    null,
    null,
    null,
    null,
    null,
    79.44,
    null,
    null,
    null,
    null,
    null,
    null,
    null,
    null,
    null,
    79.62,
    null,
    null,
    null,
    null,
    null,
    null,
    null,
    null,
    null,
    79.54
  ],
  "val_loss": [
    null,
    null,
    null,
    null,
    null,
    null,
    null,
    null,
    null,
    1.4174615666627883,
    null,
    null,
    null,
    null,
    null,
    null,
    null,
    null,
    null,
    1.3941728423833848,
    null,
    null,
    null,
    null,
    null,
    null,
    null,
    null,
    null,
    1.288034755897522,
    null,
    null,
    null,
    null,
    null,
    null,
    null,
    null,
    null,
    1.2935975176811219,
    null,
    null,
    null,
    null,
    null,
    null,
    null,
    null,
    null,
    1.3108818819999695,
    null,
    null,
    null,
    null,
    null,
    null,
    null,
    null,
    null,
    1.2447965279102327,
    null,
    null,
    null,
    null,
    null,
    null,
    null,
    null,
    null,
    1.229864621847868,
    null,
    null,
    null,
    null,
    null,
    null,
    null,
    null,
    null,
    1.1630569561004638,
    null,
    null,
    null,
    null,
    null,
    null,
    null,
    null,
    null,
    1.189511770248413,
    null,
    null,
    null,
    null,
    null,
    null,
    null,
    null,
    null,
    1.165411848974228
  ],
  "test_loss": [
    null,
    null,
    null,
    null,
    null,
    null,
    null,
    null,
    null,
    1.2123701305389405,
    null,
    null,
    null,
    null,
    null,
    null,
    null,
    null,
    null,
    1.1426981006622314,
    null,
    null,
    null,
    null,
    null,
    null,
    null,
    null,
    null,
    1.11180633392334,
    null,
    null,
    null,
    null,
    null,
    null,
    null,
    null,
    null,
    1.0718548884391785,
    null,
    null,
    null,
    null,
    null,
    null,
    null,
    null,
    null,
    1.0627237894058228,
    null,
    null,
    null,
    null,
    null,
    null,
    null,
    null,
    null,
    1.0306815998077392,
    null,
    null,
    null,
    null,
    null,
    null,
    null,
    null,
    null,
    1.0255747106552124,
    null,
    null,
    null,
    null,
    null,
    null,
    null,
    null,
    null,
    0.9930346882820129,
    null,
    null,
    null,
    null,
    null,
    null,
    null,
    null,
    null,
    0.983695572566986,
    null,
    null,
    null,
    null,
    null,
    null,
    null,
    null,
    null,
    0.9887624586105347
  ],
  "best_val_acc": 75.88
}