{
  "round": [
    1,
    2,
    3,
    4,
    5,
    6,
    7,
    8,
    9,
    10,
    11,
    12,
    13,
    14,
    15,
    16,
    17,
    18,
    19,
    20,
    21,
    22,
    23,
    24,
    25,
    26,
    27,
    28,
    29,
    30,
    31,
    32,
    33,
    34,
    35,
    36,
    37,
    38,
    39,
    40,
    41,
    42,
    43,
    44,
    45,
    46,
    47,
    48,
    49,
    50,
    51,
    52,
    53,
    54,
    55,
    56,
    57,
    58,
    59,
    60,
    61,
    62,
    63,
    64,
    65,
    66,
    67,
    68,
    69,
    70,
    71,
    72,
    73,
    74,
    75,
    76,
    77,
    78,
    79,
    80,
    81,
    82,
    83,
    84,
    85,
    86,
    87,
    88,
    89,
    90,
    91,
    92,
    93,
    94,
    95,
    96,
    97,
    98,
    99,
    100
  ],
  "train_acc": [
    68.515625,
    68.0078125,
    72.1875,
    71.71875,
    73.984375,
    72.7734375,
    73.984375,
    74.609375,
    73.125,
    74.7265625,
    76.6015625,
    77.03125,
    75.8203125,
    76.09375,
    75.1953125,
    75.78125,
    75.4296875,
    77.265625,
    76.8359375,
    77.109375,
    77.3828125,
    79.6484375,
    75.2734375,
    77.1875,
    79.1796875,
    79.4921875,
    77.03125,
    77.2265625,
    79.6875,
    78.359375,
    76.2890625,
    77.8125,
    76.9140625,
    78.1640625,
    77.8515625,
    76.2109375,
    76.09375,
    77.6953125,
    76.71875,
    77.8125,
    78.3203125,
    77.0703125,
    80.9375,
    79.1015625,
    79.84375,
    79.2578125,
    77.6171875,
    77.5390625,
    78.28125,
    78.671875,
    78.5546875,
    79.2578125,
    81.09375,
    79.7265625,
    79.1015625,
    78.90625,
    77.9296875,
    77.3828125,
    78.90625,
    78.28125,
    78.515625,
    79.8046875,
    79.4921875,
    79.453125,
    80.46875,
    79.0625,
    77.109375,
    79.921875,
    79.84375,
    80.078125,
    78.59375,
    78.7890625,
    81.25,
    80.8984375,
    78.59375,
    80.0,
    79.3359375,
    80.8984375,
    79.375,
    80.859375,
    80.46875,
    81.953125,
    82.265625,
    83.0078125,
    81.5625,
    80.546875,
    81.4453125,
    82.421875,
    78.7890625,
    78.28125,
    79.609375,
    78.125,
    81.1328125,
    80.5078125,
    81.2890625,
    81.8359375,
    79.4921875,
    81.6796875,
    80.859375,
    80.9375
  ],
  "val_acc": [
    null,
    null,
    null,
    null,
    null,
    null,
    null,
    null,
    null,
    71.96,
    null,
    null,
    null,
    null,
    null,
    null,
    null,
    null,
    null,
    73.72,
    null,
    null,
    null,
    null,
    null,
    null,
    null,
    null,
    null,
    73.78,
    null,
    null,
    null,
    null,
    null,
    null,
    null,
    null,
    null,
    74.48,
    null,
    null,
    null,
    null,
    null,
    null,
    null,
    null,
    null,
    75.58,
    null,
    null,
    null,
    null,
    null,
    null,
    null,
    null,
    null,
    75.14,
    null,
    null,
    null,
    null,
    null,
    null,
    null,
    null,
    null,
    75.6,
    null,
    null,
    null,
    null,
    null,
    null,
    null,
    null,
    null,
    76.12,
    null,
    null,
    null,
    null,
    null,
    null,
    null,
    null,
    null,
    76.32,
    null,
    null,
    null,
    null,
    null,
    null,
    null,
    null,
    null,
    76.44
  ],
  "test_acc": [
    null,
    null,
    null,
    null,
    null,
    null,
    null,
    null,
    null,
    76.99,
    null,
    null,
    null,
    null,
    null,
    null,
    null,
    null,
    null,
    78.34,
    null,
    null,
    null,
    null,
    null,
    null,
    null,
    null,
    null,
    78.97,
    null,
    null,
    null,
    null,
    null,
    null,
    null,
    null,
    null,
    79.27,
    null,
    null,
    null,
    null,
    null,
    null,
    null,
    null,
    null,
    79.57,
    null,
    null,
    null,
    null,
    null,
    null,
    null,
    null,
    null,
    79.82,
    null,
    null,
    null,
    null,
    null,
    null,
    null,
    null,
    null,
    80.24,
    null,
    null,
    null,
    null,
    null,
    null,
    null,
    null,
    null,
    80.22,
    null,
    null,
    null,
    null,
    null,
    null,
    null,
    null,
    null,
    80.44,
    null,
    null,
    null,
    null,
    null,
    null,
    null,
    null,
    null,
    80.6
  ],
  "val_loss": [
    null,
    null,
    null,
    null,
    null,
    null,
    null,
    null,
    null,
    1.412961987757683,
    null,
    null,
    null,
    null,
    null,
    null,
    null,
    null,
    null,
    1.317473167324066,
    null,
    null,
    null,
    null,
    null,
    null,
    null,
    null,
    null,
    1.3116302517056466,
    null,
    null,
    null,
    null,
    null,
    null,
    null,
    null,
    null,
    1.2890617881774902,
    null,
    null,
    null,
    null,
    null,
    null,
    null,
    null,
    null,
    1.1910492429256438,
    null,
    null,
    null,
    null,
    null,
    null,
    null,
    null,
    null,
    1.2289040279269219,
    null,
    null,
    null,
    null,
    null,
    null,
    null,
    null,
    null,
    1.1817158320426941,
    null,
    null,
    null,
    null,
    null,
    null,
    null,
    null,
    null,
    1.1613271505355836,
    null,
    null,
    null,
    null,
    null,
    null,
    null,
    null,
    null,
    1.1633130575180053,
    null,
    null,
    null,
    null,
    null,
    null,
    null,
    null,
    null,
    1.1167510155439377
  ],
  "test_loss": [
    null,
    null,
    null,
    null,
    null,
    null,
    null,
    null,
    null,
    1.1921321176528932,
    null,
    null,
    null,
    null,
    null,
    null,
    null,
    null,
    null,
    1.1157227071762086,
    null,
    null,
    null,
    null,
    null,
    null,
    null,
    null,
    null,
    1.0821699593544007,
    null,
    null,
    null,
    null,
    null,
    null,
    null,
    null,
    null,
    1.0520284766197205,
    null,
    null,
    null,
    null,
    null,
    null,
    null,
    null,
    null,
    1.02214872713089,
    null,
    null,
    null,
    null,
    null,
    null,
    null,
    null,
    null,
    1.013853314781189,
    null,
    null,
    null,
    null,
    null,
    null,
    null,
    null,
    null,
    0.9915218777656555,
    null,
    null,
    null,
    null,
    null,
    null,
    null,
    null,
    null,
    0.9688860540390014,
    null,
    null,
    null,
    null,
    null,
    null,
    null,
    null,
    null,
    0.9528151843070984,
    null,
    null,
    null,
    null,
    null,
    null,
    null,
    null,
    null,
    0.9409743142127991
  ],
  "best_val_acc": 76.44
}