{
  "round": [
    1,
    2,
    3,
    4,
    5,
    6,
    7,
    8,
    9,
    10,
    11,
    12,
    13,
    14,
    15,
    16,
    17,
    18,
    19,
    20,
    21,
    22,
    23,
    24,
    25,
    26,
    27,
    28,
    29,
    30,
    31,
    32,
    33,
    34,
    35,
    36,
    37,
    38,
    39,
    40,
    41,
    42,
    43,
    44,
    45,
    46,
    47,
    48,
    49,
    50,
    51,
    52,
    53,
    54,
    55,
    56,
    57,
    58,
    59,
    60,
    61,
    62,
    63,
    64,
    65,
    66,
    67,
    68,
    69,
    70,
    71,
    72,
    73,
    74,
    75,
    76,
    77,
    78,
    79,
    80,
    81,
    82,
    83,
    84,
    85,
    86,
    87,
    88,
    89,
    90,
    91,
    92,
    93,
    94,
    95,
    96,
    97,
    98,
    99,
    100
  ],
  "train_acc": [
    49.1015625,
    33.0078125,
    33.984375,
    45.234375,
    57.8515625,
    62.65625,
    62.0703125,
    65.703125,
    68.59375,
    71.796875,
    70.46875,
    66.8359375,
    65.46875,
    69.140625,
    73.203125,
    74.921875,
    78.0859375,
    77.1484375,
    77.8515625,
    80.46875,
    81.2109375,
    75.390625,
    73.90625,
    76.25,
    78.515625,
    77.578125,
    78.046875,
    82.1484375,
    75.5859375,
    82.6171875,
    83.5546875,
    83.984375,
    84.921875,
    83.5546875,
    86.015625,
    87.5390625,
    85.6640625,
    86.2890625,
    83.0859375,
    85.2734375,
    83.125,
    84.8828125,
    86.953125,
    85.46875,
    83.59375,
    86.875,
    86.6015625,
    87.6953125,
    87.5390625,
    86.5234375,
    87.4609375,
    84.765625,
    86.796875,
    89.765625,
    85.1171875,
    87.578125,
    86.875,
    85.078125,
    86.25,
    88.046875,
    86.40625,
    88.2421875,
    88.125,
    86.9921875,
    89.0625,
    87.9296875,
    87.3828125,
    87.890625,
    87.1484375,
    89.4140625,
    88.0078125,
    88.1640625,
    88.8671875,
    85.1171875,
    89.140625,
    89.375,
    86.71875,
    87.109375,
    88.1640625,
    88.203125,
    88.2421875,
    90.1171875,
    87.34375,
    89.4140625,
    87.6953125,
    86.953125,
    88.125,
    88.1640625,
    87.421875,
    89.53125,
    89.3359375,
    87.8515625,
    90.2734375,
    89.8046875,
    91.5234375,
    90.1953125,
    88.828125,
    90.390625,
    86.328125,
    90.3125
  ],
  "val_acc": [
    null,
    null,
    null,
    null,
    null,
    null,
    null,
    null,
    null,
    44.0,
    null,
    null,
    null,
    null,
    null,
    null,
    null,
    null,
    null,
    54.92,
    null,
    null,
    null,
    null,
    null,
    null,
    null,
    null,
    null,
    65.2,
    null,
    null,
    null,
    null,
    null,
    null,
    null,
    null,
    null,
    64.92,
    null,
    null,
    null,
    null,
    null,
    null,
    null,
    null,
    null,
    69.0,
    null,
    null,
    null,
    null,
    null,
    null,
    null,
    null,
    null,
    71.58,
    null,
    null,
    null,
    null,
    null,
    null,
    null,
    null,
    null,
    71.76,
    null,
    null,
    null,
    null,
    null,
    null,
    null,
    null,
    null,
    72.26,
    null,
    null,
    null,
    null,
    null,
    null,
    null,
    null,
    null,
    72.54,
    null,
    null,
    null,
    null,
    null,
    null,
    null,
    null,
    null,
    71.18
  ],
  "test_acc": [
    null,
    null,
    null,
    null,
    null,
    null,
    null,
    null,
    null,
    51.25,
    null,
    null,
    null,
    null,
    null,
    null,
    null,
    null,
    null,
    60.97,
    null,
    null,
    null,
    null,
    null,
    null,
    null,
    null,
    null,
    71.09,
    null,
    null,
    null,
    null,
    null,
    null,
    null,
    null,
    null,
    70.39,
    null,
    null,
    null,
    null,
    null,
    null,
    null,
    null,
    null,
    73.83,
    null,
    null,
    null,
    null,
    null,
    null,
    null,
    null,
    null,
    76.58,
    null,
    null,
    null,
    null,
    null,
    null,
    null,
    null,
    null,
    76.49,
    null,
    null,
    null,
    null,
    null,
    null,
    null,
    null,
    null,
    76.65,
    null,
    null,
    null,
    null,
    null,
    null,
    null,
    null,
    null,
    77.17,
    null,
    null,
    null,
    null,
    null,
    null,
    null,
    null,
    null,
    75.11
  ],
  "val_loss": [
    null,
    null,
    null,
    null,
    null,
    null,
    null,
    null,
    null,
    3.084480066680908,
    null,
    null,
    null,
    null,
    null,
    null,
    null,
    null,
    null,
    2.2081157510757445,
    null,
    null,
    null,
    null,
    null,
    null,
    null,
    null,
    null,
    1.4845937831163407,
    null,
    null,
    null,
    null,
    null,
    null,
    null,
    null,
    null,
    1.527159457397461,
    null,
    null,
    null,
    null,
    null,
    null,
    null,
    null,
    null,
    1.3107399299621583,
    null,
    null,
    null,
    null,
    null,
    null,
    null,
    null,
    null,
    1.11245651845932,
    null,
    null,
    null,
    null,
    null,
    null,
    null,
    null,
    null,
    1.1010253101587295,
    null,
    null,
    null,
    null,
    null,
    null,
    null,
    null,
    null,
    1.0825700436353682,
    null,
    null,
    null,
    null,
    null,
    null,
    null,
    null,
    null,
    1.0330926096439361,
    null,
    null,
    null,
    null,
    null,
    null,
    null,
    null,
    null,
    1.0883161067962646
  ],
  "test_loss": [
    null,
    null,
    null,
    null,
    null,
    null,
    null,
    null,
    null,
    2.5309290840148924,
    null,
    null,
    null,
    null,
    null,
    null,
    null,
    null,
    null,
    1.817715535736084,
    null,
    null,
    null,
    null,
    null,
    null,
    null,
    null,
    null,
    1.1898465042114257,
    null,
    null,
    null,
    null,
    null,
    null,
    null,
    null,
    null,
    1.2108213493347169,
    null,
    null,
    null,
    null,
    null,
    null,
    null,
    null,
    null,
    1.0441706565856934,
    null,
    null,
    null,
    null,
    null,
    null,
    null,
    null,
    null,
    0.9036905979156494,
    null,
    null,
    null,
    null,
    null,
    null,
    null,
    null,
    null,
    0.9031790009498596,
    null,
    null,
    null,
    null,
    null,
    null,
    null,
    null,
    null,
    0.8774811016082764,
    null,
    null,
    null,
    null,
    null,
    null,
    null,
    null,
    null,
    0.8552855091094971,
    null,
    null,
    null,
    null,
    null,
    null,
    null,
    null,
    null,
    0.9165842953681946
  ],
  "best_val_acc": 72.54
}