{
  "epoch": [
    1,
    2,
    3,
    4,
    5,
    6,
    7,
    8,
    9,
    10,
    11,
    12,
    13,
    14,
    15,
    16
  ],
  "train_loss": [
    1.0672590054921371,
    0.6806853513629474,
    0.5931158009201161,
    0.5365364166191259,
    0.4981250535924608,
    0.42473611908608444,
    0.4127755672757012,
    0.40900667543770747,
    0.3970529572087026,
    0.40705470499154683,
    0.39455436528322535,
    0.3885482364621644,
    0.38862843319752477,
    0.3850580672090966,
    0.39087170315840164,
    0.39085691093677816
  ],
  "train_acc": [
    74.86442034139402,
    80.20092460881935,
    82.18349928876245,
    83.49039829302987,
    84.50613442389758,
    86.54649715504979,
    86.88433499288763,
    86.97101706970128,
    87.23328591749645,
    86.88655761024182,
    87.40442745376956,
    87.54222972972973,
    87.41776315789474,
    87.70003556187767,
    87.50222261735419,
    87.47999644381224
  ],
  "val_loss": [
    null,
    0.7101827037811279,
    null,
    0.6404902408838272,
    null,
    0.587695139503479,
    null,
    0.5907959270477295,
    null,
    0.5837116842269897,
    null,
    0.5647352696895599,
    null,
    0.5749355644226074,
    null,
    0.5609169313073158
  ],
  "val_acc": [
    null,
    79.5,
    null,
    80.72,
    null,
    82.26,
    null,
    82.68,
    null,
    82.58,
    null,
    83.24,
    null,
    83.2,
    null,
    82.98
  ],
  "test_loss": [
    null,
    0.5785266249656678,
    null,
    0.5409306719779968,
    null,
    0.48982223801612856,
    null,
    0.48450628061294554,
    null,
    0.4826578245162964,
    null,
    0.4819148546695709,
    null,
    0.48200121088027953,
    null,
    0.4815512945175171
  ],
  "test_acc": [
    null,
    83.05,
    null,
    83.93,
    null,
    85.24,
    null,
    85.25,
    null,
    85.6,
    null,
    85.62,
    null,
    85.67,
    null,
    85.68
  ],
  "lr": [
    1e-05,
    1e-05,
    1e-05,
    1e-05,
    1e-05,
    1.0000000000000002e-06,
    1.0000000000000002e-06,
    1.0000000000000002e-06,
    1.0000000000000002e-06,
    1.0000000000000002e-06,
    1.0000000000000002e-07,
    1.0000000000000002e-07,
    1.0000000000000002e-07,
    1.0000000000000002e-07,
    1.0000000000000002e-07,
    1.0000000000000004e-08
  ],
  "best_val_acc": 83.24,
  "final_test_acc": 85.68
}