{
  "epoch": [
    1,
    2,
    3,
    4,
    5,
    6,
    7,
    8,
    9,
    10,
    11,
    12,
    13,
    14,
    15,
    16
  ],
  "train_loss": [
    1.0631171261857277,
    0.6818594638772235,
    0.5814371115791679,
    0.5327090135382045,
    0.48886100420063283,
    0.4641322943767477,
    0.4258817366905945,
    0.4141221920380721,
    0.38544481362124766,
    0.3688410776183751,
    0.3511893057170328,
    0.3444142746149561,
    0.3290679741910477,
    0.33199740352790014,
    0.3182719147646241,
    0.3308316204553817
  ],
  "train_acc": [
    75.30894381223328,
    80.15647226173542,
    82.57467994310099,
    83.70376955903272,
    84.7950746799431,
    85.52187055476529,
    86.44203413940257,
    86.8954480796586,
    87.64224751066857,
    88.05787695590327,
    88.66242887624466,
    89.02693812233287,
    89.28920697012802,
    89.34032716927453,
    89.56481152204836,
    89.19363442389758
  ],
  "val_loss": [
    null,
    0.7367111050605774,
    null,
    0.642627749824524,
    null,
    0.6227052320718766,
    null,
    0.5993219154596329,
    null,
    0.5725508826494217,
    null,
    0.5703341253757477,
    null,
    0.5649428527832031,
    null,
    0.5752767159461976
  ],
  "val_acc": [
    null,
    78.76,
    null,
    80.74,
    null,
    81.78,
    null,
    82.58,
    null,
    83.22,
    null,
    83.46,
    null,
    83.82,
    null,
    83.32
  ],
  "test_loss": [
    null,
    0.5874008303165436,
    null,
    0.5250261409759521,
    null,
    0.5178144120693207,
    null,
    0.49874276151657104,
    null,
    0.48413068799972536,
    null,
    0.4753705431461334,
    null,
    0.4755491496562958,
    null,
    0.47325871715545653
  ],
  "test_acc": [
    null,
    83.06,
    null,
    84.29,
    null,
    84.86,
    null,
    85.18,
    null,
    85.7,
    null,
    86.13,
    null,
    86.0,
    null,
    86.18
  ],
  "lr": [
    1e-05,
    9.903926402016153e-06,
    9.619397662556435e-06,
    9.157348061512728e-06,
    8.535533905932739e-06,
    7.777851165098012e-06,
    6.91341716182545e-06,
    5.975451610080643e-06,
    5e-06,
    4.02454838991936e-06,
    3.086582838174552e-06,
    2.2221488349019908e-06,
    1.464466094067263e-06,
    8.426519384872735e-07,
    3.8060233744356645e-07,
    9.607359798384788e-08
  ],
  "best_val_acc": 83.82,
  "final_test_acc": 86.18
}