{
  "epoch": [
    1,
    2,
    3,
    4,
    5,
    6,
    7,
    8,
    9,
    10,
    11,
    12,
    13,
    14,
    15,
    16
  ],
  "train_loss": [
    1.069333365894483,
    0.6737467652109914,
    0.5774846521880515,
    0.5301010555469803,
    0.4946192799938861,
    0.4710060377760259,
    0.44151004355077555,
    0.43005647048205775,
    0.4049050942762817,
    0.40084293257884923,
    0.38680335114131104,
    0.37361261067358226,
    0.3579117816847724,
    0.35208603380457265,
    0.35310515122300024,
    0.34679716128119364
  ],
  "train_acc": [
    74.84219416785206,
    80.4698613086771,
    82.48799786628734,
    83.5948613086771,
    84.65060455192034,
    85.40629445234708,
    85.9997332859175,
    86.35312944523471,
    87.05769914651493,
    87.18438833570413,
    87.41998577524893,
    87.97341749644382,
    88.4601706970128,
    88.6446479374111,
    88.68910028449503,
    88.73799786628734
  ],
  "val_loss": [
    null,
    0.7264889440536499,
    null,
    0.6443502738475799,
    null,
    0.5920051725625992,
    null,
    0.5824652649283409,
    null,
    0.5724281737804413,
    null,
    0.572549782037735,
    null,
    0.55291855301857,
    null,
    0.5690450243711471
  ],
  "val_acc": [
    null,
    79.14,
    null,
    81.26,
    null,
    82.64,
    null,
    82.7,
    null,
    82.58,
    null,
    83.2,
    null,
    83.78,
    null,
    83.76
  ],
  "test_loss": [
    null,
    0.5937058434009552,
    null,
    0.5338451156139373,
    null,
    0.5077142189025879,
    null,
    0.49383779067993167,
    null,
    0.49448036127090456,
    null,
    0.4892463179111481,
    null,
    0.48796917464733125,
    null,
    0.4823469230175018
  ],
  "test_acc": [
    null,
    82.8,
    null,
    83.95,
    null,
    84.77,
    null,
    85.32,
    null,
    85.39,
    null,
    85.62,
    null,
    85.57,
    null,
    85.96
  ],
  "lr": [
    1e-05,
    9e-06,
    8.1e-06,
    7.2900000000000005e-06,
    6.561e-06,
    5.904900000000001e-06,
    5.314410000000001e-06,
    4.782969000000001e-06,
    4.3046721000000005e-06,
    3.874204890000001e-06,
    3.4867844010000007e-06,
    3.1381059609000006e-06,
    2.8242953648100006e-06,
    2.5418658283290006e-06,
    2.2876792454961005e-06,
    2.0589113209464906e-06
  ],
  "best_val_acc": 83.78,
  "final_test_acc": 85.96
}