{
  "epoch": [
    1,
    2,
    3,
    4,
    5,
    6,
    7,
    8,
    9,
    10,
    11,
    12,
    13,
    14,
    15,
    16
  ],
  "train_loss": [
    1.0731054521344634,
    0.6908610810553536,
    0.5877187911468753,
    0.5349136014200037,
    0.4972708182009321,
    0.4690246930290252,
    0.44006957253639933,
    0.42080411590519196,
    0.4024177977489374,
    0.3810626439124897,
    0.3616009986777903,
    0.34832506465750773,
    0.328857989422712,
    0.3084485558196796,
    0.3000228737042435,
    0.28648939145302366
  ],
  "train_acc": [
    74.89553698435277,
    79.95421408250355,
    82.47688477951635,
    83.5326280227596,
    84.60615220483642,
    85.29516358463727,
    86.1175320056899,
    86.6598506401138,
    86.98879800853486,
    87.84672830725462,
    88.4068278805121,
    88.58685988620199,
    89.47590682788051,
    89.93821123755335,
    90.22715149359887,
    90.58277027027027
  ],
  "val_loss": [
    null,
    0.7327912221908569,
    null,
    0.6572504232883454,
    null,
    0.6183951887607575,
    null,
    0.5949079218149185,
    null,
    0.6043115482330322,
    null,
    0.5880042948067188,
    null,
    0.5829216913938522,
    null,
    0.5843595281600952
  ],
  "val_acc": [
    null,
    78.7,
    null,
    80.72,
    null,
    82.12,
    null,
    82.44,
    null,
    82.8,
    null,
    83.36,
    null,
    83.4,
    null,
    83.42
  ],
  "test_loss": [
    null,
    0.5825743177890778,
    null,
    0.5312569728851319,
    null,
    0.5268343383789063,
    null,
    0.5071073580741883,
    null,
    0.5020652194738388,
    null,
    0.503313353061676,
    null,
    0.5029152998447418,
    null,
    0.5134897508144378
  ],
  "test_acc": [
    null,
    82.96,
    null,
    84.05,
    null,
    84.56,
    null,
    85.41,
    null,
    85.3,
    null,
    85.61,
    null,
    86.1,
    null,
    85.87
  ],
  "lr": [
    1e-05,
    1e-05,
    1e-05,
    1e-05,
    1e-05,
    1e-05,
    1e-05,
    1e-05,
    1e-05,
    1e-05,
    1e-05,
    1e-05,
    1e-05,
    1e-05,
    1e-05,
    1e-05
  ],
  "best_val_acc": 83.42,
  "final_test_acc": 85.87
}