{
  "round": [
    1,
    2,
    3,
    4,
    5,
    6,
    7,
    8,
    9,
    10,
    11,
    12,
    13,
    14,
    15,
    16,
    17,
    18,
    19,
    20,
    21,
    22,
    23,
    24,
    25,
    26,
    27,
    28,
    29,
    30,
    31,
    32,
    33,
    34,
    35,
    36,
    37,
    38,
    39,
    40,
    41,
    42,
    43,
    44,
    45,
    46,
    47,
    48,
    49,
    50
  ],
  "train_loss": [
    12.415100402757526,
    8.539990365505219,
    6.020090308785439,
    5.475152093172073,
    4.967646825313568,
    4.412466561794281,
    4.48949224203825,
    4.321624781191349,
    4.145311969518661,
    4.157284642755985,
    4.3804910480976105,
    4.356786894798279,
    4.031450405716896,
    3.900034260749817,
    4.093871368467807,
    4.147998984158039,
    3.8442385330796243,
    3.654118375480175,
    3.422604864090681,
    3.4429615668952467,
    2.857706272602081,
    2.132462901622057,
    1.0852614916861056,
    0.9291614499874413,
    0.7735993170412258,
    0.7088308047503233,
    0.7142075148411096,
    0.5691558062797413,
    0.607567373441998,
    0.5722592731472105,
    0.6280327434418723,
    0.5397618337301537,
    0.4417239202652127,
    0.529388410737738,
    0.5096529875183478,
    0.4730285939760506,
    0.5262894139625132,
    0.45665215778863055,
    0.3930604083929211,
    0.4462494063656777,
    0.3775216857320629,
    0.36525039810221643,
    0.43438283405266703,
    0.35012930643279105,
    0.37664635403780267,
    0.3657016372482758,
    0.41947454649489374,
    0.37996912489179524,
    0.35533825359889304,
    0.33959240359254184
  ],
  "train_acc": [
    27.431640625,
    11.796875,
    10.927734375,
    10.927734375,
    11.416015625,
    13.45703125,
    13.49609375,
    14.27734375,
    14.052734375,
    13.955078125,
    15.72265625,
    16.42578125,
    16.38671875,
    18.427734375,
    19.21875,
    17.3046875,
    18.8671875,
    22.40234375,
    24.931640625,
    27.51953125,
    35.05859375,
    53.115234375,
    72.28515625,
    76.58203125,
    79.345703125,
    81.650390625,
    81.591796875,
    84.609375,
    83.37890625,
    84.736328125,
    83.7109375,
    86.23046875,
    87.83203125,
    85.576171875,
    85.72265625,
    86.708984375,
    85.234375,
    87.099609375,
    88.798828125,
    86.865234375,
    89.404296875,
    89.287109375,
    87.587890625,
    90.009765625,
    89.306640625,
    89.443359375,
    88.271484375,
    89.228515625,
    89.794921875,
    90.146484375
  ],
  "val_loss": [
    NaN,
    NaN,
    NaN,
    NaN,
    NaN,
    NaN,
    NaN,
    NaN,
    NaN,
    7.234584843444824,
    NaN,
    NaN,
    NaN,
    NaN,
    NaN,
    NaN,
    NaN,
    NaN,
    NaN,
    5.3307599899291995,
    NaN,
    NaN,
    NaN,
    NaN,
    NaN,
    NaN,
    NaN,
    NaN,
    NaN,
    1.5123750116348267,
    NaN,
    NaN,
    NaN,
    NaN,
    NaN,
    NaN,
    NaN,
    NaN,
    NaN,
    1.1384048640966415,
    NaN,
    NaN,
    NaN,
    NaN,
    NaN,
    NaN,
    NaN,
    NaN,
    NaN,
    1.020682034921646
  ],
  "val_acc": [
    NaN,
    NaN,
    NaN,
    NaN,
    NaN,
    NaN,
    NaN,
    NaN,
    NaN,
    1.4,
    NaN,
    NaN,
    NaN,
    NaN,
    NaN,
    NaN,
    NaN,
    NaN,
    NaN,
    7.82,
    NaN,
    NaN,
    NaN,
    NaN,
    NaN,
    NaN,
    NaN,
    NaN,
    NaN,
    63.5,
    NaN,
    NaN,
    NaN,
    NaN,
    NaN,
    NaN,
    NaN,
    NaN,
    NaN,
    71.4,
    NaN,
    NaN,
    NaN,
    NaN,
    NaN,
    NaN,
    NaN,
    NaN,
    NaN,
    74.28
  ],
  "test_loss": [
    NaN,
    NaN,
    NaN,
    NaN,
    NaN,
    NaN,
    NaN,
    NaN,
    NaN,
    7.040507157897949,
    NaN,
    NaN,
    NaN,
    NaN,
    NaN,
    NaN,
    NaN,
    NaN,
    NaN,
    5.121389178466797,
    NaN,
    NaN,
    NaN,
    NaN,
    NaN,
    NaN,
    NaN,
    NaN,
    NaN,
    1.2806097584724425,
    NaN,
    NaN,
    NaN,
    NaN,
    NaN,
    NaN,
    NaN,
    NaN,
    NaN,
    0.9428170516967773,
    NaN,
    NaN,
    NaN,
    NaN,
    NaN,
    NaN,
    NaN,
    NaN,
    NaN,
    0.8564850173950195
  ],
  "test_acc": [
    NaN,
    NaN,
    NaN,
    NaN,
    NaN,
    NaN,
    NaN,
    NaN,
    NaN,
    1.92,
    NaN,
    NaN,
    NaN,
    NaN,
    NaN,
    NaN,
    NaN,
    NaN,
    NaN,
    9.0,
    NaN,
    NaN,
    NaN,
    NaN,
    NaN,
    NaN,
    NaN,
    NaN,
    NaN,
    68.51,
    NaN,
    NaN,
    NaN,
    NaN,
    NaN,
    NaN,
    NaN,
    NaN,
    NaN,
    75.65,
    NaN,
    NaN,
    NaN,
    NaN,
    NaN,
    NaN,
    NaN,
    NaN,
    NaN,
    77.89
  ],
  "best_val_acc": 74.28
}