{
  "round": [
    1,
    2,
    3,
    4,
    5,
    6,
    7,
    8,
    9,
    10,
    11,
    12,
    13,
    14,
    15,
    16,
    17,
    18,
    19,
    20,
    21,
    22,
    23,
    24,
    25,
    26,
    27,
    28,
    29,
    30,
    31,
    32,
    33,
    34,
    35,
    36,
    37,
    38,
    39,
    40,
    41,
    42,
    43,
    44,
    45,
    46,
    47,
    48,
    49,
    50,
    51,
    52,
    53,
    54,
    55,
    56,
    57,
    58,
    59,
    60,
    61,
    62,
    63,
    64,
    65,
    66,
    67,
    68,
    69,
    70,
    71,
    72,
    73,
    74,
    75,
    76,
    77,
    78,
    79,
    80,
    81,
    82,
    83,
    84,
    85,
    86,
    87,
    88,
    89,
    90,
    91,
    92,
    93,
    94,
    95,
    96,
    97,
    98,
    99,
    100,
    101,
    102,
    103,
    104,
    105,
    106,
    107,
    108,
    109,
    110,
    111,
    112,
    113,
    114,
    115,
    116,
    117,
    118,
    119,
    120,
    121,
    122,
    123,
    124,
    125,
    126,
    127,
    128,
    129,
    130,
    131,
    132,
    133,
    134,
    135,
    136,
    137,
    138,
    139,
    140,
    141,
    142,
    143,
    144,
    145,
    146,
    147,
    148,
    149,
    150,
    151,
    152,
    153,
    154,
    155,
    156,
    157,
    158,
    159,
    160,
    161,
    162,
    163,
    164,
    165,
    166,
    167,
    168,
    169,
    170,
    171,
    172,
    173,
    174,
    175,
    176,
    177,
    178,
    179,
    180,
    181,
    182,
    183,
    184,
    185,
    186,
    187,
    188,
    189,
    190,
    191,
    192,
    193,
    194,
    195,
    196,
    197,
    198,
    199,
    200
  ],
  "train_loss": [
    4.228625711798668,
    5.463598144054413,
    4.0191829919815065,
    3.361935579776764,
    2.334847828745842,
    1.9986120358109474,
    1.7260644361376762,
    1.6299078226089478,
    1.4446022674441337,
    1.6136824160814285,
    1.287272883951664,
    1.1687538236379624,
    1.0969596534967423,
    1.220268315076828,
    1.1204699516296386,
    1.0451298907399178,
    1.1349734909832478,
    1.0341225549578668,
    0.9219482809305191,
    1.0447866439819335,
    0.9914762154221535,
    1.0460156723856926,
    0.9616999670863151,
    1.0693393155932427,
    0.8781116247177124,
    0.9061741895973683,
    0.895480141788721,
    0.9339557722210884,
    0.889732363820076,
    0.8090975508093834,
    0.8512650638818741,
    0.8906744517385959,
    0.8776520796120166,
    0.8748198479413987,
    0.8928511455655098,
    0.939829035103321,
    0.9049350962042808,
    0.8444559648633003,
    0.9123279228806496,
    0.8317952424287796,
    0.8466428115963935,
    0.8524520814418792,
    0.9494170866906643,
    0.8962030678987503,
    0.8375987440347672,
    0.7740378342568874,
    0.8338884636759758,
    0.8140015684068203,
    0.8452076971530914,
    0.7162273876369,
    0.7963887833058834,
    0.8121427856385708,
    0.7085688330233098,
    0.7251963041722774,
    0.7762871414422989,
    0.7354325316846371,
    0.7401950046420097,
    0.7346219219267368,
    0.7364895068109035,
    0.7136485479772091,
    0.6585309028625488,
    0.761765031516552,
    0.7438006803393364,
    0.7167784042656422,
    0.6827025927603245,
    0.684035262465477,
    0.6944325186312199,
    0.6791800372302532,
    0.7353952720761299,
    0.6404904313385487,
    0.6194677338004112,
    0.7387032091617585,
    0.6728220470249653,
    0.7294983416795731,
    0.6586251132190227,
    0.759359373152256,
    0.7459386065602303,
    0.6905425578355789,
    0.6143515154719352,
    0.599460844695568,
    0.6587127089500427,
    0.6711956843733787,
    0.695546916872263,
    0.6615248624235391,
    0.6298371762037277,
    0.6361601255834103,
    0.5767192043364048,
    0.6818398900330067,
    0.6447880908846855,
    0.5964981310069561,
    0.6488626681268215,
    0.5976300917565822,
    0.5847335133701563,
    0.6440110735595226,
    0.6572760082781315,
    0.6720783948898316,
    0.5851685933768749,
    0.5812588259577751,
    0.6046761564910412,
    0.5866029158234596,
    0.5488198637962342,
    0.5476540863513947,
    0.5608268588781357,
    0.5899426430463791,
    0.6230404704809189,
    0.557514176517725,
    0.5974117189645767,
    0.5356563590466976,
    0.5919973328709602,
    0.5485247522592545,
    0.5537818968296051,
    0.5382658421993256,
    0.6092356227338314,
    0.5924255609512329,
    0.5722300760447979,
    0.5790852431207896,
    0.5478333845734596,
    0.5677535109221935,
    0.5779896937310696,
    0.5693437151610852,
    0.5759545840322972,
    0.5892365358769893,
    0.6147511877119541,
    0.5814541846513748,
    0.5602132938802242,
    0.5416660636663437,
    0.5079251196235418,
    0.5070377867668867,
    0.5058995343744754,
    0.5292585175484419,
    0.5711579769849777,
    0.5753993548452854,
    0.5203857608139515,
    0.5423202361911535,
    0.5795782603323459,
    0.5495220400393009,
    0.5107429638504982,
    0.5357567504048347,
    0.5221432212740182,
    0.5039795443415642,
    0.5180856473743916,
    0.5589895278215409,
    0.5203153897076845,
    0.5123999945819377,
    0.49708162657916544,
    0.6207708582282067,
    0.5254353173077106,
    0.49708724990487096,
    0.5238140393048525,
    0.5141508191823959,
    0.5132179871201515,
    0.47409904152154925,
    0.510299688577652,
    0.4811024747788906,
    0.5087532967329025,
    0.5078509444370866,
    0.529216206073761,
    0.5478037826716899,
    0.5096402823925018,
    0.5353324487805367,
    0.550729913264513,
    0.48770982027053833,
    0.5050150938332081,
    0.4858332235366106,
    0.5164832077920437,
    0.5024098489433527,
    0.5543044984340668,
    0.4954374097287655,
    0.5190248779952527,
    0.4889866091310978,
    0.530121548846364,
    0.45266674757003783,
    0.5132454466074705,
    0.48674547150731085,
    0.46914833709597586,
    0.4866585064679384,
    0.5365853808820248,
    0.48342829570174217,
    0.5014945421367883,
    0.5427442982792854,
    0.49826207496225833,
    0.4847816240042448,
    0.4527780618518591,
    0.4723645135760307,
    0.3957897011190653,
    0.4969848249107599,
    0.445978669077158,
    0.47901285588741305,
    0.5048451967537403,
    0.5028415687382222,
    0.4604645103216171,
    0.48417420461773875,
    0.44544404223561285,
    0.49019319489598273,
    0.4806931927800179,
    0.4909973040223122,
    0.4752065300941467,
    0.4816312711685896,
    0.47406417280435564,
    0.4610364157706499
  ],