{
  "round": [
    1,
    2,
    3,
    4,
    5,
    6,
    7,
    8,
    9,
    10,
    11,
    12,
    13,
    14,
    15,
    16,
    17,
    18,
    19,
    20,
    21,
    22,
    23,
    24,
    25,
    26,
    27,
    28,
    29,
    30,
    31,
    32,
    33,
    34,
    35,
    36,
    37,
    38,
    39,
    40,
    41,
    42,
    43,
    44,
    45,
    46,
    47,
    48,
    49,
    50,
    51,
    52,
    53,
    54,
    55,
    56,
    57,
    58,
    59,
    60,
    61,
    62,
    63,
    64,
    65,
    66,
    67,
    68,
    69,
    70,
    71,
    72,
    73,
    74,
    75,
    76,
    77,
    78,
    79,
    80,
    81,
    82,
    83,
    84,
    85,
    86,
    87,
    88,
    89,
    90,
    91,
    92,
    93,
    94,
    95,
    96,
    97,
    98,
    99,
    100
  ],
  "train_loss": [
    8.126044496707618,
    11.012459023296833,
    8.371299093961715,
    7.772862789034844,
    5.6819361478090284,
    4.501725928485394,
    3.268278024345636,
    3.1017023786902427,
    2.229805101454258,
    2.5536776069551705,
    1.1026491610333324,
    1.0459872597828508,
    0.8835967440158129,
    0.8629880798980594,
    0.6920007461681962,
    0.810089415172115,
    0.6506216125562787,
    0.7862663606181741,
    0.5999573984183371,
    0.7276170450495556,
    0.6066474799998105,
    0.5152356697246432,
    0.5702753116376698,
    0.6144101310987026,
    0.5074261259222113,
    0.41447509157005696,
    0.47125289619434624,
    0.4103390027201385,
    0.4890540278051049,
    0.47291854498907926,
    0.42390605454565955,
    0.46691252836608327,
    0.4742726340191439,
    0.4683451608987525,
    0.4545225687325001,
    0.5249406497227028,
    0.49053452992811797,
    0.4477961238473654,
    0.4826705205254257,
    0.45501787923276427,
    0.41445208080112933,
    0.47090484862565063,
    0.36127445959718896,
    0.41916429550619794,
    0.5659800069523044,
    0.43310311436653137,
    0.4318629558692919,
    0.5452804190339521,
    0.41041258693439886,
    0.47775217378512025,
    0.33418910271138885,
    0.3381797781214118,
    0.2943874598131515,
    0.35979980321135374,
    0.4082886634860188,
    0.38887049223994835,
    0.41172126057208513,
    0.3329591836314648,
    0.34536666889180195,
    0.318520997883752,
    0.351729830307886,
    0.3727466321492102,
    0.4485593139659613,
    0.37715615988709034,
    0.34297815944300963,
    0.3556796150689479,
    0.2733512231963687,
    0.3068047847948037,
    0.36366490689106284,
    0.29874774552881717,
    0.3380308403284289,
    0.3192928422038676,
    0.3224570521968417,
    0.27884595676732715,
    0.3127610629773699,
    0.4302044997923076,
    0.4453327230468858,
    0.281859804620035,
    0.29881556363980055,
    0.35920159560628234,
    0.37311069825591403,
    0.23902984687447315,
    0.24428878303151577,
    0.25812773598881905,
    0.2959858431480825,
    0.2729321422360954,
    0.25614735765848307,
    0.36109600788913665,
    0.23192582481715363,
    0.3465174986733473,
    0.2815993211072055,
    0.32189923092955725,
    0.2546430332993623,
    0.33657585449982436,
    0.25461808377876877,
    0.27425470147136366,
    0.2723888330801856,
    0.3579833748633973,
    0.4106058444129303,
    0.4392526278941659
  ],
  "train_acc": [
    57.63671875,
    32.59765625,
    22.4609375,
    21.71875,
    24.23828125,
    32.1875,
    41.85546875,
    49.27734375,
    59.04296875,
    60.83984375,
    73.6328125,
    76.484375,
    78.1640625,
    79.00390625,
    83.14453125,
    79.8828125,
    81.93359375,
    81.23046875,
    85.25390625,
    82.44140625,
    84.43359375,
    86.03515625,
    84.43359375,
    84.19921875,
    86.46484375,
    89.0625,
    86.97265625,
    89.140625,
    86.97265625,
    87.4609375,
    88.14453125,
    87.9296875,
    87.265625,
    87.890625,
    87.6171875,
    85.3515625,
    87.51953125,
    88.359375,
    86.42578125,
    87.5,
    88.7890625,
    87.36328125,
    90.4296875,
    88.8671875,
    85.33203125,
    88.02734375,
    88.69140625,
    85.52734375,
    89.16015625,
    87.44140625,
    91.15234375,
    91.07421875,
    91.69921875,
    90.76171875,
    88.4375,
    89.8046875,
    89.0625,
    90.68359375,
    90.13671875,
    90.76171875,
    90.09765625,
    89.51171875,
    87.734375,
    88.84765625,
    89.98046875,
    89.98046875,
    92.3828125,
    91.2109375,
    89.8046875,
    92.03125,
    90.64453125,
    91.38671875,
    90.56640625,
    92.01171875,
    90.6640625,
    88.3203125,
    88.359375,
    92.12890625,
    90.625,
    90.1171875,
    89.90234375,
    92.9296875,
    92.734375,
    92.91015625,
    91.26953125,
    91.71875,
    92.48046875,
    89.5703125,
    93.26171875,
    89.70703125,
    91.89453125,
    90.72265625,
    92.71484375,
    90.3515625,
    92.05078125,
    91.9921875,
    92.2265625,
    89.90234375,
    88.125,
    88.0859375
  ],
  "val_loss": [
    NaN,
    NaN,
    NaN,
    NaN,
    NaN,
    NaN,
    NaN,
    NaN,
    NaN,
    3.0965240631103517,
    NaN,
    NaN,
    NaN,
    NaN,
    NaN,
    NaN,
    NaN,
    NaN,
    NaN,
    1.6101974736213684,
    NaN,
    NaN,
    NaN,
    NaN,
    NaN,
    NaN,
    NaN,
    NaN,
    NaN,
    1.128571523284912,
    NaN,
    NaN,
    NaN,
    NaN,
    NaN,
    NaN,
    NaN,
    NaN,
    NaN,
    1.0590936781644822,
    NaN,
    NaN,
    NaN,
    NaN,
    NaN,
    NaN,
    NaN,
    NaN,
    NaN,
    1.051015379667282,
    NaN,
    NaN,
    NaN,
    NaN,
    NaN,
    NaN,
    NaN,
    NaN,
    NaN,
    1.1482110279202462,
    NaN,
    NaN,
    NaN,
    NaN,
    NaN,
    NaN,
    NaN,
    NaN,
    NaN,
    1.1013585664749146,
    NaN,
    NaN,
    NaN,
    NaN,
    NaN,
    NaN,
    NaN,
    NaN,
    NaN,
    0.9680804821968079,
    NaN,
    NaN,
    NaN,
    NaN,
    NaN,
    NaN,
    NaN,
    NaN,
    NaN,
    1.0779115137577058,
    NaN,
    NaN,
    NaN,
    NaN,
    NaN,
    NaN,
    NaN,
    NaN,
    NaN,
    1.4350150131225585
  ],
  "val_acc": [
    NaN,
    NaN,
    NaN,
    NaN,
    NaN,
    NaN,
    NaN,
    NaN,
    NaN,
    38.94,
    NaN,
    NaN,
    NaN,
    NaN,
    NaN,
    NaN,
    NaN,
    NaN,
    NaN,
    62.92,
    NaN,
    NaN,
    NaN,
    NaN,
    NaN,
    NaN,
    NaN,
    NaN,
    NaN,
    70.68,
    NaN,
    NaN,
    NaN,
    NaN,
    NaN,
    NaN,
    NaN,
    NaN,
    NaN,
    72.36,
    NaN,
    NaN,
    NaN,
    NaN,
    NaN,
    NaN,
    NaN,
    NaN,
    NaN,
    72.86,
    NaN,
    NaN,
    NaN,
    NaN,
    NaN,
    NaN,
    NaN,
    NaN,
    NaN,
    70.54,
    NaN,
    NaN,
    NaN,
    NaN,
    NaN,
    NaN,
    NaN,
    NaN,
    NaN,
    72.32,
    NaN,
    NaN,
    NaN,
    NaN,
    NaN,
    NaN,
    NaN,
    NaN,
    NaN,
    74.02,
    NaN,
    NaN,
    NaN,
    NaN,
    NaN,
    NaN,
    NaN,
    NaN,
    NaN,
    72.98,
    NaN,
    NaN,
    NaN,
    NaN,
    NaN,
    NaN,
    NaN,
    NaN,
    NaN,
    66.16
  ],
  "test_loss": [
    NaN,
    NaN,
    NaN,
    NaN,
    NaN,
    NaN,
    NaN,
    NaN,
    NaN,
    2.7070119140625,
    NaN,
    NaN,
    NaN,
    NaN,
    NaN,
    NaN,
    NaN,
    NaN,
    NaN,
    1.316706823539734,
    NaN,
    NaN,
    NaN,
    NaN,
    NaN,
    NaN,
    NaN,
    NaN,
    NaN,
    0.9521625427246094,
    NaN,
    NaN,
    NaN,
    NaN,
    NaN,
    NaN,
    NaN,
    NaN,
    NaN,
    0.9194655350685119,
    NaN,
    NaN,
    NaN,
    NaN,
    NaN,
    NaN,
    NaN,
    NaN,
    NaN,
    0.8679558012008667,
    NaN,
    NaN,
    NaN,
    NaN,
    NaN,
    NaN,
    NaN,
    NaN,
    NaN,
    0.9477782247543335,
    NaN,
    NaN,
    NaN,
    NaN,
    NaN,
    NaN,
    NaN,
    NaN,
    NaN,
    0.926486344242096,
    NaN,
    NaN,
    NaN,
    NaN,
    NaN,
    NaN,
    NaN,
    NaN,
    NaN,
    0.8130495734214783,
    NaN,
    NaN,
    NaN,
    NaN,
    NaN,
    NaN,
    NaN,
    NaN,
    NaN,
    0.8839651672840119,
    NaN,
    NaN,
    NaN,
    NaN,
    NaN,
    NaN,
    NaN,
    NaN,
    NaN,
    1.1925070269584657
  ],