{
  "round": [
    1,
    2,
    3,
    4,
    5,
    6,
    7,
    8,
    9,
    10,
    11,
    12,
    13,
    14,
    15,
    16,
    17,
    18,
    19,
    20,
    21,
    22,
    23,
    24,
    25,
    26,
    27,
    28,
    29,
    30,
    31,
    32,
    33,
    34,
    35,
    36,
    37,
    38,
    39,
    40,
    41,
    42,
    43,
    44,
    45,
    46,
    47,
    48,
    49,
    50,
    51,
    52,
    53,
    54,
    55,
    56,
    57,
    58,
    59,
    60,
    61,
    62,
    63,
    64,
    65,
    66,
    67,
    68,
    69,
    70,
    71,
    72,
    73,
    74,
    75,
    76,
    77,
    78,
    79,
    80,
    81,
    82,
    83,
    84,
    85,
    86,
    87,
    88,
    89,
    90,
    91,
    92,
    93,
    94,
    95,
    96,
    97,
    98,
    99,
    100,
    101,
    102,
    103,
    104,
    105,
    106,
    107,
    108,
    109,
    110,
    111,
    112,
    113,
    114,
    115,
    116,
    117,
    118,
    119,
    120,
    121,
    122,
    123,
    124,
    125,
    126,
    127,
    128,
    129,
    130,
    131,
    132,
    133,
    134,
    135,
    136,
    137,
    138,
    139,
    140,
    141,
    142,
    143,
    144,
    145,
    146,
    147,
    148,
    149,
    150,
    151,
    152,
    153,
    154,
    155,
    156,
    157,
    158,
    159,
    160,
    161,
    162,
    163,
    164,
    165,
    166,
    167,
    168,
    169,
    170,
    171,
    172,
    173,
    174,
    175,
    176,
    177,
    178,
    179,
    180,
    181,
    182,
    183,
    184,
    185,
    186,
    187,
    188,
    189,
    190,
    191,
    192,
    193,
    194,
    195,
    196,
    197,
    198,
    199,
    200
  ],
  "train_loss": [
    0.44436284103826074,
    1.0633172297938946,
    7.356042182640934,
    7.0874477002562015,
    8.087030942222896,
    7.582614200228723,
    9.621154960043015,
    6.943857767964701,
    5.743759198516801,
    13.016725564046618,
    4.8041638085761615,
    3.8628549982058993,
    3.4421191596160705,
    5.004820662453837,
    3.661021975745559,
    4.074491069057193,
    3.9456252754069334,
    3.009244564786939,
    4.403213221135078,
    4.261187200405596,
    2.6461220038867554,
    3.856871791484893,
    2.8572202849519366,
    3.2961512516532365,
    2.71523452528913,
    2.654235848369294,
    2.431879831245276,
    3.3648121981149437,
    2.0487569125371237,
    1.921317782508281,
    2.89814833442707,
    2.377125717375818,
    2.5581851512556395,
    2.5967529433701158,
    2.380529513144959,
    2.3851539617165693,
    2.393053089506311,
    2.434711614322919,
    2.276544578948318,
    2.7348344298347267,
    3.4216388038102608,
    2.8895596718541383,
    3.403206509871544,
    3.0394143420739765,
    2.291215592554612,
    2.3108649962807526,
    2.1210905687953323,
    2.489798539972882,
    2.470781282258129,
    2.666408504441393,
    2.3447239112507248,
    2.3705903031174627,
    2.7843298058342882,
    2.7215813240878615,
    3.3373499346917868,
    2.653001963681494,
    1.8253940782779157,
    3.3603757092501603,
    3.153600135091144,
    2.8827385052161185,
    2.9132820549314564,
    2.5446358327737557,
    2.1404588230251753,
    2.0683908300152702,
    2.7666908868772637,
    1.915377980312621,
    2.0316738478199596,
    1.6237692162326105,
    2.3907447775189494,
    2.8208268929740603,
    1.8380899975852283,
    2.0228599925205364,
    2.120428138476,
    2.084104599675908,
    2.458987345349179,
    2.0039566697116014,
    1.7388078498172554,
    1.904091720295486,
    2.653756450392069,
    2.870660530727333,
    3.082743416262123,
    2.574676020518445,
    3.1510321663611762,
    2.1793429098469934,
    2.5997417004220638,
    2.629348043371599,
    2.339802257940877,
    2.6017816011387196,
    2.4372977077940545,
    2.686681331867277,
    2.109330910466963,
    2.289171976463861,
    1.8110085881244526,
    2.371394465567002,
    1.8063557097312148,
    2.3295189044036255,
    1.999245317130829,
    2.9097176917950764,
    2.287902226492349,
    2.608346465823967,
    2.894446629567393,
    2.5204918048456384,
    2.119964102034826,
    2.1483807499626506,
    2.1876484183696903,
    1.8803890604323539,
    1.7912665268979437,
    2.142165932166636,
    1.899312691272837,
    1.7871718932968512,
    1.9737772166000347,
    2.4946668445721927,
    2.3484674118623436,
    2.286669739442266,
    2.1779059703573562,
    1.7454889403613159,
    1.836718093537898,
    2.6013064430695514,
    2.326166163172973,
    1.7642029225157785,
    1.7506577996417714,
    1.7878402372718902,
    2.2691194187430597,
    1.8407639062068626,
    1.6396031917156477,
    1.8498356035980912,
    2.0123061064359846,
    1.7729531676746326,
    2.26203548810389,
    1.7068386526798576,
    1.6551491261254068,
    1.9721790744511565,
    1.8575014888594972,
    2.0828780122305957,
    2.3688341889608973,
    2.5833536342872065,
    2.922051505261444,
    2.1788730946982016,
    2.185670750605573,
    1.8923078641814015,
    1.8467589986097699,
    1.9127390929353196,
    2.2284434144876255,
    1.9334879518218604,
    2.0798192192749654,
    2.563990478341714,
    2.0533694685409443,
    2.0903291519991853,
    1.9347558574498194,
    1.7503770655814754,
    2.147895958482637,
    1.5255526415394898,
    1.671430368254444,
    2.0893364581123133,
    1.7834867746597745,
    1.8647898656756496,
    1.803159348042838,
    2.059966100354701,
    2.6728551298933785,
    1.6711312080979375,
    1.659247264690452,
    1.8951287666043897,
    2.215504601119174,
    1.9284690859490112,
    1.9507202978668317,
    1.7914717794735497,
    2.0297170168067225,
    2.0797014500043645,
    1.5624687590648467,
    1.4574797501783232,
    2.1144265506251827,
    2.202939873319217,
    2.5446249729639994,
    2.2751541210207105,
    1.8759037429212355,
    2.238238142449802,
    1.821827042839019,
    2.0213405167216427,
    2.0966782030650846,
    1.9235525686571944,
    1.6900055366990046,
    1.976640156229016,
    1.6846724877454107,
    1.9493370303687017,
    1.7070943510459557,
    1.7244004882005222,
    2.2885063070278258,
    2.1494296528837133,
    1.6247178676403813,
    2.317805544417399,
    1.9722952380575123,
    2.0396503002246265,
    1.9845504600375683,
    1.5672544150263958,
    1.85127744397523,
    1.4621748251224278,
    2.0394477829006674,
    1.6102499533884689,
    1.6139009434650997,
    2.123105869518322
  ],