{
  "round": [
    1,
    2,
    3,
    4,
    5,
    6,
    7,
    8,
    9,
    10,
    11,
    12,
    13,
    14,
    15,
    16,
    17,
    18,
    19,
    20,
    21,
    22,
    23,
    24,
    25,
    26,
    27,
    28,
    29,
    30,
    31,
    32,
    33,
    34,
    35,
    36,
    37,
    38,
    39,
    40,
    41,
    42,
    43,
    44,
    45,
    46,
    47,
    48,
    49,
    50
  ],
  "train_loss": [
    0.09231936379625673,
    1.7794353404375087,
    2.313077904488543,
    5.585413817771635,
    4.178502661175469,
    3.158109662298718,
    4.533475732656842,
    5.161344213361655,
    3.1185707461326087,
    3.761886453160836,
    2.2478685813940844,
    1.7549440316868896,
    1.7548373364579857,
    2.746247397057629,
    1.520962323283904,
    1.7595892051978346,
    1.7161316434583025,
    1.7172419904252987,
    2.017607481429956,
    1.4074453349188707,
    1.3427695452919992,
    1.9823869520564696,
    1.576670826494162,
    1.3861488754597946,
    1.4258216101290038,
    1.2814188720928286,
    1.4009688486983216,
    1.2928875387010232,
    1.128818933999516,
    0.9045247473623,
    1.3633399975943639,
    0.9921650474892528,
    1.250196368583324,
    1.2868172517083925,
    1.3852964196684732,
    1.2380341015674041,
    1.2484829789177563,
    1.403079203874856,
    1.066907065268428,
    1.5802896508190176,
    1.8826625698597437,
    1.6774096868711812,
    2.0491264316846367,
    2.0048434957806407,
    1.4424055433036433,
    1.3888975794486655,
    1.0947120433305484,
    1.31626849951882,
    1.538487973541876,
    1.4942847587082067
  ],
  "train_acc": [
    98.10546875,
    93.369140625,
    93.22265625,
    87.8125,
    85.927734375,
    82.96875,
    80.3125,
    77.548828125,
    78.154296875,
    77.783203125,
    79.228515625,
    80.146484375,
    82.5390625,
    77.509765625,
    81.23046875,
    80.185546875,
    80.078125,
    81.6015625,
    79.35546875,
    81.630859375,
    81.884765625,
    80.87890625,
    80.625,
    82.138671875,
    82.109375,
    81.2109375,
    79.072265625,
    80.44921875,
    82.98828125,
    84.3359375,
    81.435546875,
    84.31640625,
    82.265625,
    82.05078125,
    81.806640625,
    82.333984375,
    83.90625,
    81.171875,
    81.26953125,
    80.37109375,
    81.0546875,
    81.1328125,
    77.65625,
    79.609375,
    80.1953125,
    80.7421875,
    81.455078125,
    81.97265625,
    80.0390625,
    77.841796875
  ],
  "val_loss": [
    NaN,
    NaN,
    NaN,
    NaN,
    NaN,
    NaN,
    NaN,
    NaN,
    NaN,
    16.70224855041504,
    NaN,
    NaN,
    NaN,
    NaN,
    NaN,
    NaN,
    NaN,
    NaN,
    NaN,
    11.40563832244873,
    NaN,
    NaN,
    NaN,
    NaN,
    NaN,
    NaN,
    NaN,
    NaN,
    NaN,
    10.004075964355469,
    NaN,
    NaN,
    NaN,
    NaN,
    NaN,
    NaN,
    NaN,
    NaN,
    NaN,
    12.102882556152343,
    NaN,
    NaN,
    NaN,
    NaN,
    NaN,
    NaN,
    NaN,
    NaN,
    NaN,
    9.160900579833985
  ],
  "val_acc": [
    NaN,
    NaN,
    NaN,
    NaN,
    NaN,
    NaN,
    NaN,
    NaN,
    NaN,
    0.98,
    NaN,
    NaN,
    NaN,
    NaN,
    NaN,
    NaN,
    NaN,
    NaN,
    NaN,
    1.02,
    NaN,
    NaN,
    NaN,
    NaN,
    NaN,
    NaN,
    NaN,
    NaN,
    NaN,
    1.12,
    NaN,
    NaN,
    NaN,
    NaN,
    NaN,
    NaN,
    NaN,
    NaN,
    NaN,
    1.0,
    NaN,
    NaN,
    NaN,
    NaN,
    NaN,
    NaN,
    NaN,
    NaN,
    NaN,
    1.04
  ],
  "test_loss": [
    NaN,
    NaN,
    NaN,
    NaN,
    NaN,
    NaN,
    NaN,
    NaN,
    NaN,
    16.7484018371582,
    NaN,
    NaN,
    NaN,
    NaN,
    NaN,
    NaN,
    NaN,
    NaN,
    NaN,
    11.494367224121094,
    NaN,
    NaN,
    NaN,
    NaN,
    NaN,
    NaN,
    NaN,
    NaN,
    NaN,
    9.851667057800293,
    NaN,
    NaN,
    NaN,
    NaN,
    NaN,
    NaN,
    NaN,
    NaN,
    NaN,
    11.959662646484375,
    NaN,
    NaN,
    NaN,
    NaN,
    NaN,
    NaN,
    NaN,
    NaN,
    NaN,
    8.942557976531983
  ],
  "test_acc": [
    NaN,
    NaN,
    NaN,
    NaN,
    NaN,
    NaN,
    NaN,
    NaN,
    NaN,
    0.88,
    NaN,
    NaN,
    NaN,
    NaN,
    NaN,
    NaN,
    NaN,
    NaN,
    NaN,
    1.0,
    NaN,
    NaN,
    NaN,
    NaN,
    NaN,
    NaN,
    NaN,
    NaN,
    NaN,
    1.2,
    NaN,
    NaN,
    NaN,
    NaN,
    NaN,
    NaN,
    NaN,
    NaN,
    NaN,
    1.04,
    NaN,
    NaN,
    NaN,
    NaN,
    NaN,
    NaN,
    NaN,
    NaN,
    NaN,
    1.04
  ],
  "best_val_acc": 1.12
}