{
  "round": [
    1,
    2,
    3,
    4,
    5,
    6,
    7,
    8,
    9,
    10,
    11,
    12,
    13,
    14,
    15,
    16,
    17,
    18,
    19,
    20,
    21,
    22,
    23,
    24,
    25,
    26,
    27,
    28,
    29,
    30,
    31,
    32,
    33,
    34,
    35,
    36,
    37,
    38,
    39,
    40,
    41,
    42,
    43,
    44,
    45,
    46,
    47,
    48,
    49,
    50,
    51,
    52,
    53,
    54,
    55,
    56,
    57,
    58,
    59,
    60,
    61,
    62,
    63,
    64,
    65,
    66,
    67,
    68,
    69,
    70,
    71,
    72,
    73,
    74,
    75,
    76,
    77,
    78,
    79,
    80,
    81,
    82,
    83,
    84,
    85,
    86,
    87,
    88,
    89,
    90,
    91,
    92,
    93,
    94,
    95,
    96,
    97,
    98,
    99,
    100
  ],
  "train_loss": [
    0.21242058688275672,
    1.85417083470236,
    5.214811295126861,
    5.641801340753273,
    8.236029678965576,
    6.370638690159929,
    5.981681405992668,
    3.6008101530404546,
    7.190017834246146,
    5.9097859427731345,
    3.143562201204123,
    2.559565747067025,
    3.8705007566261513,
    4.23495138018317,
    2.7979925900427807,
    2.941098793117939,
    3.5187560213596947,
    2.989446046553783,
    3.3170894469278274,
    2.381369552186235,
    2.6035486859218864,
    3.2211410500528737,
    2.383727141250998,
    2.819289953585838,
    2.403263376057901,
    2.037858423495121,
    2.0100146054221453,
    2.201448854827513,
    1.5320205956621336,
    1.6977791677443193,
    2.094245801067942,
    1.8516527865309196,
    2.0459943302060255,
    2.2421584539604185,
    1.9416857959291935,
    1.7869068089228897,
    2.093582298058388,
    2.1014073598829115,
    1.753935529274301,
    2.1560952389481938,
    2.7821426055944842,
    3.6529511261900383,
    3.991874591588359,
    2.276000607424905,
    1.7729087841357178,
    1.9034855591317474,
    1.9044812816959638,
    2.0310115612771975,
    2.87763451212913,
    1.9804592360390978,
    2.0126509364797487,
    1.8978668036280895,
    2.255602790221869,
    1.9651883927964444,
    2.782056781277525,
    1.822887636361856,
    1.453584952906603,
    2.5811847809057813,
    2.6860831861485495,
    2.0661825748829687,
    2.379483209946542,
    2.1169648417912095,
    1.7900761299351675,
    1.7224793263190914,
    1.9776284409578353,
    1.619701798678366,
    1.6526493548427177,
    1.353624819825674,
    1.771654645985345,
    2.3284553414607507,
    1.3597222817813033,
    1.768080342817735,
    1.6565390539505216,
    1.7001031346138071,
    1.9565189587457172,
    1.566238703943325,
    1.3554516588630858,
    1.4740143242247596,
    1.797442597763629,
    2.3207187520077373,
    2.7939751457953954,
    2.2597740017697694,
    2.3392240956147945,
    1.6160474874877628,
    1.9744929115025474,
    2.0307974504529627,
    1.7665237241713778,
    2.095062724801136,
    2.067925966803994,
    2.1186165834822317,
    1.7182960541533407,
    1.9761277222875069,
    1.4458504815441096,
    1.8674452748427168,
    1.4593470862816678,
    1.7964892390499472,
    1.5296723738731517,
    2.3902749014586684,
    1.9646266591399986,
    2.1914128427392394
  ],
  "train_acc": [
    96.1328125,
    88.046875,
    87.34375,
    84.140625,
    79.8828125,
    79.70703125,
    78.359375,
    82.65625,
    72.91015625,
    74.27734375,
    76.9140625,
    76.38671875,
    75.3515625,
    73.22265625,
    73.5546875,
    72.28515625,
    73.22265625,
    73.3984375,
    73.0859375,
    74.453125,
    72.578125,
    73.65234375,
    73.96484375,
    71.875,
    76.54296875,
    71.54296875,
    73.7109375,
    71.97265625,
    77.109375,
    77.05078125,
    73.88671875,
    76.328125,
    75.1953125,
    74.0625,
    74.375,
    75.234375,
    77.36328125,
    73.59375,
    72.7734375,
    74.00390625,
    73.69140625,
    71.171875,
    65.3125,
    73.22265625,
    73.046875,
    72.91015625,
    71.5234375,
    73.203125,
    70.1171875,
    69.8828125,
    73.2421875,
    73.7109375,
    73.37890625,
    72.6953125,
    70.13671875,
    71.07421875,
    73.57421875,
    69.140625,
    70.56640625,
    71.015625,
    69.98046875,
    70.78125,
    70.41015625,
    73.7109375,
    72.32421875,
    73.61328125,
    73.0859375,
    76.875,
    72.51953125,
    70.95703125,
    80.09765625,
    74.7265625,
    74.08203125,
    72.75390625,
    72.4609375,
    74.58984375,
    76.171875,
    74.2578125,
    75.25390625,
    71.62109375,
    69.82421875,
    70.5859375,
    70.68359375,
    76.42578125,
    71.2890625,
    70.6640625,
    72.36328125,
    71.07421875,
    72.8125,
    71.4453125,
    72.83203125,
    71.2890625,
    75.46875,
    73.53515625,
    75.390625,
    72.2265625,
    76.2890625,
    70.8203125,
    69.19921875,
    68.73046875
  ],
  "val_loss": [
    NaN,
    NaN,
    NaN,
    NaN,
    NaN,
    NaN,
    NaN,
    NaN,
    NaN,
    23.782071075439454,
    NaN,
    NaN,
    NaN,
    NaN,
    NaN,
    NaN,
    NaN,
    NaN,
    NaN,
    12.499462710571288,
    NaN,
    NaN,
    NaN,
    NaN,
    NaN,
    NaN,
    NaN,
    NaN,
    NaN,
    11.265881204223632,
    NaN,
    NaN,
    NaN,
    NaN,
    NaN,
    NaN,
    NaN,
    NaN,
    NaN,
    11.690750956726074,
    NaN,
    NaN,
    NaN,
    NaN,
    NaN,
    NaN,
    NaN,
    NaN,
    NaN,
    9.05673452911377,
    NaN,
    NaN,
    NaN,
    NaN,
    NaN,
    NaN,
    NaN,
    NaN,
    NaN,
    9.085671890258789,
    NaN,
    NaN,
    NaN,
    NaN,
    NaN,
    NaN,
    NaN,
    NaN,
    NaN,
    11.913106312561036,
    NaN,
    NaN,
    NaN,
    NaN,
    NaN,
    NaN,
    NaN,
    NaN,
    NaN,
    10.894330522155762,
    NaN,
    NaN,
    NaN,
    NaN,
    NaN,
    NaN,
    NaN,
    NaN,
    NaN,
    7.65607333984375,
    NaN,
    NaN,
    NaN,
    NaN,
    NaN,
    NaN,
    NaN,
    NaN,
    NaN,
    9.797652877807618
  ],
  "val_acc": [
    NaN,
    NaN,
    NaN,
    NaN,
    NaN,
    NaN,
    NaN,
    NaN,
    NaN,
    1.02,
    NaN,
    NaN,
    NaN,
    NaN,
    NaN,
    NaN,
    NaN,
    NaN,
    NaN,
    1.32,
    NaN,
    NaN,
    NaN,
    NaN,
    NaN,
    NaN,
    NaN,
    NaN,
    NaN,
    1.14,
    NaN,
    NaN,
    NaN,
    NaN,
    NaN,
    NaN,
    NaN,
    NaN,
    NaN,
    1.08,
    NaN,
    NaN,
    NaN,
    NaN,
    NaN,
    NaN,
    NaN,
    NaN,
    NaN,
    1.16,
    NaN,
    NaN,
    NaN,
    NaN,
    NaN,
    NaN,
    NaN,
    NaN,
    NaN,
    0.92,
    NaN,
    NaN,
    NaN,
    NaN,
    NaN,
    NaN,
    NaN,
    NaN,
    NaN,
    1.04,
    NaN,
    NaN,
    NaN,
    NaN,
    NaN,
    NaN,
    NaN,
    NaN,
    NaN,
    1.22,
    NaN,
    NaN,
    NaN,
    NaN,
    NaN,
    NaN,
    NaN,
    NaN,
    NaN,
    1.56,
    NaN,
    NaN,
    NaN,
    NaN,
    NaN,
    NaN,
    NaN,
    NaN,
    NaN,
    1.0
  ],
  "test_loss": [
    NaN,
    NaN,
    NaN,
    NaN,
    NaN,
    NaN,
    NaN,
    NaN,
    NaN,
    23.933722497558595,
    NaN,
    NaN,
    NaN,
    NaN,
    NaN,
    NaN,
    NaN,
    NaN,
    NaN,
    12.478155981445312,
    NaN,
    NaN,
    NaN,
    NaN,
    NaN,
    NaN,
    NaN,
    NaN,
    NaN,
    11.316810594177246,
    NaN,
    NaN,
    NaN,
    NaN,
    NaN,
    NaN,
    NaN,
    NaN,
    NaN,
    11.97629472503662,
    NaN,
    NaN,
    NaN,
    NaN,
    NaN,
    NaN,
    NaN,
    NaN,
    NaN,
    8.954681577301026,
    NaN,
    NaN,
    NaN,
    NaN,
    NaN,
    NaN,
    NaN,
    NaN,
    NaN,
    9.058601055908204,
    NaN,
    NaN,
    NaN,
    NaN,
    NaN,
    NaN,
    NaN,
    NaN,
    NaN,
    12.011478715515137,
    NaN,
    NaN,
    NaN,
    NaN,
    NaN,
    NaN,
    NaN,
    NaN,
    NaN,
    10.91160132751465,
    NaN,
    NaN,
    NaN,
    NaN,
    NaN,
    NaN,
    NaN,
    NaN,
    NaN,
    7.674847603607177,
    NaN,
    NaN,
    NaN,
    NaN,
    NaN,
    NaN,
    NaN,
    NaN,
    NaN,
    10.039467100524902
  ],