{
  "round": [
    1,
    2,
    3,
    4,
    5,
    6,
    7,
    8,
    9,
    10,
    11,
    12,
    13,
    14,
    15,
    16,
    17,
    18,
    19,
    20,
    21,
    22,
    23,
    24,
    25,
    26,
    27,
    28,
    29,
    30,
    31,
    32,
    33,
    34,
    35,
    36,
    37,
    38,
    39,
    40,
    41,
    42,
    43,
    44,
    45,
    46,
    47,
    48,
    49,
    50,
    51,
    52,
    53,
    54,
    55,
    56,
    57,
    58,
    59,
    60,
    61,
    62,
    63,
    64,
    65,
    66,
    67,
    68,
    69,
    70,
    71,
    72,
    73,
    74,
    75,
    76,
    77,
    78,
    79,
    80,
    81,
    82,
    83,
    84,
    85,
    86,
    87,
    88,
    89,
    90,
    91,
    92,
    93,
    94,
    95,
    96,
    97,
    98,
    99,
    100,
    101,
    102,
    103,
    104,
    105,
    106,
    107,
    108,
    109,
    110,
    111,
    112,
    113,
    114,
    115,
    116,
    117,
    118,
    119,
    120,
    121,
    122,
    123,
    124,
    125,
    126,
    127,
    128,
    129,
    130,
    131,
    132,
    133,
    134,
    135,
    136,
    137,
    138,
    139,
    140,
    141,
    142,
    143,
    144,
    145,
    146,
    147,
    148,
    149,
    150,
    151,
    152,
    153,
    154,
    155,
    156,
    157,
    158,
    159,
    160,
    161,
    162,
    163,
    164,
    165,
    166,
    167,
    168,
    169,
    170,
    171,
    172,
    173,
    174,
    175,
    176,
    177,
    178,
    179,
    180,
    181,
    182,
    183,
    184,
    185,
    186,
    187,
    188,
    189,
    190,
    191,
    192,
    193,
    194,
    195,
    196,
    197,
    198,
    199,
    200
  ],
  "train_loss": [
    1.5392373569309712,
    6.290019533038139,
    15.094433319568633,
    12.165535777807236,
    6.0896094888448715,
    4.088375443220139,
    2.534142126142979,
    2.2729538828134537,
    1.827179466560483,
    1.5262429820373655,
    1.2608274795114993,
    1.06241349093616,
    0.9944651961326599,
    0.8771769247949124,
    0.9333521079272031,
    1.0042538538575172,
    0.9748589530587196,
    0.9588638044893741,
    0.9073646841570735,
    0.9663985148072243,
    0.8238254271447658,
    0.80806127153337,
    0.8210690278559923,
    0.9024005755782127,
    0.6735052570700646,
    0.7180136935785413,
    0.8245345043949783,
    0.6564656291157007,
    0.7335311718285084,
    0.7270145792514086,
    0.6455073678866029,
    0.6852822829037905,
    0.6206083584576845,
    0.5424775729421526,
    0.6755833700299263,
    0.6840902302414179,
    0.5898922584019601,
    0.632658196426928,
    0.5632417801767587,
    0.6687586698681116,
    0.5952208281611092,
    0.6385595429688692,
    0.5529913835227489,
    0.4286957299336791,
    0.5797229662537575,
    0.48372302707284687,
    0.4904952811077237,
    0.6793430112302303,
    0.44676612922921777,
    0.48344002263620495,
    0.3961306064389646,
    0.42744769593700765,
    0.3450067715719342,
    0.4517745333811035,
    0.5152401899918914,
    0.4806862615980208,
    0.47258016052655877,
    0.4419324809219688,
    0.4753886223770678,
    0.45457589216530325,
    0.5084316501393914,
    0.5015376679599285,
    0.5899179404601455,
    0.5406696221325547,
    0.4461656430736184,
    0.4417731449007988,
    0.37577545251697303,
    0.3978657664731145,
    0.4906021737959236,
    0.39840265340171754,
    0.45412299036979675,
    0.4108794190920889,
    0.43957476820796726,
    0.35213322276249526,
    0.416450216807425,
    0.41642908435314896,
    0.45561953317373993,
    0.3859014017507434,
    0.4029927819035947,
    0.4645817045122385,
    0.4121162421070039,
    0.3573141233064234,
    0.3395497972145677,
    0.34289017049595716,
    0.3935012579895556,
    0.3598614756017923,
    0.3700099027948454,
    0.527969764219597,
    0.304654317907989,
    0.4163742302916944,
    0.34791671987622974,
    0.43196377204731107,
    0.3480777394026518,
    0.3935791544616222,
    0.3650329989381135,
    0.38463482474908234,
    0.3889791648834944,
    0.39665347777772697,
    0.36222501723095774,
    0.42156326728872956,
    0.3514974986901507,
    0.4020324029028416,
    0.4173466582782567,
    0.3556547529064119,
    0.3957894457038492,
    0.3527984083164483,
    0.415727009344846,
    0.4100923434831202,
    0.369428146071732,
    0.30450596250593664,
    0.34345843773335216,
    0.43115781638771294,
    0.37647411723155527,
    0.3487339302431792,
    0.33610488527920096,
    0.3920671885833144,
    0.346435048058629,
    0.44051855604629964,
    0.3465336415916681,
    0.33790601016953586,
    0.3715038763359189,
    0.3353571842890233,
    0.3538974723429419,
    0.26929068099707365,
    0.3490231951698661,
    0.38783545391634106,
    0.40550044979318045,
    0.42085939226672053,
    0.3908304444514215,
    0.41833461094647645,
    0.4471940614283085,
    0.4616178676486015,
    0.38063640957698225,
    0.39201362694147973,
    0.33630246073007586,
    0.3593599933665246,
    0.3416704048169777,
    0.34311074240831657,
    0.29767313930206,
    0.34513437040150163,
    0.32353925667703154,
    0.33169380445033314,
    0.3034079154953361,
    0.32769846376031636,
    0.30619342788122594,
    0.3309810383245349,
    0.36798010524362323,
    0.35621969420462846,
    0.33821792332455514,
    0.3394031329546124,
    0.4060534058604389,
    0.33409975133836267,
    0.3786322670988739,
    0.4190874779829755,
    0.31301932788919656,
    0.3277902620844543,
    0.30408624834381043,
    0.36250375490635633,
    0.30865088107530025,
    0.3334568372927606,
    0.31701770387589934,
    0.34571840036660434,
    0.35808632164262233,
    0.29239935032092035,
    0.3488123819231987,
    0.2600481407251209,
    0.3847699331585318,
    0.3429325693985447,
    0.2791489217430353,
    0.30233493489213287,
    0.3453355495119467,
    0.31655565756373105,
    0.3546578916604631,
    0.3510385086759925,
    0.3620474106166512,
    0.3413770366460085,
    0.34843309873249384,
    0.3666676564142108,
    0.26742572864168324,
    0.3223074278794229,
    0.2651259609614499,
    0.32117285990389066,
    0.29453298952430484,
    0.26861379938200114,
    0.3120390028227121,
    0.3400770897045732,
    0.3218627065885812,
    0.31870003226213156,
    0.2910608880454674,
    0.2765417669899762,
    0.31456857826560736,
    0.2966341368854046,
    0.3596217548009008,
    0.31940239258110525,
    0.2998765270225704,
    0.27747793635353446,
    0.2895689173601568,
    0.36430328004062174,
    0.31420624973252415,
    0.2852557371603325
  ],