{
  "round": [
    1,
    2,
    3,
    4,
    5,
    6,
    7,
    8,
    9,
    10,
    11,
    12,
    13,
    14,
    15,
    16,
    17,
    18,
    19,
    20,
    21,
    22,
    23,
    24,
    25,
    26,
    27,
    28,
    29,
    30,
    31,
    32,
    33,
    34,
    35,
    36,
    37,
    38,
    39,
    40,
    41,
    42,
    43,
    44,
    45,
    46,
    47,
    48,
    49,
    50,
    51,
    52,
    53,
    54,
    55,
    56,
    57,
    58,
    59,
    60,
    61,
    62,
    63,
    64,
    65,
    66,
    67,
    68,
    69,
    70,
    71,
    72,
    73,
    74,
    75,
    76,
    77,
    78,
    79,
    80,
    81,
    82,
    83,
    84,
    85,
    86,
    87,
    88,
    89,
    90,
    91,
    92,
    93,
    94,
    95,
    96,
    97,
    98,
    99,
    100
  ],
  "train_loss": [
    6.950563175976276,
    11.230512928962707,
    6.4797423630952835,
    4.122053499519825,
    2.899207902699709,
    1.6091731406748295,
    1.217053391225636,
    1.0016178101301194,
    0.81741555868648,
    0.7626603955402971,
    0.7760487537831068,
    0.710288985259831,
    0.6497745027765631,
    0.5494496025145054,
    0.584192580729723,
    0.6352666115388275,
    0.6792494544759393,
    0.5601988123729825,
    0.6729998632334173,
    0.5400209054816514,
    0.6164509636349976,
    0.5412392321974039,
    0.5695379851385951,
    0.5049276030156762,
    0.5237368680536747,
    0.5291227104142309,
    0.4482150832656771,
    0.4785275707952678,
    0.4389762247330509,
    0.44312101900577544,
    0.47730957209132613,
    0.47679070495069026,
    0.41079364316537975,
    0.5286916713695973,
    0.4711058223620057,
    0.4455643238965422,
    0.45475232321769,
    0.47950024930760266,
    0.3977974850684404,
    0.43038521432317794,
    0.38616618630476296,
    0.39649722158210354,
    0.4164496501092799,
    0.3980955078266561,
    0.3943363078869879,
    0.4068979576230049,
    0.42293494548648597,
    0.4461840191856027,
    0.39281808249652383,
    0.3693123567616567,
    0.3101735914358869,
    0.4201066198758781,
    0.344709793291986,
    0.32840525361243633,
    0.375029435288161,
    0.3927265455946326,
    0.37382855312898755,
    0.38577107596211135,
    0.33062831283314154,
    0.35313805835321543,
    0.34218899688567034,
    0.36008260303642603,
    0.3939611732494086,
    0.37424254501238463,
    0.39114483904559166,
    0.3646913201548159,
    0.34760990454815327,
    0.3618690742645413,
    0.3445155204739422,
    0.33746037078090013,
    0.34812484090216456,
    0.29573380551300943,
    0.41073905545054,
    0.3750478056259453,
    0.36334801791235805,
    0.39761262414976956,
    0.30059229731559756,
    0.35455264698248357,
    0.3406505049671978,
    0.3237543968483806,
    0.3656714580196422,
    0.3289445056580007,
    0.2883648489834741,
    0.3442444332875311,
    0.3273707895539701,
    0.30611672648228705,
    0.2907890506379772,
    0.34349086647853255,
    0.30309161278419194,
    0.2847184299258515,
    0.30966218281537294,
    0.27043622463825157,
    0.3303405633661896,
    0.28025902179069817,
    0.2613210537005216,
    0.260175809985958,
    0.27373597542755307,
    0.26596017512492837,
    0.34862005240283905,
    0.2918205179274082
  ],
  "train_acc": [
    49.74609375,
    22.87109375,
    26.953125,
    42.71484375,
    55.3125,
    68.5546875,
    74.43359375,
    77.6953125,
    80.33203125,
    81.54296875,
    81.0546875,
    82.32421875,
    83.59375,
    86.19140625,
    85.9765625,
    84.23828125,
    82.48046875,
    86.2109375,
    82.6953125,
    85.60546875,
    82.79296875,
    85.60546875,
    85.17578125,
    86.71875,
    85.91796875,
    86.25,
    87.94921875,
    86.796875,
    87.421875,
    88.41796875,
    86.50390625,
    87.1875,
    88.4765625,
    85.25390625,
    86.46484375,
    86.81640625,
    87.421875,
    85.78125,
    89.3359375,
    87.36328125,
    88.73046875,
    88.3203125,
    87.7734375,
    88.37890625,
    88.02734375,
    88.59375,
    87.96875,
    86.9921875,
    88.046875,
    89.4140625,
    90.99609375,
    87.5390625,
    89.74609375,
    90.33203125,
    89.12109375,
    88.53515625,
    89.39453125,
    88.65234375,
    90.4296875,
    89.90234375,
    89.4140625,
    89.19921875,
    87.8515625,
    88.30078125,
    88.37890625,
    88.96484375,
    89.0234375,
    89.4921875,
    89.43359375,
    90.0,
    89.82421875,
    90.9765625,
    87.6953125,
    89.0625,
    88.9453125,
    87.75390625,
    90.46875,
    88.75,
    89.84375,
    90.13671875,
    88.96484375,
    90.76171875,
    91.54296875,
    89.86328125,
    90.1171875,
    90.234375,
    90.99609375,
    89.58984375,
    90.859375,
    91.11328125,
    90.37109375,
    91.23046875,
    90.078125,
    91.6796875,
    92.16796875,
    91.7578125,
    91.484375,
    91.93359375,
    90.0390625,
    90.6640625
  ],
  "val_loss": [
    NaN,
    NaN,
    NaN,
    NaN,
    NaN,
    NaN,
    NaN,
    NaN,
    NaN,
    1.335239455986023,
    NaN,
    NaN,
    NaN,
    NaN,
    NaN,
    NaN,
    NaN,
    NaN,
    NaN,
    1.2132883642196655,
    NaN,
    NaN,
    NaN,
    NaN,
    NaN,
    NaN,
    NaN,
    NaN,
    NaN,
    1.0359903629302978,
    NaN,
    NaN,
    NaN,
    NaN,
    NaN,
    NaN,
    NaN,
    NaN,
    NaN,
    0.9696689681053161,
    NaN,
    NaN,
    NaN,
    NaN,
    NaN,
    NaN,
    NaN,
    NaN,
    NaN,
    0.9174227117776871,
    NaN,
    NaN,
    NaN,
    NaN,
    NaN,
    NaN,
    NaN,
    NaN,
    NaN,
    0.8789644195199012,
    NaN,
    NaN,
    NaN,
    NaN,
    NaN,
    NaN,
    NaN,
    NaN,
    NaN,
    0.8568146457195281,
    NaN,
    NaN,
    NaN,
    NaN,
    NaN,
    NaN,
    NaN,
    NaN,
    NaN,
    0.9841892657279968,
    NaN,
    NaN,
    NaN,
    NaN,
    NaN,
    NaN,
    NaN,
    NaN,
    NaN,
    0.787813755607605,
    NaN,
    NaN,
    NaN,
    NaN,
    NaN,
    NaN,
    NaN,
    NaN,
    NaN,
    0.8169666285991669
  ],
  "val_acc": [
    NaN,
    NaN,
    NaN,
    NaN,
    NaN,
    NaN,
    NaN,
    NaN,
    NaN,
    69.78,
    NaN,
    NaN,
    NaN,
    NaN,
    NaN,
    NaN,
    NaN,
    NaN,
    NaN,
    70.76,
    NaN,
    NaN,
    NaN,
    NaN,
    NaN,
    NaN,
    NaN,
    NaN,
    NaN,
    73.84,
    NaN,
    NaN,
    NaN,
    NaN,
    NaN,
    NaN,
    NaN,
    NaN,
    NaN,
    75.3,
    NaN,
    NaN,
    NaN,
    NaN,
    NaN,
    NaN,
    NaN,
    NaN,
    NaN,
    75.18,
    NaN,
    NaN,
    NaN,
    NaN,
    NaN,
    NaN,
    NaN,
    NaN,
    NaN,
    76.2,
    NaN,
    NaN,
    NaN,
    NaN,
    NaN,
    NaN,
    NaN,
    NaN,
    NaN,
    76.7,
    NaN,
    NaN,
    NaN,
    NaN,
    NaN,
    NaN,
    NaN,
    NaN,
    NaN,
    75.28,
    NaN,
    NaN,
    NaN,
    NaN,
    NaN,
    NaN,
    NaN,
    NaN,
    NaN,
    78.36,
    NaN,
    NaN,
    NaN,
    NaN,
    NaN,
    NaN,
    NaN,
    NaN,
    NaN,
    77.76
  ],
  "test_loss": [
    NaN,
    NaN,
    NaN,
    NaN,
    NaN,
    NaN,
    NaN,
    NaN,
    NaN,
    1.0888162302017212,
    NaN,
    NaN,
    NaN,
    NaN,
    NaN,
    NaN,
    NaN,
    NaN,
    NaN,
    0.9851725973129273,
    NaN,
    NaN,
    NaN,
    NaN,
    NaN,
    NaN,
    NaN,
    NaN,
    NaN,
    0.8897373064041137,
    NaN,
    NaN,
    NaN,
    NaN,
    NaN,
    NaN,
    NaN,
    NaN,
    NaN,
    0.7920540201187134,
    NaN,
    NaN,
    NaN,
    NaN,
    NaN,
    NaN,
    NaN,
    NaN,
    NaN,
    0.7680542743206025,
    NaN,
    NaN,
    NaN,
    NaN,
    NaN,
    NaN,
    NaN,
    NaN,
    NaN,
    0.7171359864473343,
    NaN,
    NaN,
    NaN,
    NaN,
    NaN,
    NaN,
    NaN,
    NaN,
    NaN,
    0.7086218578338623,
    NaN,
    NaN,
    NaN,
    NaN,
    NaN,
    NaN,
    NaN,
    NaN,
    NaN,
    0.7712326930522919,
    NaN,
    NaN,
    NaN,
    NaN,
    NaN,
    NaN,
    NaN,
    NaN,
    NaN,
    0.657326885342598,
    NaN,
    NaN,
    NaN,
    NaN,
    NaN,
    NaN,
    NaN,
    NaN,
    NaN,
    0.6876227045536041
  ],