{
  "round": [
    1,
    2,
    3,
    4,
    5,
    6,
    7,
    8,
    9,
    10,
    11,
    12,
    13,
    14,
    15,
    16,
    17,
    18,
    19,
    20,
    21,
    22,
    23,
    24,
    25,
    26,
    27,
    28,
    29,
    30,
    31,
    32,
    33,
    34,
    35,
    36,
    37,
    38,
    39,
    40,
    41,
    42,
    43,
    44,
    45,
    46,
    47,
    48,
    49,
    50,
    51,
    52,
    53,
    54,
    55,
    56,
    57,
    58,
    59,
    60,
    61,
    62,
    63,
    64,
    65,
    66,
    67,
    68,
    69,
    70,
    71,
    72,
    73,
    74,
    75,
    76,
    77,
    78,
    79,
    80,
    81,
    82,
    83,
    84,
    85,
    86,
    87,
    88,
    89,
    90,
    91,
    92,
    93,
    94,
    95,
    96,
    97,
    98,
    99,
    100,
    101,
    102,
    103,
    104,
    105,
    106,
    107,
    108,
    109,
    110,
    111,
    112,
    113,
    114,
    115,
    116,
    117,
    118,
    119,
    120,
    121,
    122,
    123,
    124,
    125,
    126,
    127,
    128,
    129,
    130,
    131,
    132,
    133,
    134,
    135,
    136,
    137,
    138,
    139,
    140,
    141,
    142,
    143,
    144,
    145,
    146,
    147,
    148,
    149,
    150,
    151,
    152,
    153,
    154,
    155,
    156,
    157,
    158,
    159,
    160,
    161,
    162,
    163,
    164,
    165,
    166,
    167,
    168,
    169,
    170,
    171,
    172,
    173,
    174,
    175,
    176,
    177,
    178,
    179,
    180,
    181,
    182,
    183,
    184,
    185,
    186,
    187,
    188,
    189,
    190,
    191,
    192,
    193,
    194,
    195,
    196,
    197,
    198,
    199,
    200
  ],
  "train_loss": [
    1.966047439724207,
    6.073357662558555,
    6.009355396032333,
    3.6355196684598923,
    3.096038019657135,
    1.9685014605522155,
    1.5399786293506623,
    1.4158816911280154,
    1.1236351259052753,
    1.0846708744764328,
    0.9688242111355067,
    0.8368544775992632,
    0.8024162381887436,
    0.74259073138237,
    0.7542580511420965,
    0.8644730605185031,
    0.868199915625155,
    0.7081251680850983,
    0.8328205637633801,
    0.820707643032074,
    0.9626207068562508,
    0.772747790813446,
    0.802962102741003,
    0.6494601305574179,
    0.7302950471639633,
    0.7594276532530785,
    0.7118491884320974,
    0.6561622824519873,
    0.6319028479978442,
    0.653723556548357,
    0.7098042353987694,
    0.7028220687061548,
    0.6823415756225586,
    0.7520607709884644,
    0.6858471319079399,
    0.652622078359127,
    0.6482113594189286,
    0.7151352144777775,
    0.576458340883255,
    0.6506731372326613,
    0.6141518250107765,
    0.6071357946842909,
    0.6920989211648703,
    0.571260391920805,
    0.5986507596448064,
    0.6448320686817169,
    0.6206231411546469,
    0.6300986561924219,
    0.5911398462951183,
    0.5611080460250377,
    0.5764227103441953,
    0.6557839870452881,
    0.7091567870229483,
    0.6824769787490368,
    0.6978216171264648,
    0.608949667122215,
    0.6335193984210491,
    0.6005367271602153,
    0.5800972275435925,
    0.5089239250868559,
    0.4947951305657625,
    0.535493352636695,
    0.5048792082816362,
    0.5387349486351013,
    0.5973179984837771,
    0.5585397623479367,
    0.4555397417396307,
    0.573218235000968,
    0.5285029530525207,
    0.4863190520554781,
    0.505791237950325,
    0.46769463922828436,
    0.5594724792987108,
    0.4965495572425425,
    0.5224980659782886,
    0.5794204272329807,
    0.4532976642251015,
    0.48193202577531336,
    0.4590899460017681,
    0.45991634838283063,
    0.5421506827697158,
    0.47126983273774387,
    0.456519134901464,
    0.4933824136853218,
    0.5093531254678965,
    0.49189668372273443,
    0.44292169995605946,
    0.5380448512732983,
    0.4703189106658101,
    0.4545484849251807,
    0.48410890605300666,
    0.47688370645046235,
    0.5295063894242048,
    0.43324136547744274,
    0.41401118678040805,
    0.4127859678119421,
    0.41187895741313696,
    0.46520837359130385,
    0.5370812453329563,
    0.4870010640472174,
    0.4963948106393218,
    0.3764837866649032,
    0.4250640947371721,
    0.4532915288582444,
    0.459227778762579,
    0.4409606266766787,
    0.43543808702379466,
    0.4792531385086477,
    0.4407390791922808,
    0.42397221038118005,
    0.48265065215528014,
    0.4146800931543112,
    0.4467778330668807,
    0.4374395217746496,
    0.4322253592312336,
    0.420642538741231,
    0.38078694250434636,
    0.43968582935631273,
    0.42716478258371354,
    0.4573599848896265,
    0.373487750813365,
    0.47172088958323,
    0.4773166060447693,
    0.4131650283932686,
    0.43390800766646864,
    0.4185303241014481,
    0.4213312925770879,
    0.5060935631394387,
    0.40531689980998636,
    0.38223016848787666,
    0.3730019645765424,
    0.35984418001025914,
    0.37892814707010986,
    0.48348143585026265,
    0.3219995748717338,
    0.42926206067204475,
    0.4031331153586507,
    0.36412681695073845,
    0.4160746609792113,
    0.39652448818087577,
    0.41797266360372304,
    0.43650169521570203,
    0.35663402527570726,
    0.3911055510863662,
    0.401923555508256,
    0.39105220381170513,
    0.39397252518683673,
    0.3731721002608538,
    0.38546578474342824,
    0.36698737610131504,
    0.37222724705934523,
    0.3533156098797917,
    0.43911554887890814,
    0.40018575070425866,
    0.40292290300130845,
    0.3465799138881266,
    0.42480027582496405,
    0.40766416378319265,
    0.36630011796951295,
    0.341403921879828,
    0.39437598176300526,
    0.4003833347931504,
    0.3676396537572145,
    0.37259241584688424,
    0.3750036545097828,
    0.4239227708429098,
    0.4034530222415924,
    0.39902695631608365,
    0.34675572384148834,
    0.3353342141956091,
    0.38564203642308714,
    0.3781565956771374,
    0.4089181760326028,
    0.3915364248678088,
    0.4119427680969238,
    0.31238410286605356,
    0.41259983479976653,
    0.3499842815101147,
    0.32558510825037956,
    0.36516215912997724,
    0.3569767061620951,
    0.34319335147738456,
    0.3464937906712294,
    0.4059007205069065,
    0.381070745177567,
    0.34801815040409567,
    0.3626202283427119,
    0.36611753068864344,
    0.3626536373049021,
    0.3399870569817722,
    0.3473834508098662,
    0.33453429862856865,
    0.3876081259921193,
    0.37181194983422755,
    0.39334904588758945,
    0.36746377106755973,
    0.3203115664422512,
    0.46795147731900216,
    0.35340479970909655,
    0.33622867166996
  ],