{
  "round": [
    1,
    2,
    3,
    4,
    5,
    6,
    7,
    8,
    9,
    10,
    11,
    12,
    13,
    14,
    15,
    16,
    17,
    18,
    19,
    20,
    21,
    22,
    23,
    24,
    25,
    26,
    27,
    28,
    29,
    30,
    31,
    32,
    33,
    34,
    35,
    36,
    37,
    38,
    39,
    40,
    41,
    42,
    43,
    44,
    45,
    46,
    47,
    48,
    49,
    50,
    51,
    52,
    53,
    54,
    55,
    56,
    57,
    58,
    59,
    60,
    61,
    62,
    63,
    64,
    65,
    66,
    67,
    68,
    69,
    70,
    71,
    72,
    73,
    74,
    75,
    76,
    77,
    78,
    79,
    80,
    81,
    82,
    83,
    84,
    85,
    86,
    87,
    88,
    89,
    90,
    91,
    92,
    93,
    94,
    95,
    96,
    97,
    98,
    99,
    100
  ],
  "train_loss": [
    9.353726820647717,
    8.481461548805237,
    2.9174027636647226,
    1.8005706652998925,
    1.5741308718919753,
    1.2913052916526795,
    1.384072443842888,
    1.3057242147624493,
    1.0899601086974144,
    1.2078462913632393,
    1.018016030266881,
    0.929128248617053,
    0.9035587895661592,
    0.9724283337593078,
    1.037247832864523,
    0.9034452885389328,
    0.8382253026589751,
    0.7864275217056275,
    0.7487734232097865,
    0.7654380399733782,
    0.7602068718522788,
    0.7411698441952467,
    0.7038170952349901,
    0.8093805558979511,
    0.6893782233819366,
    0.715223740041256,
    0.756177768856287,
    0.7494230713695288,
    0.6949783880263567,
    0.6326285615563393,
    0.7064734142273664,
    0.680248698964715,
    0.6641755443066358,
    0.6628274016082287,
    0.6280583349987865,
    0.6283616404980421,
    0.6558416090905667,
    0.6615396639332175,
    0.6467617828398943,
    0.6058778833597899,
    0.6646822530776262,
    0.6494202136993408,
    0.6349185250699521,
    0.6018270514905453,
    0.5924903217703104,
    0.570856748521328,
    0.6160461215302349,
    0.5896075425669551,
    0.5646281942725182,
    0.5301210012286901,
    0.5278990946710109,
    0.5359442563727498,
    0.5277155220508576,
    0.5199660934507847,
    0.5570658562704921,
    0.5821188066154719,
    0.5525353867560625,
    0.5298467017710209,
    0.5377808650955558,
    0.5168878631666303,
    0.5026330063119531,
    0.5209557585418224,
    0.5231250764802098,
    0.5181069903075695,
    0.5215942220762372,
    0.5268949037417769,
    0.5298664301633835,
    0.528973046503961,
    0.5675805496051908,
    0.4490358971059322,
    0.48364071529358627,
    0.5135830629616975,
    0.4879962146282196,
    0.4783903056755662,
    0.4503561628982425,
    0.4697716714814305,
    0.49165197983384135,
    0.5223772324621677,
    0.4466520855203271,
    0.4434137837961316,
    0.45532232001423834,
    0.4688728338107467,
    0.4812225945293903,
    0.48073852714151144,
    0.4295048646628857,
    0.4019866487011313,
    0.4256991896778345,
    0.51604009475559,
    0.46858088970184325,
    0.45039286678656937,
    0.42037086402997376,
    0.40574347600340843,
    0.4189807135611773,
    0.46525870338082315,
    0.4542545974254608,
    0.42137290742248296,
    0.42984420955181124,
    0.4407256444916129,
    0.44165296871215104,
    0.42749258819967506
  ],
  "train_acc": [
    29.3359375,
    11.69921875,
    45.8984375,
    60.78125,
    66.15234375,
    71.328125,
    68.828125,
    69.82421875,
    73.515625,
    71.875,
    74.70703125,
    76.38671875,
    77.6171875,
    74.765625,
    74.27734375,
    77.08984375,
    78.203125,
    78.7890625,
    79.296875,
    79.70703125,
    79.27734375,
    80.078125,
    80.33203125,
    77.5,
    81.171875,
    80.625,
    78.26171875,
    78.8671875,
    80.1171875,
    82.109375,
    79.8828125,
    80.48828125,
    80.234375,
    81.09375,
    81.34765625,
    81.875,
    81.15234375,
    81.34765625,
    81.30859375,
    82.87109375,
    81.8359375,
    80.68359375,
    82.05078125,
    82.59765625,
    82.734375,
    82.94921875,
    82.890625,
    82.71484375,
    83.0859375,
    83.6328125,
    83.9453125,
    83.88671875,
    84.375,
    84.51171875,
    83.75,
    83.30078125,
    82.4609375,
    83.7109375,
    83.8671875,
    84.2578125,
    85.1171875,
    84.2578125,
    83.7890625,
    84.23828125,
    84.74609375,
    84.8046875,
    83.37890625,
    83.80859375,
    83.359375,
    86.171875,
    85.859375,
    85.3125,
    85.41015625,
    85.25390625,
    85.91796875,
    85.41015625,
    85.2734375,
    84.1796875,
    85.9375,
    86.42578125,
    85.625,
    86.015625,
    85.99609375,
    85.68359375,
    86.38671875,
    87.8515625,
    87.05078125,
    84.3359375,
    85.3515625,
    86.09375,
    86.62109375,
    87.65625,
    87.109375,
    85.56640625,
    85.78125,
    86.875,
    86.97265625,
    86.5234375,
    86.42578125,
    87.44140625
  ],
  "val_loss": [
    NaN,
    NaN,
    NaN,
    NaN,
    NaN,
    NaN,
    NaN,
    NaN,
    NaN,
    0.9896295149326324,
    NaN,
    NaN,
    NaN,
    NaN,
    NaN,
    NaN,
    NaN,
    NaN,
    NaN,
    0.8524281989574433,
    NaN,
    NaN,
    NaN,
    NaN,
    NaN,
    NaN,
    NaN,
    NaN,
    NaN,
    0.8309769365549088,
    NaN,
    NaN,
    NaN,
    NaN,
    NaN,
    NaN,
    NaN,
    NaN,
    NaN,
    0.8396984102725983,
    NaN,
    NaN,
    NaN,
    NaN,
    NaN,
    NaN,
    NaN,
    NaN,
    NaN,
    0.7363496337413787,
    NaN,
    NaN,
    NaN,
    NaN,
    NaN,
    NaN,
    NaN,
    NaN,
    NaN,
    0.7090508619308472,
    NaN,
    NaN,
    NaN,
    NaN,
    NaN,
    NaN,
    NaN,
    NaN,
    NaN,
    0.7169969214439392,
    NaN,
    NaN,
    NaN,
    NaN,
    NaN,
    NaN,
    NaN,
    NaN,
    NaN,
    0.7081699747085571,
    NaN,
    NaN,
    NaN,
    NaN,
    NaN,
    NaN,
    NaN,
    NaN,
    NaN,
    0.6927237954378128,
    NaN,
    NaN,
    NaN,
    NaN,
    NaN,
    NaN,
    NaN,
    NaN,
    NaN,
    0.7009561082839966
  ],
  "val_acc": [
    NaN,
    NaN,
    NaN,
    NaN,
    NaN,
    NaN,
    NaN,
    NaN,
    NaN,
    76.06,
    NaN,
    NaN,
    NaN,
    NaN,
    NaN,
    NaN,
    NaN,
    NaN,
    NaN,
    77.02,
    NaN,
    NaN,
    NaN,
    NaN,
    NaN,
    NaN,
    NaN,
    NaN,
    NaN,
    77.62,
    NaN,
    NaN,
    NaN,
    NaN,
    NaN,
    NaN,
    NaN,
    NaN,
    NaN,
    77.1,
    NaN,
    NaN,
    NaN,
    NaN,
    NaN,
    NaN,
    NaN,
    NaN,
    NaN,
    79.12,
    NaN,
    NaN,
    NaN,
    NaN,
    NaN,
    NaN,
    NaN,
    NaN,
    NaN,
    79.9,
    NaN,
    NaN,
    NaN,
    NaN,
    NaN,
    NaN,
    NaN,
    NaN,
    NaN,
    79.76,
    NaN,
    NaN,
    NaN,
    NaN,
    NaN,
    NaN,
    NaN,
    NaN,
    NaN,
    79.56,
    NaN,
    NaN,
    NaN,
    NaN,
    NaN,
    NaN,
    NaN,
    NaN,
    NaN,
    80.4,
    NaN,
    NaN,
    NaN,
    NaN,
    NaN,
    NaN,
    NaN,
    NaN,
    NaN,
    79.72
  ],
  "test_loss": [
    NaN,
    NaN,
    NaN,
    NaN,
    NaN,
    NaN,
    NaN,
    NaN,
    NaN,
    0.806059164762497,
    NaN,
    NaN,
    NaN,
    NaN,
    NaN,
    NaN,
    NaN,
    NaN,
    NaN,
    0.6895375464439392,
    NaN,
    NaN,
    NaN,
    NaN,
    NaN,
    NaN,
    NaN,
    NaN,
    NaN,
    0.6598082127571105,
    NaN,
    NaN,
    NaN,
    NaN,
    NaN,
    NaN,
    NaN,
    NaN,
    NaN,
    0.6855965740203858,
    NaN,
    NaN,
    NaN,
    NaN,
    NaN,
    NaN,
    NaN,
    NaN,
    NaN,
    0.6240901265144349,
    NaN,
    NaN,
    NaN,
    NaN,
    NaN,
    NaN,
    NaN,
    NaN,
    NaN,
    0.5991692066669464,
    NaN,
    NaN,
    NaN,
    NaN,
    NaN,
    NaN,
    NaN,
    NaN,
    NaN,
    0.5947093894958496,
    NaN,
    NaN,
    NaN,
    NaN,
    NaN,
    NaN,
    NaN,
    NaN,
    NaN,
    0.584844958782196,
    NaN,
    NaN,
    NaN,
    NaN,
    NaN,
    NaN,
    NaN,
    NaN,
    NaN,
    0.5787128724575042,
    NaN,
    NaN,
    NaN,
    NaN,
    NaN,
    NaN,
    NaN,
    NaN,
    NaN,
    0.574667600440979
  ],