{
  "round": [
    1,
    2,
    3,
    4,
    5,
    6,
    7,
    8,
    9,
    10,
    11,
    12,
    13,
    14,
    15,
    16,
    17,
    18,
    19,
    20,
    21,
    22,
    23,
    24,
    25,
    26,
    27,
    28,
    29,
    30,
    31,
    32,
    33,
    34,
    35,
    36,
    37,
    38,
    39,
    40,
    41,
    42,
    43,
    44,
    45,
    46,
    47,
    48,
    49,
    50
  ],
  "train_loss": [
    11.508402732014655,
    10.941307100653649,
    6.2342767208814625,
    7.17024123519659,
    4.893060682713985,
    5.198114390671253,
    4.582076159119606,
    5.005786219239235,
    4.246850335597992,
    5.179508605599404,
    3.8543789371848107,
    4.225315037369728,
    3.7443814270198343,
    3.8240088894963264,
    4.079442340880632,
    3.593630624562502,
    3.8065068125724792,
    4.074208814650774,
    3.8557855978608133,
    3.7656605556607246,
    4.170502771437168,
    3.6960561029613017,
    3.681751425564289,
    3.957115786522627,
    3.5047477148473263,
    3.599229168891907,
    3.1776099883019926,
    3.9842715837061404,
    3.198772714287043,
    3.427997548878193,
    3.151078054308891,
    3.9698822826147078,
    3.1809323646128176,
    3.338350401818752,
    3.526838207244873,
    3.1974207535386086,
    3.303276647627354,
    3.3345898441970347,
    3.356650335341692,
    3.326258845627308,
    3.187868970632553,
    3.678182028234005,
    3.6839663453400133,
    3.582711756974459,
    3.3933957256376743,
    3.7354912675917147,
    3.5117113031446934,
    3.3937903098762034,
    3.3671206422150135,
    3.1699634052813055
  ],
  "train_acc": [
    41.064453125,
    21.5625,
    21.630859375,
    18.486328125,
    20.458984375,
    21.669921875,
    19.53125,
    20.3515625,
    21.923828125,
    20.244140625,
    22.158203125,
    21.318359375,
    21.767578125,
    24.521484375,
    21.103515625,
    24.1796875,
    21.9140625,
    20.927734375,
    24.287109375,
    21.533203125,
    22.529296875,
    21.259765625,
    24.0234375,
    22.041015625,
    25.283203125,
    24.013671875,
    25.25390625,
    23.06640625,
    25.546875,
    24.08203125,
    26.298828125,
    25.458984375,
    26.89453125,
    25.478515625,
    24.74609375,
    24.384765625,
    26.34765625,
    25.078125,
    23.18359375,
    24.775390625,
    24.921875,
    23.427734375,
    25.087890625,
    23.8671875,
    25.673828125,
    24.287109375,
    24.404296875,
    23.84765625,
    26.806640625,
    25.146484375
  ],
  "val_loss": [
    NaN,
    NaN,
    NaN,
    NaN,
    NaN,
    NaN,
    NaN,
    NaN,
    NaN,
    7.752380191040039,
    NaN,
    NaN,
    NaN,
    NaN,
    NaN,
    NaN,
    NaN,
    NaN,
    NaN,
    8.940173162841797,
    NaN,
    NaN,
    NaN,
    NaN,
    NaN,
    NaN,
    NaN,
    NaN,
    NaN,
    6.232261985778808,
    NaN,
    NaN,
    NaN,
    NaN,
    NaN,
    NaN,
    NaN,
    NaN,
    NaN,
    5.614566036987305,
    NaN,
    NaN,
    NaN,
    NaN,
    NaN,
    NaN,
    NaN,
    NaN,
    NaN,
    5.595008143615723
  ],
  "val_acc": [
    NaN,
    NaN,
    NaN,
    NaN,
    NaN,
    NaN,
    NaN,
    NaN,
    NaN,
    1.34,
    NaN,
    NaN,
    NaN,
    NaN,
    NaN,
    NaN,
    NaN,
    NaN,
    NaN,
    1.48,
    NaN,
    NaN,
    NaN,
    NaN,
    NaN,
    NaN,
    NaN,
    NaN,
    NaN,
    1.5,
    NaN,
    NaN,
    NaN,
    NaN,
    NaN,
    NaN,
    NaN,
    NaN,
    NaN,
    2.32,
    NaN,
    NaN,
    NaN,
    NaN,
    NaN,
    NaN,
    NaN,
    NaN,
    NaN,
    2.0
  ],
  "test_loss": [
    NaN,
    NaN,
    NaN,
    NaN,
    NaN,
    NaN,
    NaN,
    NaN,
    NaN,
    7.637464495849609,
    NaN,
    NaN,
    NaN,
    NaN,
    NaN,
    NaN,
    NaN,
    NaN,
    NaN,
    8.833545480346679,
    NaN,
    NaN,
    NaN,
    NaN,
    NaN,
    NaN,
    NaN,
    NaN,
    NaN,
    6.029917427825928,
    NaN,
    NaN,
    NaN,
    NaN,
    NaN,
    NaN,
    NaN,
    NaN,
    NaN,
    5.444109715270996,
    NaN,
    NaN,
    NaN,
    NaN,
    NaN,
    NaN,
    NaN,
    NaN,
    NaN,
    5.426474716949463
  ],
  "test_acc": [
    NaN,
    NaN,
    NaN,
    NaN,
    NaN,
    NaN,
    NaN,
    NaN,
    NaN,
    1.59,
    NaN,
    NaN,
    NaN,
    NaN,
    NaN,
    NaN,
    NaN,
    NaN,
    NaN,
    2.0,
    NaN,
    NaN,
    NaN,
    NaN,
    NaN,
    NaN,
    NaN,
    NaN,
    NaN,
    2.17,
    NaN,
    NaN,
    NaN,
    NaN,
    NaN,
    NaN,
    NaN,
    NaN,
    NaN,
    2.83,
    NaN,
    NaN,
    NaN,
    NaN,
    NaN,
    NaN,
    NaN,
    NaN,
    NaN,
    2.6
  ],
  "best_val_acc": 2.32
}