{
  "round": [
    1,
    2,
    3,
    4,
    5,
    6,
    7,
    8,
    9,
    10,
    11,
    12,
    13,
    14,
    15,
    16,
    17,
    18,
    19,
    20,
    21,
    22,
    23,
    24,
    25,
    26,
    27,
    28,
    29,
    30,
    31,
    32,
    33,
    34,
    35,
    36,
    37,
    38,
    39,
    40,
    41,
    42,
    43,
    44,
    45,
    46,
    47,
    48,
    49,
    50
  ],
  "train_loss": [
    10.676757086068392,
    7.688210335373879,
    3.442280971258879,
    1.5323947608470916,
    1.2052761558443308,
    0.9652800748124719,
    0.9375339953228832,
    0.9193793831393122,
    0.8718144439160824,
    0.7985875049605966,
    0.8130868034437299,
    0.6943007165566086,
    0.6230204026214778,
    0.6555295337922871,
    0.6332966400310397,
    0.5870110583491623,
    0.5662708257324993,
    0.6054876537062228,
    0.57116737999022,
    0.6156822570599616,
    0.5697789324447513,
    0.5663959882222116,
    0.5563094184733928,
    0.5655773169361055,
    0.5055034703575074,
    0.468429799657315,
    0.5241490381769836,
    0.507404713705182,
    0.4294640112668276,
    0.4985736607573926,
    0.49072358598932625,
    0.4766313247382641,
    0.4345746453851461,
    0.5054870939813554,
    0.45933827906847,
    0.4494502905756235,
    0.4226031547179446,
    0.41273813382722435,
    0.41493574995547533,
    0.42771463850513103,
    0.4616063615307212,
    0.4342343587428331,
    0.4520139545202255,
    0.4018382063601166,
    0.3443857445381582,
    0.4011245255358517,
    0.3992363864555955,
    0.41173210884444417,
    0.3828185602091253,
    0.35953135644085704
  ],
  "train_acc": [
    18.916015625,
    7.919921875,
    33.232421875,
    62.373046875,
    68.92578125,
    74.033203125,
    75.21484375,
    75.01953125,
    76.4453125,
    78.06640625,
    77.40234375,
    80.3515625,
    82.255859375,
    80.8984375,
    81.845703125,
    83.251953125,
    83.14453125,
    81.884765625,
    83.57421875,
    81.8359375,
    82.890625,
    83.6328125,
    83.1640625,
    83.28125,
    84.736328125,
    86.25,
    84.697265625,
    84.521484375,
    86.46484375,
    85.09765625,
    85.068359375,
    85.556640625,
    87.021484375,
    85.146484375,
    85.95703125,
    86.328125,
    87.05078125,
    87.6171875,
    87.65625,
    87.119140625,
    86.376953125,
    86.083984375,
    86.34765625,
    87.51953125,
    89.5703125,
    87.87109375,
    87.607421875,
    87.451171875,
    87.958984375,
    89.306640625
  ],
  "val_loss": [
    NaN,
    NaN,
    NaN,
    NaN,
    NaN,
    NaN,
    NaN,
    NaN,
    NaN,
    0.9204845645427704,
    NaN,
    NaN,
    NaN,
    NaN,
    NaN,
    NaN,
    NaN,
    NaN,
    NaN,
    0.8327131261825561,
    NaN,
    NaN,
    NaN,
    NaN,
    NaN,
    NaN,
    NaN,
    NaN,
    NaN,
    0.749363685798645,
    NaN,
    NaN,
    NaN,
    NaN,
    NaN,
    NaN,
    NaN,
    NaN,
    NaN,
    0.7384751485347748,
    NaN,
    NaN,
    NaN,
    NaN,
    NaN,
    NaN,
    NaN,
    NaN,
    NaN,
    0.7187741670131683
  ],
  "val_acc": [
    NaN,
    NaN,
    NaN,
    NaN,
    NaN,
    NaN,
    NaN,
    NaN,
    NaN,
    75.54,
    NaN,
    NaN,
    NaN,
    NaN,
    NaN,
    NaN,
    NaN,
    NaN,
    NaN,
    77.12,
    NaN,
    NaN,
    NaN,
    NaN,
    NaN,
    NaN,
    NaN,
    NaN,
    NaN,
    79.08,
    NaN,
    NaN,
    NaN,
    NaN,
    NaN,
    NaN,
    NaN,
    NaN,
    NaN,
    79.5,
    NaN,
    NaN,
    NaN,
    NaN,
    NaN,
    NaN,
    NaN,
    NaN,
    NaN,
    80.28
  ],
  "test_loss": [
    NaN,
    NaN,
    NaN,
    NaN,
    NaN,
    NaN,
    NaN,
    NaN,
    NaN,
    0.7547063671112061,
    NaN,
    NaN,
    NaN,
    NaN,
    NaN,
    NaN,
    NaN,
    NaN,
    NaN,
    0.6816103417873383,
    NaN,
    NaN,
    NaN,
    NaN,
    NaN,
    NaN,
    NaN,
    NaN,
    NaN,
    0.6166161512851716,
    NaN,
    NaN,
    NaN,
    NaN,
    NaN,
    NaN,
    NaN,
    NaN,
    NaN,
    0.6046826775550842,
    NaN,
    NaN,
    NaN,
    NaN,
    NaN,
    NaN,
    NaN,
    NaN,
    NaN,
    0.6117248896121978
  ],
  "test_acc": [
    NaN,
    NaN,
    NaN,
    NaN,
    NaN,
    NaN,
    NaN,
    NaN,
    NaN,
    79.57,
    NaN,
    NaN,
    NaN,
    NaN,
    NaN,
    NaN,
    NaN,
    NaN,
    NaN,
    81.23,
    NaN,
    NaN,
    NaN,
    NaN,
    NaN,
    NaN,
    NaN,
    NaN,
    NaN,
    82.78,
    NaN,
    NaN,
    NaN,
    NaN,
    NaN,
    NaN,
    NaN,
    NaN,
    NaN,
    83.17,
    NaN,
    NaN,
    NaN,
    NaN,
    NaN,
    NaN,
    NaN,
    NaN,
    NaN,
    83.67
  ],
  "best_val_acc": 80.28
}