{
  "round": [
    1,
    2,
    3,
    4,
    5,
    6,
    7,
    8,
    9,
    10,
    11,
    12,
    13,
    14,
    15,
    16,
    17,
    18,
    19,
    20,
    21,
    22,
    23,
    24,
    25,
    26,
    27,
    28,
    29,
    30,
    31,
    32,
    33,
    34,
    35,
    36,
    37,
    38,
    39,
    40,
    41,
    42,
    43,
    44,
    45,
    46,
    47,
    48,
    49,
    50,
    51,
    52,
    53,
    54,
    55,
    56,
    57,
    58,
    59,
    60,
    61,
    62,
    63,
    64,
    65,
    66,
    67,
    68,
    69,
    70,
    71,
    72,
    73,
    74,
    75,
    76,
    77,
    78,
    79,
    80,
    81,
    82,
    83,
    84,
    85,
    86,
    87,
    88,
    89,
    90,
    91,
    92,
    93,
    94,
    95,
    96,
    97,
    98,
    99,
    100
  ],
  "train_loss": [
    8.083128356933594,
    7.497996973991394,
    7.254643106460572,
    7.072984611988067,
    6.994318068027496,
    6.719753205776215,
    6.5911846399307255,
    6.476969397068023,
    6.413228785991668,
    6.29757297039032,
    6.237459373474121,
    6.189904510974884,
    6.0898930311203,
    5.950980710983276,
    5.991912436485291,
    5.779958772659302,
    5.765535819530487,
    5.724203085899353,
    5.706850504875183,
    5.571734297275543,
    5.488942122459411,
    5.408534955978394,
    5.386460816860199,
    5.2417383074760435,
    5.298354399204254,
    5.241487693786621,
    5.0852257251739506,
    5.094129812717438,
    5.08021125793457,
    5.050263583660126,
    4.944210958480835,
    4.877899813652038,
    4.8658602952957155,
    4.746930408477783,
    4.750988733768463,
    4.722106111049652,
    4.64993325471878,
    4.6129382967948915,
    4.587846720218659,
    4.535468900203705,
    4.498854625225067,
    4.397581219673157,
    4.378390264511109,
    4.339853680133819,
    4.366150850057602,
    4.270054715871811,
    4.274694269895553,
    4.206293016672134,
    4.181045264005661,
    4.192878699302673,
    4.104995739459992,
    4.078587406873703,
    4.004112160205841,
    4.012834250926971,
    3.9828740119934083,
    4.003718328475952,
    3.958462804555893,
    3.8502171993255616,
    3.865758854150772,
    3.7822007715702055,
    3.774283456802368,
    3.782292991876602,
    3.7834524631500246,
    3.705934089422226,
    3.703467035293579,
    3.712228226661682,
    3.6441397190093996,
    3.6953117191791534,
    3.628759670257568,
    3.6216614186763763,
    3.6121606290340424,
    3.6004132270812987,
    3.5386268973350523,
    3.462418884038925,
    3.4476436913013457,
    3.4757816195487976,
    3.5043485164642334,
    3.4410857796669005,
    3.3799520254135134,
    3.35192146897316,
    3.351840651035309,
    3.423335540294647,
    3.349608027935028,
    3.3253373324871065,
    3.2570074021816255,
    3.2750354766845704,
    3.2697569847106935,
    3.234640061855316,
    3.2254405438899996,
    3.2551157057285307,
    3.2166672348976135,
    3.2598700881004334,
    3.1506738483905794,
    3.2134348452091217,
    3.1576686680316923,
    3.220877766609192,
    3.1963148176670075,
    3.117042011022568,
    3.1274072349071504,
    3.1192426681518555
  ],
  "train_acc": [
    0.8984375,
    1.015625,
    1.09375,
    1.015625,
    1.2890625,
    1.796875,
    1.484375,
    1.2109375,
    1.3671875,
    2.03125,
    1.640625,
    2.265625,
    2.3828125,
    2.9296875,
    2.734375,
    3.203125,
    2.3828125,
    3.28125,
    3.3203125,
    4.21875,
    4.6875,
    3.828125,
    5.078125,
    5.234375,
    4.3359375,
    5.3125,
    6.171875,
    6.25,
    6.171875,
    5.625,
    6.2890625,
    6.9921875,
    6.5234375,
    8.3203125,
    7.734375,
    8.75,
    8.3984375,
    8.515625,
    9.8828125,
    9.1796875,
    8.515625,
    10.703125,
    9.921875,
    10.8984375,
    10.8203125,
    12.2265625,
    12.265625,
    13.203125,
    12.9296875,
    13.125,
    13.359375,
    13.6328125,
    14.1015625,
    15.390625,
    15.1171875,
    14.21875,
    14.7265625,
    16.25,
    17.3046875,
    17.1484375,
    17.1875,
    17.03125,
    17.6171875,
    18.7109375,
    17.734375,
    18.4765625,
    19.0625,
    17.6953125,
    18.5546875,
    19.140625,
    20.390625,
    20.8203125,
    20.1171875,
    21.9140625,
    20.703125,
    21.3671875,
    21.6796875,
    21.0546875,
    24.1015625,
    22.8125,
    23.6328125,
    24.21875,
    24.2578125,
    24.6875,
    24.4921875,
    24.7265625,
    24.765625,
    25.9765625,
    25.3515625,
    24.8828125,
    26.2890625,
    24.5703125,
    27.5390625,
    25.625,
    27.1875,
    26.2890625,
    26.1328125,
    26.953125,
    26.1328125,
    27.65625
  ],
  "val_loss": [
    NaN,
    NaN,
    NaN,
    NaN,
    NaN,
    NaN,
    NaN,
    NaN,
    NaN,
    5.882922986602783,
    NaN,
    NaN,
    NaN,
    NaN,
    NaN,
    NaN,
    NaN,
    NaN,
    NaN,
    5.17987522277832,
    NaN,
    NaN,
    NaN,
    NaN,
    NaN,
    NaN,
    NaN,
    NaN,
    NaN,
    4.581472765350342,
    NaN,
    NaN,
    NaN,
    NaN,
    NaN,
    NaN,
    NaN,
    NaN,
    NaN,
    4.133657347869873,
    NaN,
    NaN,
    NaN,
    NaN,
    NaN,
    NaN,
    NaN,
    NaN,
    NaN,
    3.7947212509155275,
    NaN,
    NaN,
    NaN,
    NaN,
    NaN,
    NaN,
    NaN,
    NaN,
    NaN,
    3.522469418334961,
    NaN,
    NaN,
    NaN,
    NaN,
    NaN,
    NaN,
    NaN,
    NaN,
    NaN,
    3.28046750793457,
    NaN,
    NaN,
    NaN,
    NaN,
    NaN,
    NaN,
    NaN,
    NaN,
    NaN,
    3.0754437782287596,
    NaN,
    NaN,
    NaN,
    NaN,
    NaN,
    NaN,
    NaN,
    NaN,
    NaN,
    2.9489564643859865,
    NaN,
    NaN,
    NaN,
    NaN,
    NaN,
    NaN,
    NaN,
    NaN,
    NaN,
    2.8037028301239015
  ],
  "val_acc": [
    NaN,
    NaN,
    NaN,
    NaN,
    NaN,
    NaN,
    NaN,
    NaN,
    NaN,
    2.1,
    NaN,
    NaN,
    NaN,
    NaN,
    NaN,
    NaN,
    NaN,
    NaN,
    NaN,
    4.42,
    NaN,
    NaN,
    NaN,
    NaN,
    NaN,
    NaN,
    NaN,
    NaN,
    NaN,
    8.74,
    NaN,
    NaN,
    NaN,
    NaN,
    NaN,
    NaN,
    NaN,
    NaN,
    NaN,
    11.74,
    NaN,
    NaN,
    NaN,
    NaN,
    NaN,
    NaN,
    NaN,
    NaN,
    NaN,
    15.18,
    NaN,
    NaN,
    NaN,
    NaN,
    NaN,
    NaN,
    NaN,
    NaN,
    NaN,
    20.28,
    NaN,
    NaN,
    NaN,
    NaN,
    NaN,
    NaN,
    NaN,
    NaN,
    NaN,
    23.6,
    NaN,
    NaN,
    NaN,
    NaN,
    NaN,
    NaN,
    NaN,
    NaN,
    NaN,
    27.7,
    NaN,
    NaN,
    NaN,
    NaN,
    NaN,
    NaN,
    NaN,
    NaN,
    NaN,
    28.76,
    NaN,
    NaN,
    NaN,
    NaN,
    NaN,
    NaN,
    NaN,
    NaN,
    NaN,
    32.02
  ],
  "test_loss": [
    NaN,
    NaN,
    NaN,
    NaN,
    NaN,
    NaN,
    NaN,
    NaN,
    NaN,
    5.953037232971192,
    NaN,
    NaN,
    NaN,
    NaN,
    NaN,
    NaN,
    NaN,
    NaN,
    NaN,
    5.166560054779053,
    NaN,
    NaN,
    NaN,
    NaN,
    NaN,
    NaN,
    NaN,
    NaN,
    NaN,
    4.541046751403808,
    NaN,
    NaN,
    NaN,
    NaN,
    NaN,
    NaN,
    NaN,
    NaN,
    NaN,
    4.047491374206543,
    NaN,
    NaN,
    NaN,
    NaN,
    NaN,
    NaN,
    NaN,
    NaN,
    NaN,
    3.6382783573150634,
    NaN,
    NaN,
    NaN,
    NaN,
    NaN,
    NaN,
    NaN,
    NaN,
    NaN,
    3.3179773853302,
    NaN,
    NaN,
    NaN,
    NaN,
    NaN,
    NaN,
    NaN,
    NaN,
    NaN,
    3.051031421279907,
    NaN,
    NaN,
    NaN,
    NaN,
    NaN,
    NaN,
    NaN,
    NaN,
    NaN,
    2.8410237518310546,
    NaN,
    NaN,
    NaN,
    NaN,
    NaN,
    NaN,
    NaN,
    NaN,
    NaN,
    2.6720974098205565,
    NaN,
    NaN,
    NaN,
    NaN,
    NaN,
    NaN,
    NaN,
    NaN,
    NaN,
    2.527102930831909
  ],