{
  "round": [
    1,
    2,
    3,
    4,
    5,
    6,
    7,
    8,
    9,
    10,
    11,
    12,
    13,
    14,
    15,
    16,
    17,
    18,
    19,
    20,
    21,
    22,
    23,
    24,
    25,
    26,
    27,
    28,
    29,
    30,
    31,
    32,
    33,
    34,
    35,
    36,
    37,
    38,
    39,
    40,
    41,
    42,
    43,
    44,
    45,
    46,
    47,
    48,
    49,
    50,
    51,
    52,
    53,
    54,
    55,
    56,
    57,
    58,
    59,
    60,
    61,
    62,
    63,
    64,
    65,
    66,
    67,
    68,
    69,
    70,
    71,
    72,
    73,
    74,
    75,
    76,
    77,
    78,
    79,
    80,
    81,
    82,
    83,
    84,
    85,
    86,
    87,
    88,
    89,
    90,
    91,
    92,
    93,
    94,
    95,
    96,
    97,
    98,
    99,
    100
  ],
  "train_loss": [
    4.273630419373513,
    3.5172492675483227,
    3.6304309755563735,
    3.332001554220915,
    3.216530119627714,
    3.001703645288944,
    3.154424138367176,
    2.759911319613457,
    2.838448029011488,
    2.7548860877752306,
    2.535179042816162,
    2.377528915554285,
    2.333696737885475,
    2.338946908712387,
    2.2375372279435397,
    2.3326690196990967,
    2.234215437620878,
    2.205343785136938,
    1.9370169520378113,
    2.0947787173092367,
    2.0503731831908225,
    1.8677152194082738,
    1.9433915656059981,
    2.085630623996258,
    1.8526207972317934,
    1.659032516553998,
    1.9616125736385583,
    1.5984434269368648,
    1.8041734464466572,
    1.8718978226184846,
    1.5983530592173338,
    1.6422246005386114,
    1.5017391208559274,
    1.6087524998933076,
    1.7634301971644164,
    1.81192418448627,
    1.5669442623853684,
    1.7058743592351675,
    1.5266346320509911,
    1.733990815281868,
    1.6277013447135686,
    1.6700351234525441,
    1.482742577046156,
    1.4391888905316592,
    1.4292673282325268,
    1.3666060898452996,
    1.4530720138922333,
    1.7005312290042638,
    1.3762148855254055,
    1.4112212494015695,
    1.2881732121109963,
    1.3088410343974828,
    1.367888393998146,
    1.2907068464905023,
    1.5344929303973913,
    1.424199452623725,
    1.4220927540212869,
    1.358196278102696,
    1.2771594664081931,
    1.2540888227522373,
    1.2594015352427959,
    1.3127226799726486,
    1.350147907808423,
    1.3252453114837408,
    1.3240805599838494,
    1.2761031199246644,
    1.1633621409535408,
    1.169346959143877,
    1.3880584962666034,
    1.1704231359064579,
    1.179765985906124,
    1.1826976481825113,
    1.2361619513481856,
    1.2198773842304944,
    1.2778029080480338,
    1.2198307286947965,
    1.3251006830483676,
    1.1277915708720685,
    1.3049891777336597,
    1.3532134372740985,
    1.2362511411309243,
    1.061901537142694,
    1.1057186920195818,
    1.0865494631230832,
    1.1333919094875455,
    1.1645436447113753,
    1.134433612599969,
    1.2706792997196317,
    1.0646574541926384,
    1.2127001162618398,
    0.99970918353647,
    1.225936682149768,
    1.0899333937093616,
    1.18143855817616,
    1.104258793964982,
    1.0439158275723457,
    1.0680621106177568,
    1.2457098830491304,
    1.0748606119304895,
    1.115916420891881
  ],
  "train_acc": [
    24.16015625,
    29.08203125,
    27.32421875,
    30.7421875,
    33.4375,
    35.01953125,
    32.0703125,
    37.1484375,
    36.15234375,
    37.67578125,
    40.1953125,
    43.984375,
    44.08203125,
    44.98046875,
    46.484375,
    43.7890625,
    44.74609375,
    47.12890625,
    52.4609375,
    49.04296875,
    48.18359375,
    52.12890625,
    50.4296875,
    49.0234375,
    53.75,
    56.3671875,
    52.08984375,
    58.28125,
    53.61328125,
    52.8515625,
    58.80859375,
    58.59375,
    59.1015625,
    58.69140625,
    54.82421875,
    52.7734375,
    58.53515625,
    56.2890625,
    59.0234375,
    55.95703125,
    56.85546875,
    57.87109375,
    61.40625,
    61.4453125,
    61.77734375,
    62.67578125,
    62.91015625,
    56.40625,
    63.3984375,
    62.421875,
    65.3515625,
    66.19140625,
    63.7890625,
    64.82421875,
    60.01953125,
    61.6796875,
    62.12890625,
    63.515625,
    64.74609375,
    66.6015625,
    65.9375,
    64.6484375,
    64.00390625,
    64.296875,
    63.76953125,
    65.91796875,
    68.45703125,
    66.19140625,
    63.671875,
    68.125,
    67.8515625,
    67.75390625,
    65.78125,
    67.59765625,
    65.72265625,
    67.36328125,
    64.2578125,
    68.57421875,
    65.25390625,
    64.3359375,
    66.19140625,
    71.6796875,
    69.5703125,
    69.453125,
    68.359375,
    68.359375,
    69.0234375,
    66.09375,
    70.5859375,
    66.11328125,
    71.97265625,
    66.6015625,
    70.83984375,
    67.75390625,
    68.80859375,
    71.0546875,
    70.25390625,
    66.7578125,
    70.46875,
    69.21875
  ],
  "val_loss": [
    NaN,
    NaN,
    NaN,
    NaN,
    NaN,
    NaN,
    NaN,
    NaN,
    NaN,
    5.422173442077637,
    NaN,
    NaN,
    NaN,
    NaN,
    NaN,
    NaN,
    NaN,
    NaN,
    NaN,
    4.474137476348877,
    NaN,
    NaN,
    NaN,
    NaN,
    NaN,
    NaN,
    NaN,
    NaN,
    NaN,
    3.999905846786499,
    NaN,
    NaN,
    NaN,
    NaN,
    NaN,
    NaN,
    NaN,
    NaN,
    NaN,
    3.4388683040618897,
    NaN,
    NaN,
    NaN,
    NaN,
    NaN,
    NaN,
    NaN,
    NaN,
    NaN,
    3.1969536613464355,
    NaN,
    NaN,
    NaN,
    NaN,
    NaN,
    NaN,
    NaN,
    NaN,
    NaN,
    3.086285107040405,
    NaN,
    NaN,
    NaN,
    NaN,
    NaN,
    NaN,
    NaN,
    NaN,
    NaN,
    2.993713487625122,
    NaN,
    NaN,
    NaN,
    NaN,
    NaN,
    NaN,
    NaN,
    NaN,
    NaN,
    2.693045788574219,
    NaN,
    NaN,
    NaN,
    NaN,
    NaN,
    NaN,
    NaN,
    NaN,
    NaN,
    2.650099989891052,
    NaN,
    NaN,
    NaN,
    NaN,
    NaN,
    NaN,
    NaN,
    NaN,
    NaN,
    2.5497576642990114
  ],
  "val_acc": [
    NaN,
    NaN,
    NaN,
    NaN,
    NaN,
    NaN,
    NaN,
    NaN,
    NaN,
    5.16,
    NaN,
    NaN,
    NaN,
    NaN,
    NaN,
    NaN,
    NaN,
    NaN,
    NaN,
    13.58,
    NaN,
    NaN,
    NaN,
    NaN,
    NaN,
    NaN,
    NaN,
    NaN,
    NaN,
    17.64,
    NaN,
    NaN,
    NaN,
    NaN,
    NaN,
    NaN,
    NaN,
    NaN,
    NaN,
    24.32,
    NaN,
    NaN,
    NaN,
    NaN,
    NaN,
    NaN,
    NaN,
    NaN,
    NaN,
    27.92,
    NaN,
    NaN,
    NaN,
    NaN,
    NaN,
    NaN,
    NaN,
    NaN,
    NaN,
    29.82,
    NaN,
    NaN,
    NaN,
    NaN,
    NaN,
    NaN,
    NaN,
    NaN,
    NaN,
    30.38,
    NaN,
    NaN,
    NaN,
    NaN,
    NaN,
    NaN,
    NaN,
    NaN,
    NaN,
    34.74,
    NaN,
    NaN,
    NaN,
    NaN,
    NaN,
    NaN,
    NaN,
    NaN,
    NaN,
    36.24,
    NaN,
    NaN,
    NaN,
    NaN,
    NaN,
    NaN,
    NaN,
    NaN,
    NaN,
    37.66
  ],
  "test_loss": [
    NaN,
    NaN,
    NaN,
    NaN,
    NaN,
    NaN,
    NaN,
    NaN,
    NaN,
    5.487717224884033,
    NaN,
    NaN,
    NaN,
    NaN,
    NaN,
    NaN,
    NaN,
    NaN,
    NaN,
    4.333322650146484,
    NaN,
    NaN,
    NaN,
    NaN,
    NaN,
    NaN,
    NaN,
    NaN,
    NaN,
    3.7317531147003176,
    NaN,
    NaN,
    NaN,
    NaN,
    NaN,
    NaN,
    NaN,
    NaN,
    NaN,
    3.290372428894043,
    NaN,
    NaN,
    NaN,
    NaN,
    NaN,
    NaN,
    NaN,
    NaN,
    NaN,
    2.98462695350647,
    NaN,
    NaN,
    NaN,
    NaN,
    NaN,
    NaN,
    NaN,
    NaN,
    NaN,
    2.8368335540771485,
    NaN,
    NaN,
    NaN,
    NaN,
    NaN,
    NaN,
    NaN,
    NaN,
    NaN,
    2.726653430557251,
    NaN,
    NaN,
    NaN,
    NaN,
    NaN,
    NaN,
    NaN,
    NaN,
    NaN,
    2.40284598236084,
    NaN,
    NaN,
    NaN,
    NaN,
    NaN,
    NaN,
    NaN,
    NaN,
    NaN,
    2.328123407745361,
    NaN,
    NaN,
    NaN,
    NaN,
    NaN,
    NaN,
    NaN,
    NaN,
    NaN,
    2.276255876159668
  ],