{
  "round": [
    1,
    2,
    3,
    4,
    5,
    6,
    7,
    8,
    9,
    10,
    11,
    12,
    13,
    14,
    15,
    16,
    17,
    18,
    19,
    20,
    21,
    22,
    23,
    24,
    25,
    26,
    27,
    28,
    29,
    30,
    31,
    32,
    33,
    34,
    35,
    36,
    37,
    38,
    39,
    40,
    41,
    42,
    43,
    44,
    45,
    46,
    47,
    48,
    49,
    50,
    51,
    52,
    53,
    54,
    55,
    56,
    57,
    58,
    59,
    60,
    61,
    62,
    63,
    64,
    65,
    66,
    67,
    68,
    69,
    70,
    71,
    72,
    73,
    74,
    75,
    76,
    77,
    78,
    79,
    80,
    81,
    82,
    83,
    84,
    85,
    86,
    87,
    88,
    89,
    90,
    91,
    92,
    93,
    94,
    95,
    96,
    97,
    98,
    99,
    100
  ],
  "train_loss": [
    5.430259183049202,
    5.026863953471183,
    4.5901860922574995,
    4.310741804540157,
    4.1021861135959625,
    3.8586529210209846,
    3.784310081601143,
    3.53542837202549,
    3.4422057971358297,
    3.4297270491719245,
    3.3492651656270027,
    3.2465264037251473,
    2.918030947446823,
    2.673182022571564,
    2.689877079427242,
    2.814444217085838,
    2.84105856269598,
    2.5325754180550577,
    2.696774482727051,
    2.4590285025537013,
    2.718160529434681,
    2.4335276417434217,
    2.5087959550321104,
    2.2665045097470284,
    2.269621826708317,
    2.255622278153896,
    2.2066560581326486,
    2.1102597422897817,
    2.261980126053095,
    2.0446862258017062,
    2.087141927331686,
    2.0101859785616396,
    1.870741568505764,
    2.1837517842650414,
    2.0923495940864085,
    2.1279603607952593,
    1.9581600069999694,
    2.0178399734199046,
    1.82459012940526,
    1.9047661669552327,
    1.8262321908026933,
    1.800315123796463,
    1.9118257641792298,
    1.736978504806757,
    1.763693442940712,
    1.7369462072849273,
    1.8711800530552865,
    1.9201471544802189,
    1.730493886768818,
    1.7447648510336875,
    1.5758894048631191,
    1.818081958591938,
    1.6325719617307186,
    1.590966983884573,
    1.677524983137846,
    1.7743582971394063,
    1.5371355421841144,
    1.7145756401121617,
    1.5848879761993886,
    1.530848404020071,
    1.6279322184622287,
    1.5951546274125576,
    1.630747424811125,
    1.5925699673593043,
    1.6355850998312236,
    1.5821855947375298,
    1.4652690455317496,
    1.6098087452352048,
    1.6014360889792443,
    1.5222597993910312,
    1.4551327764987945,
    1.5405116908252239,
    1.5420210421085359,
    1.5455114550888538,
    1.4989727273583413,
    1.5795538015663624,
    1.493359348922968,
    1.534133193641901,
    1.4931021749973297,
    1.3574812661856412,
    1.4941983260214329,
    1.4470386046916246,
    1.3357398450374602,
    1.3962437152862548,
    1.5054361142218113,
    1.4544857531785964,
    1.388937634974718,
    1.4844912901520728,
    1.4305284202098847,
    1.4123765803873538,
    1.3099888760596514,
    1.3990618638694285,
    1.4137028899043798,
    1.343496571481228,
    1.3053136974573136,
    1.3212080337107182,
    1.3033544100821017,
    1.3345548339188098,
    1.3859899707138539,
    1.3444482039660215
  ],
  "train_acc": [
    9.9609375,
    11.81640625,
    14.16015625,
    14.8046875,
    16.97265625,
    18.3984375,
    19.47265625,
    23.515625,
    24.62890625,
    25.48828125,
    25.859375,
    27.8515625,
    31.1328125,
    35.9765625,
    36.69921875,
    33.359375,
    32.1484375,
    38.125,
    34.921875,
    39.98046875,
    35.3125,
    40.09765625,
    38.37890625,
    43.84765625,
    44.55078125,
    43.984375,
    44.51171875,
    47.0703125,
    42.3046875,
    47.421875,
    47.578125,
    48.4765625,
    51.6015625,
    45.13671875,
    47.51953125,
    44.9609375,
    48.4765625,
    48.1640625,
    53.45703125,
    50.25390625,
    52.5,
    51.85546875,
    50.78125,
    54.35546875,
    53.96484375,
    54.3359375,
    52.109375,
    50.68359375,
    55.09765625,
    53.5546875,
    58.671875,
    52.59765625,
    57.265625,
    58.06640625,
    56.171875,
    53.73046875,
    58.4765625,
    54.6875,
    58.0859375,
    58.984375,
    57.71484375,
    57.51953125,
    56.77734375,
    57.5,
    57.08984375,
    58.53515625,
    60.91796875,
    56.30859375,
    57.12890625,
    58.984375,
    61.03515625,
    59.0234375,
    58.65234375,
    58.45703125,
    59.9609375,
    56.8359375,
    59.6484375,
    59.1796875,
    59.7265625,
    64.00390625,
    60.5078125,
    61.50390625,
    64.6875,
    62.51953125,
    59.74609375,
    60.83984375,
    62.16796875,
    60.68359375,
    61.2890625,
    61.6796875,
    63.7890625,
    62.94921875,
    61.81640625,
    62.59765625,
    64.765625,
    64.8828125,
    64.98046875,
    63.984375,
    62.65625,
    63.26171875
  ],
  "val_loss": [
    NaN,
    NaN,
    NaN,
    NaN,
    NaN,
    NaN,
    NaN,
    NaN,
    NaN,
    4.878342948913574,
    NaN,
    NaN,
    NaN,
    NaN,
    NaN,
    NaN,
    NaN,
    NaN,
    NaN,
    3.866293827819824,
    NaN,
    NaN,
    NaN,
    NaN,
    NaN,
    NaN,
    NaN,
    NaN,
    NaN,
    3.470382511138916,
    NaN,
    NaN,
    NaN,
    NaN,
    NaN,
    NaN,
    NaN,
    NaN,
    NaN,
    2.9775117359161376,
    NaN,
    NaN,
    NaN,
    NaN,
    NaN,
    NaN,
    NaN,
    NaN,
    NaN,
    2.73000071144104,
    NaN,
    NaN,
    NaN,
    NaN,
    NaN,
    NaN,
    NaN,
    NaN,
    NaN,
    2.5784460983276367,
    NaN,
    NaN,
    NaN,
    NaN,
    NaN,
    NaN,
    NaN,
    NaN,
    NaN,
    2.3962999673843384,
    NaN,
    NaN,
    NaN,
    NaN,
    NaN,
    NaN,
    NaN,
    NaN,
    NaN,
    2.316512893676758,
    NaN,
    NaN,
    NaN,
    NaN,
    NaN,
    NaN,
    NaN,
    NaN,
    NaN,
    2.1702875564575197,
    NaN,
    NaN,
    NaN,
    NaN,
    NaN,
    NaN,
    NaN,
    NaN,
    NaN,
    2.140233675003052
  ],
  "val_acc": [
    NaN,
    NaN,
    NaN,
    NaN,
    NaN,
    NaN,
    NaN,
    NaN,
    NaN,
    7.5,
    NaN,
    NaN,
    NaN,
    NaN,
    NaN,
    NaN,
    NaN,
    NaN,
    NaN,
    17.44,
    NaN,
    NaN,
    NaN,
    NaN,
    NaN,
    NaN,
    NaN,
    NaN,
    NaN,
    22.82,
    NaN,
    NaN,
    NaN,
    NaN,
    NaN,
    NaN,
    NaN,
    NaN,
    NaN,
    29.62,
    NaN,
    NaN,
    NaN,
    NaN,
    NaN,
    NaN,
    NaN,
    NaN,
    NaN,
    33.64,
    NaN,
    NaN,
    NaN,
    NaN,
    NaN,
    NaN,
    NaN,
    NaN,
    NaN,
    36.74,
    NaN,
    NaN,
    NaN,
    NaN,
    NaN,
    NaN,
    NaN,
    NaN,
    NaN,
    39.58,
    NaN,
    NaN,
    NaN,
    NaN,
    NaN,
    NaN,
    NaN,
    NaN,
    NaN,
    42.0,
    NaN,
    NaN,
    NaN,
    NaN,
    NaN,
    NaN,
    NaN,
    NaN,
    NaN,
    43.64,
    NaN,
    NaN,
    NaN,
    NaN,
    NaN,
    NaN,
    NaN,
    NaN,
    NaN,
    45.36
  ],
  "test_loss": [
    NaN,
    NaN,
    NaN,
    NaN,
    NaN,
    NaN,
    NaN,
    NaN,
    NaN,
    4.777450035095215,
    NaN,
    NaN,
    NaN,
    NaN,
    NaN,
    NaN,
    NaN,
    NaN,
    NaN,
    3.700579758834839,
    NaN,
    NaN,
    NaN,
    NaN,
    NaN,
    NaN,
    NaN,
    NaN,
    NaN,
    3.12167377243042,
    NaN,
    NaN,
    NaN,
    NaN,
    NaN,
    NaN,
    NaN,
    NaN,
    NaN,
    2.6543288635253908,
    NaN,
    NaN,
    NaN,
    NaN,
    NaN,
    NaN,
    NaN,
    NaN,
    NaN,
    2.428514942550659,
    NaN,
    NaN,
    NaN,
    NaN,
    NaN,
    NaN,
    NaN,
    NaN,
    NaN,
    2.223138732910156,
    NaN,
    NaN,
    NaN,
    NaN,
    NaN,
    NaN,
    NaN,
    NaN,
    NaN,
    2.0176336122512817,
    NaN,
    NaN,
    NaN,
    NaN,
    NaN,
    NaN,
    NaN,
    NaN,
    NaN,
    1.9371137708663941,
    NaN,
    NaN,
    NaN,
    NaN,
    NaN,
    NaN,
    NaN,
    NaN,
    NaN,
    1.8222830680847169,
    NaN,
    NaN,
    NaN,
    NaN,
    NaN,
    NaN,
    NaN,
    NaN,
    NaN,
    1.77847338180542
  ],