{
  "round": [
    1,
    2,
    3,
    4,
    5,
    6,
    7,
    8,
    9,
    10,
    11,
    12,
    13,
    14,
    15,
    16,
    17,
    18,
    19,
    20,
    21,
    22,
    23,
    24,
    25,
    26,
    27,
    28,
    29,
    30,
    31,
    32,
    33,
    34,
    35,
    36,
    37,
    38,
    39,
    40,
    41,
    42,
    43,
    44,
    45,
    46,
    47,
    48,
    49,
    50,
    51,
    52,
    53,
    54,
    55,
    56,
    57,
    58,
    59,
    60,
    61,
    62,
    63,
    64,
    65,
    66,
    67,
    68,
    69,
    70,
    71,
    72,
    73,
    74,
    75,
    76,
    77,
    78,
    79,
    80,
    81,
    82,
    83,
    84,
    85,
    86,
    87,
    88,
    89,
    90,
    91,
    92,
    93,
    94,
    95,
    96,
    97,
    98,
    99,
    100
  ],
  "train_loss": [
    0.9348575880203839,
    1.0512484552335337,
    0.7832673530061449,
    1.190708111456113,
    0.9940555298128914,
    1.1057962528532919,
    1.5667482215331852,
    0.6999160455075107,
    0.9809943582326348,
    0.7398879078857628,
    0.7225800870131804,
    0.750820814835526,
    0.5404385394203582,
    0.9527372016091661,
    0.628273908919786,
    0.657447546875505,
    0.5424211895085931,
    0.5808776198478146,
    0.5636073342606889,
    0.4420726312048101,
    0.6886685543551996,
    0.3376314085573759,
    0.5025243825661057,
    0.4883679798523505,
    0.386048020771596,
    0.4915434558574342,
    0.5267097199983104,
    0.7596691615644243,
    0.3692201076005318,
    0.295224508694239,
    0.41714560765791175,
    0.4501755218050981,
    0.37658958286639943,
    0.412650152997139,
    0.3849738840901532,
    0.3276491991917493,
    0.394409622694898,
    0.7270934008391792,
    0.4007720666263396,
    0.6182217218607615,
    0.652099784100057,
    0.6359856386142392,
    0.6035765820812016,
    0.3504350122948923,
    0.2651637909689744,
    0.27298888046160485,
    0.35501267598293323,
    0.2729933340406088,
    0.4122518839971755,
    0.5148398755399958,
    0.36942882935654625,
    0.6268071431401345,
    0.27487947185386996,
    0.21869546661209452,
    0.27505297435277815,
    0.6327486718940405,
    0.3456238385316105,
    0.27893024259839705,
    0.35887911806817413,
    0.35051694431776187,
    0.4256106832023151,
    0.5440159875600392,
    0.4551664861836171,
    0.3172667532829988,
    0.31233782320754183,
    0.2653440469803431,
    0.30882610647940567,
    0.1768990376035558,
    0.37602122564924023,
    0.32932610857158906,
    0.22937525975335338,
    0.21513236556750917,
    0.27667539905073213,
    0.28552960334192373,
    0.37805588614921454,
    0.2759246216795259,
    0.24015948564623307,
    0.3024266950217588,
    0.33913100580306976,
    0.38992104823328344,
    0.33646182026921484,
    0.26625476030934664,
    0.5078683950006819,
    0.4143957300781477,
    0.5143661350999205,
    0.29282700953653734,
    0.25992256888492343,
    0.2515723478782602,
    0.34190799349810413,
    0.2506042433790113,
    0.23899223545612697,
    0.3093898476558147,
    0.2703399840580986,
    0.26092148504470436,
    0.20209790537821748,
    0.26900701751293044,
    0.1708923289050301,
    0.48069999958508747,
    0.3861421606520438,
    0.2789590302749796
  ],
  "train_acc": [
    87.5390625,
    87.40234375,
    88.955078125,
    87.59765625,
    88.505859375,
    88.26171875,
    86.25,
    89.384765625,
    87.568359375,
    89.697265625,
    89.39453125,
    88.974609375,
    91.09375,
    88.02734375,
    90.52734375,
    89.8046875,
    90.673828125,
    90.9765625,
    90.48828125,
    91.533203125,
    90.21484375,
    92.431640625,
    91.25,
    90.966796875,
    92.041015625,
    90.91796875,
    91.025390625,
    89.82421875,
    91.97265625,
    93.544921875,
    91.953125,
    91.89453125,
    93.115234375,
    92.099609375,
    92.294921875,
    93.73046875,
    93.14453125,
    90.78125,
    92.138671875,
    90.46875,
    91.064453125,
    90.80078125,
    90.712890625,
    92.880859375,
    94.296875,
    93.69140625,
    92.890625,
    93.720703125,
    91.826171875,
    91.11328125,
    92.71484375,
    92.333984375,
    93.7109375,
    94.70703125,
    93.896484375,
    90.80078125,
    92.94921875,
    93.203125,
    93.0078125,
    92.529296875,
    92.12890625,
    92.24609375,
    91.62109375,
    94.23828125,
    94.0625,
    93.701171875,
    93.18359375,
    95.15625,
    92.08984375,
    92.75390625,
    94.609375,
    94.775390625,
    93.798828125,
    93.349609375,
    92.59765625,
    93.798828125,
    94.00390625,
    93.212890625,
    93.2421875,
    92.01171875,
    93.4375,
    93.603515625,
    91.826171875,
    92.83203125,
    92.83203125,
    93.388671875,
    94.43359375,
    93.916015625,
    93.291015625,
    93.9453125,
    94.443359375,
    93.271484375,
    93.642578125,
    94.140625,
    95.029296875,
    93.7109375,
    95.1171875,
    91.6015625,
    93.076171875,
    93.37890625
  ],
  "val_loss": [
    NaN,
    NaN,
    NaN,
    NaN,
    NaN,
    NaN,
    NaN,
    NaN,
    NaN,
    9.126101152038574,
    NaN,
    NaN,
    NaN,
    NaN,
    NaN,
    NaN,
    NaN,
    NaN,
    NaN,
    8.046979739379882,
    NaN,
    NaN,
    NaN,
    NaN,
    NaN,
    NaN,
    NaN,
    NaN,
    NaN,
    8.21733765258789,
    NaN,
    NaN,
    NaN,
    NaN,
    NaN,
    NaN,
    NaN,
    NaN,
    NaN,
    7.9784657073974605,
    NaN,
    NaN,
    NaN,
    NaN,
    NaN,
    NaN,
    NaN,
    NaN,
    NaN,
    7.780273439025879,
    NaN,
    NaN,
    NaN,
    NaN,
    NaN,
    NaN,
    NaN,
    NaN,
    NaN,
    8.96832043762207,
    NaN,
    NaN,
    NaN,
    NaN,
    NaN,
    NaN,
    NaN,
    NaN,
    NaN,
    6.640538272094727,
    NaN,
    NaN,
    NaN,
    NaN,
    NaN,
    NaN,
    NaN,
    NaN,
    NaN,
    6.703115522766113,
    NaN,
    NaN,
    NaN,
    NaN,
    NaN,
    NaN,
    NaN,
    NaN,
    NaN,
    6.494659384155273,
    NaN,
    NaN,
    NaN,
    NaN,
    NaN,
    NaN,
    NaN,
    NaN,
    NaN,
    7.091815428161621
  ],
  "val_acc": [
    NaN,
    NaN,
    NaN,
    NaN,
    NaN,
    NaN,
    NaN,
    NaN,
    NaN,
    4.7,
    NaN,
    NaN,
    NaN,
    NaN,
    NaN,
    NaN,
    NaN,
    NaN,
    NaN,
    6.9,
    NaN,
    NaN,
    NaN,
    NaN,
    NaN,
    NaN,
    NaN,
    NaN,
    NaN,
    8.78,
    NaN,
    NaN,
    NaN,
    NaN,
    NaN,
    NaN,
    NaN,
    NaN,
    NaN,
    11.24,
    NaN,
    NaN,
    NaN,
    NaN,
    NaN,
    NaN,
    NaN,
    NaN,
    NaN,
    13.12,
    NaN,
    NaN,
    NaN,
    NaN,
    NaN,
    NaN,
    NaN,
    NaN,
    NaN,
    7.36,
    NaN,
    NaN,
    NaN,
    NaN,
    NaN,
    NaN,
    NaN,
    NaN,
    NaN,
    18.34,
    NaN,
    NaN,
    NaN,
    NaN,
    NaN,
    NaN,
    NaN,
    NaN,
    NaN,
    19.84,
    NaN,
    NaN,
    NaN,
    NaN,
    NaN,
    NaN,
    NaN,
    NaN,
    NaN,
    20.98,
    NaN,
    NaN,
    NaN,
    NaN,
    NaN,
    NaN,
    NaN,
    NaN,
    NaN,
    20.14
  ],