{
  "round": [
    1,
    2,
    3,
    4,
    5,
    6,
    7,
    8,
    9,
    10,
    11,
    12,
    13,
    14,
    15,
    16,
    17,
    18,
    19,
    20,
    21,
    22,
    23,
    24,
    25,
    26,
    27,
    28,
    29,
    30,
    31,
    32,
    33,
    34,
    35,
    36,
    37,
    38,
    39,
    40,
    41,
    42,
    43,
    44,
    45,
    46,
    47,
    48,
    49,
    50,
    51,
    52,
    53,
    54,
    55,
    56,
    57,
    58,
    59,
    60,
    61,
    62,
    63,
    64,
    65,
    66,
    67,
    68,
    69,
    70,
    71,
    72,
    73,
    74,
    75,
    76,
    77,
    78,
    79,
    80,
    81,
    82,
    83,
    84,
    85,
    86,
    87,
    88,
    89,
    90,
    91,
    92,
    93,
    94,
    95,
    96,
    97,
    98,
    99,
    100
  ],
  "train_loss": [
    6.9855231761932375,
    6.714778232574463,
    6.414383125305176,
    6.16027181148529,
    6.085427689552307,
    5.85371994972229,
    5.848565983772278,
    5.622535598278046,
    5.762167286872864,
    5.5029654741287235,
    5.452975821495056,
    5.443000411987304,
    4.983484208583832,
    5.017909997701645,
    5.011385852098465,
    4.916198420524597,
    4.901887041330338,
    4.883517765998841,
    4.8515283286571504,
    4.615516924858094,
    4.708917701244355,
    4.560489702224731,
    4.657423889636993,
    4.381436395645141,
    4.4701606154441835,
    4.358727985620499,
    4.3354294240474704,
    4.188925790786743,
    4.176927083730698,
    4.104287153482437,
    3.9954714357852934,
    3.9590223133563995,
    3.812809336185455,
    4.109333270788193,
    3.992995858192444,
    4.018256670236587,
    3.9097459435462953,
    3.794543534517288,
    3.6732241809368134,
    3.6829525947570803,
    3.6722891092300416,
    3.6223015964031218,
    3.7876926839351652,
    3.481660747528076,
    3.5194410562515257,
    3.45941124856472,
    3.6006147146224974,
    3.58849493265152,
    3.491669702529907,
    3.5011920511722563,
    3.3084029495716094,
    3.5467099368572237,
    3.2334846436977385,
    3.1054956674575807,
    3.265692526102066,
    3.448685884475708,
    3.129133754968643,
    3.3903282284736633,
    3.087058475613594,
    3.0477466344833375,
    3.1845222234725954,
    3.0598940908908845,
    3.09904425740242,
    3.105757212638855,
    3.183105143904686,
    3.1716310560703276,
    2.9437454849481584,
    3.1128070056438446,
    3.0581463277339935,
    3.013203939795494,
    2.9903228342533112,
    3.059012308716774,
    3.0305367410182953,
    2.975476625561714,
    2.918931540846825,
    3.0411548614501953,
    2.8828007757663725,
    2.8670751363039018,
    2.8515350997447966,
    2.7239408075809477,
    2.8698937058448792,
    2.7705441385507585,
    2.652302008867264,
    2.677536752820015,
    2.841758531332016,
    2.8268023312091826,
    2.7335809081792832,
    2.861434805393219,
    2.7131535440683363,
    2.735070917010307,
    2.5571154177188875,
    2.7199796468019484,
    2.6530905067920685,
    2.5529513508081436,
    2.564546450972557,
    2.5293132096529005,
    2.5297578483819962,
    2.505494147539139,
    2.599572014808655,
    2.6291381448507307
  ],
  "train_acc": [
    2.578125,
    2.578125,
    3.5546875,
    3.28125,
    3.7109375,
    4.21875,
    4.3359375,
    4.765625,
    4.0625,
    4.84375,
    5.7421875,
    5.703125,
    8.2421875,
    7.265625,
    8.203125,
    7.34375,
    8.4765625,
    8.203125,
    8.28125,
    8.984375,
    9.21875,
    10.5078125,
    10.0,
    12.265625,
    12.1875,
    12.3046875,
    13.3203125,
    14.1015625,
    14.140625,
    14.8046875,
    16.25,
    20.1953125,
    18.984375,
    15.9765625,
    15.546875,
    15.46875,
    16.4453125,
    17.421875,
    20.46875,
    19.2578125,
    21.8359375,
    19.8046875,
    18.984375,
    22.265625,
    22.6953125,
    23.984375,
    22.109375,
    21.71875,
    23.3984375,
    20.859375,
    24.21875,
    22.578125,
    27.5390625,
    29.0234375,
    26.9921875,
    24.0234375,
    28.515625,
    23.515625,
    28.90625,
    30.1171875,
    26.7578125,
    28.671875,
    29.609375,
    29.0625,
    26.7578125,
    27.7734375,
    31.5625,
    28.984375,
    28.7890625,
    30.0390625,
    30.9765625,
    29.921875,
    29.296875,
    31.015625,
    31.6796875,
    30.0390625,
    32.03125,
    31.6015625,
    31.09375,
    37.265625,
    33.0078125,
    35.703125,
    38.2421875,
    35.5078125,
    32.734375,
    33.6328125,
    34.9609375,
    32.890625,
    37.2265625,
    35.2734375,
    37.3828125,
    35.390625,
    36.1328125,
    37.6171875,
    37.34375,
    38.4765625,
    38.984375,
    38.203125,
    37.5,
    36.640625
  ],
  "val_loss": [
    NaN,
    NaN,
    NaN,
    NaN,
    NaN,
    NaN,
    NaN,
    NaN,
    NaN,
    5.906321467590332,
    NaN,
    NaN,
    NaN,
    NaN,
    NaN,
    NaN,
    NaN,
    NaN,
    NaN,
    5.177209329223633,
    NaN,
    NaN,
    NaN,
    NaN,
    NaN,
    NaN,
    NaN,
    NaN,
    NaN,
    4.6865713562011715,
    NaN,
    NaN,
    NaN,
    NaN,
    NaN,
    NaN,
    NaN,
    NaN,
    NaN,
    4.268172624588012,
    NaN,
    NaN,
    NaN,
    NaN,
    NaN,
    NaN,
    NaN,
    NaN,
    NaN,
    3.923435046005249,
    NaN,
    NaN,
    NaN,
    NaN,
    NaN,
    NaN,
    NaN,
    NaN,
    NaN,
    3.6694215507507324,
    NaN,
    NaN,
    NaN,
    NaN,
    NaN,
    NaN,
    NaN,
    NaN,
    NaN,
    3.4427602043151855,
    NaN,
    NaN,
    NaN,
    NaN,
    NaN,
    NaN,
    NaN,
    NaN,
    NaN,
    3.226894627380371,
    NaN,
    NaN,
    NaN,
    NaN,
    NaN,
    NaN,
    NaN,
    NaN,
    NaN,
    3.0487359703063963,
    NaN,
    NaN,
    NaN,
    NaN,
    NaN,
    NaN,
    NaN,
    NaN,
    NaN,
    2.9772001838684083
  ],
  "val_acc": [
    NaN,
    NaN,
    NaN,
    NaN,
    NaN,
    NaN,
    NaN,
    NaN,
    NaN,
    2.12,
    NaN,
    NaN,
    NaN,
    NaN,
    NaN,
    NaN,
    NaN,
    NaN,
    NaN,
    4.38,
    NaN,
    NaN,
    NaN,
    NaN,
    NaN,
    NaN,
    NaN,
    NaN,
    NaN,
    8.16,
    NaN,
    NaN,
    NaN,
    NaN,
    NaN,
    NaN,
    NaN,
    NaN,
    NaN,
    11.62,
    NaN,
    NaN,
    NaN,
    NaN,
    NaN,
    NaN,
    NaN,
    NaN,
    NaN,
    15.72,
    NaN,
    NaN,
    NaN,
    NaN,
    NaN,
    NaN,
    NaN,
    NaN,
    NaN,
    19.2,
    NaN,
    NaN,
    NaN,
    NaN,
    NaN,
    NaN,
    NaN,
    NaN,
    NaN,
    22.0,
    NaN,
    NaN,
    NaN,
    NaN,
    NaN,
    NaN,
    NaN,
    NaN,
    NaN,
    24.92,
    NaN,
    NaN,
    NaN,
    NaN,
    NaN,
    NaN,
    NaN,
    NaN,
    NaN,
    27.52,
    NaN,
    NaN,
    NaN,
    NaN,
    NaN,
    NaN,
    NaN,
    NaN,
    NaN,
    29.16
  ],
  "test_loss": [
    NaN,
    NaN,
    NaN,
    NaN,
    NaN,
    NaN,
    NaN,
    NaN,
    NaN,
    6.100118144989014,
    NaN,
    NaN,
    NaN,
    NaN,
    NaN,
    NaN,
    NaN,
    NaN,
    NaN,
    5.259321540832519,
    NaN,
    NaN,
    NaN,
    NaN,
    NaN,
    NaN,
    NaN,
    NaN,
    NaN,
    4.719245325469971,
    NaN,
    NaN,
    NaN,
    NaN,
    NaN,
    NaN,
    NaN,
    NaN,
    NaN,
    4.233800042724609,
    NaN,
    NaN,
    NaN,
    NaN,
    NaN,
    NaN,
    NaN,
    NaN,
    NaN,
    3.8402626113891603,
    NaN,
    NaN,
    NaN,
    NaN,
    NaN,
    NaN,
    NaN,
    NaN,
    NaN,
    3.545884963989258,
    NaN,
    NaN,
    NaN,
    NaN,
    NaN,
    NaN,
    NaN,
    NaN,
    NaN,
    3.241883999633789,
    NaN,
    NaN,
    NaN,
    NaN,
    NaN,
    NaN,
    NaN,
    NaN,
    NaN,
    3.070268304824829,
    NaN,
    NaN,
    NaN,
    NaN,
    NaN,
    NaN,
    NaN,
    NaN,
    NaN,
    2.886175012588501,
    NaN,
    NaN,
    NaN,
    NaN,
    NaN,
    NaN,
    NaN,
    NaN,
    NaN,
    2.7338401622772217
  ],