{
  "round": [
    1,
    2,
    3,
    4,
    5,
    6,
    7,
    8,
    9,
    10,
    11,
    12,
    13,
    14,
    15,
    16,
    17,
    18,
    19,
    20,
    21,
    22,
    23,
    24,
    25,
    26,
    27,
    28,
    29,
    30,
    31,
    32,
    33,
    34,
    35,
    36,
    37,
    38,
    39,
    40,
    41,
    42,
    43,
    44,
    45,
    46,
    47,
    48,
    49,
    50,
    51,
    52,
    53,
    54,
    55,
    56,
    57,
    58,
    59,
    60,
    61,
    62,
    63,
    64,
    65,
    66,
    67,
    68,
    69,
    70,
    71,
    72,
    73,
    74,
    75,
    76,
    77,
    78,
    79,
    80,
    81,
    82,
    83,
    84,
    85,
    86,
    87,
    88,
    89,
    90,
    91,
    92,
    93,
    94,
    95,
    96,
    97,
    98,
    99,
    100
  ],
  "train_loss": [
    2.515355048328638,
    2.2764836326241493,
    2.237924591638148,
    2.033195933327079,
    2.0359440884552895,
    1.9531519440934062,
    1.8263890214264393,
    1.606225268729031,
    1.7311460586264729,
    1.6056713075377047,
    1.4453763920813798,
    1.3261173794977368,
    1.5274278577417135,
    1.320853591710329,
    1.3029777166433631,
    1.45736701823771,
    1.3146948372013867,
    1.2685206908732654,
    1.0726493173278868,
    1.1814959436655044,
    1.1217994825914501,
    1.1033767480868846,
    1.0516682658344507,
    1.1085911421105266,
    1.0344154547899962,
    0.8927747113630176,
    1.073693839367479,
    0.8542294670827687,
    1.0737046665512024,
    1.1217760164290667,
    0.9206242508254945,
    0.8927728982642293,
    0.7979377754963934,
    0.8826363940723241,
    0.9929315879940986,
    1.0392249614931643,
    0.8550618882291019,
    0.9587027369067073,
    0.8914589743129909,
    0.9955301974900067,
    0.8723309930413962,
    0.9780024744570255,
    0.8627983037382364,
    0.7740787045564502,
    0.7956096912734211,
    0.7431418097577989,
    0.8119477931410074,
    1.0297905057668686,
    0.8083177246153355,
    0.8152279455214739,
    0.7091257298365236,
    0.6946194354910403,
    0.7630541879683733,
    0.7219615997746587,
    0.8515756536275149,
    0.7870205160230398,
    0.8316359303425997,
    0.7736970040481538,
    0.7424704158911481,
    0.6969395214226097,
    0.713197217322886,
    0.7754238665103912,
    0.8043343523051589,
    0.7474317062646151,
    0.7606884085107595,
    0.7312749546952546,
    0.6499934908002615,
    0.6708574147894979,
    0.8094463276211172,
    0.6668412019964307,
    0.6966319490689784,
    0.678804038837552,
    0.695568989822641,
    0.6596709246747195,
    0.7270019890740513,
    0.7042861104477197,
    0.7270945421187207,
    0.6216812365688383,
    0.7219617460854352,
    0.7659576729405672,
    0.727897430351004,
    0.6252357691992074,
    0.6268802491482347,
    0.5821385580580681,
    0.6610433316789568,
    0.6908118997234851,
    0.6539900683797896,
    0.778135759755969,
    0.6037288158666343,
    0.7498572626383975,
    0.5829312617890536,
    0.6965818400960415,
    0.6097050579148344,
    0.7126011720858514,
    0.6416254731360823,
    0.5930908039677888,
    0.5846649233717471,
    0.7051416898379103,
    0.6417566135525703,
    0.6385211594868452
  ],
  "train_acc": [
    47.24609375,
    51.025390625,
    50.83984375,
    55.41015625,
    54.912109375,
    55.029296875,
    55.751953125,
    59.970703125,
    58.017578125,
    61.19140625,
    63.203125,
    65.849609375,
    62.578125,
    65.91796875,
    67.275390625,
    63.623046875,
    64.697265625,
    67.880859375,
    71.42578125,
    67.138671875,
    68.828125,
    70.09765625,
    69.6484375,
    69.755859375,
    71.435546875,
    74.5703125,
    71.533203125,
    75.64453125,
    70.5859375,
    69.873046875,
    74.541015625,
    75.5078125,
    76.30859375,
    74.638671875,
    72.158203125,
    69.794921875,
    74.833984375,
    73.193359375,
    74.267578125,
    72.24609375,
    74.7265625,
    72.939453125,
    75.60546875,
    77.6953125,
    77.314453125,
    78.53515625,
    77.34375,
    70.869140625,
    76.728515625,
    76.640625,
    79.501953125,
    80.5078125,
    78.369140625,
    77.978515625,
    75.498046875,
    77.05078125,
    75.8984375,
    77.421875,
    77.548828125,
    79.912109375,
    78.994140625,
    77.509765625,
    76.591796875,
    77.8515625,
    77.36328125,
    79.208984375,
    81.455078125,
    79.873046875,
    76.58203125,
    80.712890625,
    79.853515625,
    80.029296875,
    78.92578125,
    80.966796875,
    78.544921875,
    79.16015625,
    78.10546875,
    81.6015625,
    78.291015625,
    78.017578125,
    78.720703125,
    82.5,
    81.201171875,
    82.8125,
    80.234375,
    80.458984375,
    80.634765625,
    77.333984375,
    81.884765625,
    77.587890625,
    82.91015625,
    79.4921875,
    82.08984375,
    78.84765625,
    80.185546875,
    82.265625,
    82.1484375,
    79.90234375,
    80.46875,
    81.240234375
  ],
  "val_loss": [
    NaN,
    NaN,
    NaN,
    NaN,
    NaN,
    NaN,
    NaN,
    NaN,
    NaN,
    5.72541789855957,
    NaN,
    NaN,
    NaN,
    NaN,
    NaN,
    NaN,
    NaN,
    NaN,
    NaN,
    3.998359298324585,
    NaN,
    NaN,
    NaN,
    NaN,
    NaN,
    NaN,
    NaN,
    NaN,
    NaN,
    3.7560826068878175,
    NaN,
    NaN,
    NaN,
    NaN,
    NaN,
    NaN,
    NaN,
    NaN,
    NaN,
    2.951831462097168,
    NaN,
    NaN,
    NaN,
    NaN,
    NaN,
    NaN,
    NaN,
    NaN,
    NaN,
    2.798576113128662,
    NaN,
    NaN,
    NaN,
    NaN,
    NaN,
    NaN,
    NaN,
    NaN,
    NaN,
    2.70943405456543,
    NaN,
    NaN,
    NaN,
    NaN,
    NaN,
    NaN,
    NaN,
    NaN,
    NaN,
    2.8836341297149657,
    NaN,
    NaN,
    NaN,
    NaN,
    NaN,
    NaN,
    NaN,
    NaN,
    NaN,
    2.417911491584778,
    NaN,
    NaN,
    NaN,
    NaN,
    NaN,
    NaN,
    NaN,
    NaN,
    NaN,
    2.4663056209564207,
    NaN,
    NaN,
    NaN,
    NaN,
    NaN,
    NaN,
    NaN,
    NaN,
    NaN,
    2.328432173156738
  ],
  "val_acc": [
    NaN,
    NaN,
    NaN,
    NaN,
    NaN,
    NaN,
    NaN,
    NaN,
    NaN,
    7.58,
    NaN,
    NaN,
    NaN,
    NaN,
    NaN,
    NaN,
    NaN,
    NaN,
    NaN,
    20.36,
    NaN,
    NaN,
    NaN,
    NaN,
    NaN,
    NaN,
    NaN,
    NaN,
    NaN,
    23.46,
    NaN,
    NaN,
    NaN,
    NaN,
    NaN,
    NaN,
    NaN,
    NaN,
    NaN,
    31.08,
    NaN,
    NaN,
    NaN,
    NaN,
    NaN,
    NaN,
    NaN,
    NaN,
    NaN,
    34.74,
    NaN,
    NaN,
    NaN,
    NaN,
    NaN,
    NaN,
    NaN,
    NaN,
    NaN,
    35.94,
    NaN,
    NaN,
    NaN,
    NaN,
    NaN,
    NaN,
    NaN,
    NaN,
    NaN,
    34.02,
    NaN,
    NaN,
    NaN,
    NaN,
    NaN,
    NaN,
    NaN,
    NaN,
    NaN,
    40.44,
    NaN,
    NaN,
    NaN,
    NaN,
    NaN,
    NaN,
    NaN,
    NaN,
    NaN,
    39.58,
    NaN,
    NaN,
    NaN,
    NaN,
    NaN,
    NaN,
    NaN,
    NaN,
    NaN,
    41.84
  ],