{
  "round": [
    1,
    2,
    3,
    4,
    5,
    6,
    7,
    8,
    9,
    10,
    11,
    12,
    13,
    14,
    15,
    16,
    17,
    18,
    19,
    20,
    21,
    22,
    23,
    24,
    25,
    26,
    27,
    28,
    29,
    30,
    31,
    32,
    33,
    34,
    35,
    36,
    37,
    38,
    39,
    40,
    41,
    42,
    43,
    44,
    45,
    46,
    47,
    48,
    49,
    50,
    51,
    52,
    53,
    54,
    55,
    56,
    57,
    58,
    59,
    60,
    61,
    62,
    63,
    64,
    65,
    66,
    67,
    68,
    69,
    70,
    71,
    72,
    73,
    74,
    75,
    76,
    77,
    78,
    79,
    80,
    81,
    82,
    83,
    84,
    85,
    86,
    87,
    88,
    89,
    90,
    91,
    92,
    93,
    94,
    95,
    96,
    97,
    98,
    99,
    100
  ],
  "train_loss": [
    2.090063595597506,
    1.4311817469462746,
    1.4266517839277886,
    1.552085710842082,
    1.3130210914908786,
    1.4116993976200731,
    1.5072275972482072,
    1.2277983430998798,
    1.558322051999841,
    1.194877139741578,
    0.9715641110955893,
    1.051226947764378,
    1.0074176764760616,
    1.0392573998095205,
    0.883122890675659,
    1.1533385924109596,
    0.9971849701022168,
    1.004441301369571,
    0.955573107239737,
    0.8279523080103347,
    1.1067581108883189,
    0.5922571585395942,
    0.8761220295041368,
    0.9543074424703546,
    0.7229503549106722,
    0.938410173095772,
    0.8201284357117368,
    1.1427449897450088,
    0.6876739412457957,
    0.6306286329238177,
    0.8659526086182113,
    0.7443876482722785,
    0.6541025762059535,
    0.8819559249867261,
    0.7750334147648525,
    0.5695345445385025,
    0.7994542152985679,
    0.8911899274560673,
    0.7761288728694374,
    0.8344368427882749,
    0.8642493493543366,
    0.8079894196763554,
    0.7373825142732593,
    0.6651698032558736,
    0.5361608557701528,
    0.5557077041032674,
    0.7391333634948465,
    0.6044809709878576,
    0.7198648708887376,
    0.8043048262150718,
    0.566106929511798,
    0.7359333789996146,
    0.5321847012707952,
    0.46649106510202804,
    0.49146837775888114,
    0.8791178969886936,
    0.5443675076725767,
    0.5793173354261937,
    0.5377166941828961,
    0.6639055400413998,
    0.5807419031935919,
    0.6384174956705314,
    0.7061281519331859,
    0.48237943577673664,
    0.4880171704854764,
    0.5758312794342911,
    0.6314260930833513,
    0.34099136848755274,
    0.8095438453611493,
    0.5808103964659918,
    0.4233959592551474,
    0.4220147151717903,
    0.49267581098829377,
    0.5540732638743082,
    0.6335270122123859,
    0.5695233754179723,
    0.47587331377458775,
    0.5810700307094647,
    0.5459187414454183,
    0.5984492915221968,
    0.45778659368942165,
    0.4174765470445183,
    0.6356739788488764,
    0.5809193946368403,
    0.6133988131218431,
    0.6157423583619743,
    0.4548267107775894,
    0.5523063071516912,
    0.45373421853305673,
    0.4481802148034741,
    0.43650529516364556,
    0.5335598294362632,
    0.48655800748537603,
    0.43146851226545146,
    0.41426433682567526,
    0.5092924227212899,
    0.3346264969309555,
    0.690479144412141,
    0.5097225108379538,
    0.4925603067569405
  ],
  "train_acc": [
    73.88671875,
    77.51953125,
    77.98828125,
    77.24609375,
    79.16015625,
    79.00390625,
    77.65625,
    79.47265625,
    77.63671875,
    80.7421875,
    81.6015625,
    80.41015625,
    81.6015625,
    80.5078125,
    83.2421875,
    80.46875,
    81.640625,
    83.359375,
    81.6796875,
    83.61328125,
    82.0703125,
    86.5234375,
    82.91015625,
    81.953125,
    84.6484375,
    82.34375,
    83.22265625,
    81.03515625,
    85.05859375,
    85.7421875,
    83.18359375,
    84.84375,
    85.5078125,
    83.10546875,
    83.90625,
    87.36328125,
    85.8203125,
    84.51171875,
    84.453125,
    83.828125,
    84.5703125,
    84.3359375,
    83.96484375,
    85.21484375,
    87.890625,
    87.421875,
    85.390625,
    86.69921875,
    85.234375,
    83.65234375,
    86.73828125,
    86.5625,
    87.98828125,
    89.23828125,
    88.203125,
    82.734375,
    87.36328125,
    86.46484375,
    87.79296875,
    85.09765625,
    86.73828125,
    87.03125,
    84.82421875,
    88.828125,
    88.45703125,
    86.73828125,
    86.30859375,
    90.9375,
    83.7109375,
    86.8359375,
    89.84375,
    89.3359375,
    88.359375,
    86.40625,
    85.99609375,
    87.44140625,
    87.96875,
    87.08984375,
    87.36328125,
    86.484375,
    88.84765625,
    90.13671875,
    86.5625,
    87.59765625,
    86.484375,
    86.34765625,
    89.23828125,
    86.73828125,
    88.69140625,
    88.7109375,
    89.21875,
    87.578125,
    87.59765625,
    89.140625,
    90.2734375,
    87.98828125,
    91.07421875,
    85.33203125,
    88.49609375,
    88.0078125
  ],
  "val_loss": [
    NaN,
    NaN,
    NaN,
    NaN,
    NaN,
    NaN,
    NaN,
    NaN,
    NaN,
    7.239664862060547,
    NaN,
    NaN,
    NaN,
    NaN,
    NaN,
    NaN,
    NaN,
    NaN,
    NaN,
    7.258421353149414,
    NaN,
    NaN,
    NaN,
    NaN,
    NaN,
    NaN,
    NaN,
    NaN,
    NaN,
    7.379785832214355,
    NaN,
    NaN,
    NaN,
    NaN,
    NaN,
    NaN,
    NaN,
    NaN,
    NaN,
    6.603687710571289,
    NaN,
    NaN,
    NaN,
    NaN,
    NaN,
    NaN,
    NaN,
    NaN,
    NaN,
    6.5366931167602536,
    NaN,
    NaN,
    NaN,
    NaN,
    NaN,
    NaN,
    NaN,
    NaN,
    NaN,
    7.21765177154541,
    NaN,
    NaN,
    NaN,
    NaN,
    NaN,
    NaN,
    NaN,
    NaN,
    NaN,
    6.179652781677246,
    NaN,
    NaN,
    NaN,
    NaN,
    NaN,
    NaN,
    NaN,
    NaN,
    NaN,
    6.1072821655273435,
    NaN,
    NaN,
    NaN,
    NaN,
    NaN,
    NaN,
    NaN,
    NaN,
    NaN,
    6.247413694763184,
    NaN,
    NaN,
    NaN,
    NaN,
    NaN,
    NaN,
    NaN,
    NaN,
    NaN,
    6.450942558288574
  ],
  "val_acc": [
    NaN,
    NaN,
    NaN,
    NaN,
    NaN,
    NaN,
    NaN,
    NaN,
    NaN,
    3.9,
    NaN,
    NaN,
    NaN,
    NaN,
    NaN,
    NaN,
    NaN,
    NaN,
    NaN,
    5.14,
    NaN,
    NaN,
    NaN,
    NaN,
    NaN,
    NaN,
    NaN,
    NaN,
    NaN,
    7.86,
    NaN,
    NaN,
    NaN,
    NaN,
    NaN,
    NaN,
    NaN,
    NaN,
    NaN,
    11.02,
    NaN,
    NaN,
    NaN,
    NaN,
    NaN,
    NaN,
    NaN,
    NaN,
    NaN,
    12.26,
    NaN,
    NaN,
    NaN,
    NaN,
    NaN,
    NaN,
    NaN,
    NaN,
    NaN,
    9.42,
    NaN,
    NaN,
    NaN,
    NaN,
    NaN,
    NaN,
    NaN,
    NaN,
    NaN,
    17.08,
    NaN,
    NaN,
    NaN,
    NaN,
    NaN,
    NaN,
    NaN,
    NaN,
    NaN,
    19.18,
    NaN,
    NaN,
    NaN,
    NaN,
    NaN,
    NaN,
    NaN,
    NaN,
    NaN,
    19.68,
    NaN,
    NaN,
    NaN,
    NaN,
    NaN,
    NaN,
    NaN,
    NaN,
    NaN,
    18.3
  ],
  "test_loss": [
    NaN,
    NaN,
    NaN,
    NaN,
    NaN,
    NaN,
    NaN,
    NaN,
    NaN,
    7.020733750915527,
    NaN,
    NaN,
    NaN,
    NaN,
    NaN,
    NaN,
    NaN,
    NaN,
    NaN,
    7.101300769042969,
    NaN,
    NaN,
    NaN,
    NaN,
    NaN,
    NaN,
    NaN,
    NaN,
    NaN,
    7.040477716064453,
    NaN,
    NaN,
    NaN,
    NaN,
    NaN,
    NaN,
    NaN,
    NaN,
    NaN,
    6.380511741638184,
    NaN,
    NaN,
    NaN,
    NaN,
    NaN,
    NaN,
    NaN,
    NaN,
    NaN,
    6.308920180511475,
    NaN,
    NaN,
    NaN,
    NaN,
    NaN,
    NaN,
    NaN,
    NaN,
    NaN,
    6.822568949127198,
    NaN,
    NaN,
    NaN,
    NaN,
    NaN,
    NaN,
    NaN,
    NaN,
    NaN,
    6.021481320190429,
    NaN,
    NaN,
    NaN,
    NaN,
    NaN,
    NaN,
    NaN,
    NaN,
    NaN,
    5.915464205169678,
    NaN,
    NaN,
    NaN,
    NaN,
    NaN,
    NaN,
    NaN,
    NaN,
    NaN,
    6.115141236877442,
    NaN,
    NaN,
    NaN,
    NaN,
    NaN,
    NaN,
    NaN,
    NaN,
    NaN,
    6.156285428619385
  ],