{
  "round": [
    1,
    2,
    3,
    4,
    5,
    6,
    7,
    8,
    9,
    10,
    11,
    12,
    13,
    14,
    15,
    16,
    17,
    18,
    19,
    20,
    21,
    22,
    23,
    24,
    25,
    26,
    27,
    28,
    29,
    30,
    31,
    32,
    33,
    34,
    35,
    36,
    37,
    38,
    39,
    40,
    41,
    42,
    43,
    44,
    45,
    46,
    47,
    48,
    49,
    50,
    51,
    52,
    53,
    54,
    55,
    56,
    57,
    58,
    59,
    60,
    61,
    62,
    63,
    64,
    65,
    66,
    67,
    68,
    69,
    70,
    71,
    72,
    73,
    74,
    75,
    76,
    77,
    78,
    79,
    80,
    81,
    82,
    83,
    84,
    85,
    86,
    87,
    88,
    89,
    90,
    91,
    92,
    93,
    94,
    95,
    96,
    97,
    98,
    99,
    100
  ],
  "train_loss": [
    2.665062048989421,
    3.4028729465244396,
    3.027189755987456,
    2.487753759100451,
    2.261706882221188,
    2.615818601342107,
    2.1946815408140536,
    2.7470454348972453,
    2.3071626310680586,
    2.1667327437635095,
    1.891615854271913,
    1.8573416067119979,
    1.9840021814296052,
    2.0963617834646358,
    1.6642374499714379,
    2.1217890073350647,
    1.859309229768769,
    1.8805583373425179,
    1.7921588653356593,
    1.8424227048893045,
    2.0762277485795493,
    1.3405448460318439,
    1.8816687518086836,
    1.7897241275837588,
    1.415976300688999,
    1.8405122865155135,
    1.636550404990885,
    1.7685507086855068,
    1.5162646137505362,
    1.3922073453455597,
    1.6841696721225161,
    1.4407100464360156,
    1.397233438627336,
    1.7880601284943622,
    1.7558717601961689,
    1.0778831059591538,
    1.7326176305376066,
    1.5454721539143066,
    1.7884491257289483,
    1.3772949001649977,
    1.4046270460396044,
    1.821808349231287,
    1.5829830338749162,
    1.3874209323760625,
    1.1798641753252013,
    1.279986041754455,
    1.396984108503966,
    1.3220496848760832,
    1.4094942031020765,
    1.490210448759899,
    1.2529566648991022,
    1.285776594521303,
    1.267513423296623,
    1.162834709876006,
    1.0288296735458062,
    1.8208157182947615,
    1.2205501123331488,
    1.2191964410289073,
    1.1732347170102002,
    1.4352393282635603,
    1.1066321934122243,
    1.0704576949261537,
    1.314369244043337,
    1.025100160614238,
    1.028329670590756,
    1.3366201261807873,
    1.2583734247575193,
    0.8334452216993669,
    1.6685867573643918,
    1.156370254880676,
    0.9949597727518267,
    0.9714233778126072,
    0.9906088298486793,
    1.2992579378300433,
    1.2755552848619118,
    1.2045898087133537,
    1.097472273664971,
    1.2279968002228998,
    1.064042800002062,
    1.2020401048743223,
    1.0347430568290292,
    0.9571310926869045,
    1.246553361156839,
    1.212223744465882,
    1.0867926822284062,
    1.3425861835792603,
    0.9988012259775132,
    1.2135472155370735,
    0.9733206318604062,
    0.9119993047468598,
    0.9383593025988375,
    1.0852481877453102,
    1.0372233576968939,
    0.9244935387454462,
    1.0208735449035884,
    1.0813609743010602,
    0.7255472452437971,
    1.289076675317483,
    0.9968997076139203,
    1.1462660912486171
  ],
  "train_acc": [
    57.0703125,
    52.109375,
    54.8828125,
    57.96875,
    60.625,
    57.96875,
    60.390625,
    56.171875,
    60.546875,
    62.1484375,
    64.6484375,
    63.6328125,
    65.3515625,
    61.40625,
    67.8125,
    60.6640625,
    65.5859375,
    65.703125,
    65.3125,
    64.6484375,
    63.3984375,
    70.9765625,
    64.8828125,
    64.6484375,
    69.921875,
    64.1796875,
    66.4453125,
    65.15625,
    68.828125,
    70.0390625,
    67.03125,
    69.7265625,
    70.7421875,
    66.40625,
    65.9765625,
    74.296875,
    69.609375,
    68.59375,
    65.390625,
    69.9609375,
    70.15625,
    64.6875,
    67.421875,
    70.4296875,
    73.515625,
    72.34375,
    70.8203125,
    71.640625,
    70.1171875,
    68.5546875,
    73.359375,
    72.9296875,
    73.0078125,
    73.9453125,
    76.171875,
    65.0,
    72.9296875,
    72.265625,
    74.9609375,
    69.765625,
    74.8828125,
    75.0,
    69.4921875,
    75.8984375,
    76.640625,
    70.546875,
    72.421875,
    78.28125,
    66.640625,
    74.3359375,
    76.875,
    77.0703125,
    76.40625,
    70.9765625,
    71.2890625,
    74.3359375,
    74.4140625,
    72.03125,
    74.140625,
    72.4609375,
    75.625,
    77.65625,
    73.2421875,
    74.84375,
    74.8046875,
    70.703125,
    77.3828125,
    71.8359375,
    77.6171875,
    77.8515625,
    76.9140625,
    73.5546875,
    75.78125,
    78.4375,
    76.9140625,
    75.546875,
    81.1328125,
    71.7578125,
    75.9765625,
    74.375
  ],
  "val_loss": [
    NaN,
    NaN,
    NaN,
    NaN,
    NaN,
    NaN,
    NaN,
    NaN,
    NaN,
    6.901677545166016,
    NaN,
    NaN,
    NaN,
    NaN,
    NaN,
    NaN,
    NaN,
    NaN,
    NaN,
    6.795574096679688,
    NaN,
    NaN,
    NaN,
    NaN,
    NaN,
    NaN,
    NaN,
    NaN,
    NaN,
    6.809376924133301,
    NaN,
    NaN,
    NaN,
    NaN,
    NaN,
    NaN,
    NaN,
    NaN,
    NaN,
    6.384415509033203,
    NaN,
    NaN,
    NaN,
    NaN,
    NaN,
    NaN,
    NaN,
    NaN,
    NaN,
    6.237339630126953,
    NaN,
    NaN,
    NaN,
    NaN,
    NaN,
    NaN,
    NaN,
    NaN,
    NaN,
    6.327225888061523,
    NaN,
    NaN,
    NaN,
    NaN,
    NaN,
    NaN,
    NaN,
    NaN,
    NaN,
    5.988007440185547,
    NaN,
    NaN,
    NaN,
    NaN,
    NaN,
    NaN,
    NaN,
    NaN,
    NaN,
    5.93907272644043,
    NaN,
    NaN,
    NaN,
    NaN,
    NaN,
    NaN,
    NaN,
    NaN,
    NaN,
    6.033673042297363,
    NaN,
    NaN,
    NaN,
    NaN,
    NaN,
    NaN,
    NaN,
    NaN,
    NaN,
    6.012479092407227
  ],
  "val_acc": [
    NaN,
    NaN,
    NaN,
    NaN,
    NaN,
    NaN,
    NaN,
    NaN,
    NaN,
    3.56,
    NaN,
    NaN,
    NaN,
    NaN,
    NaN,
    NaN,
    NaN,
    NaN,
    NaN,
    4.84,
    NaN,
    NaN,
    NaN,
    NaN,
    NaN,
    NaN,
    NaN,
    NaN,
    NaN,
    6.02,
    NaN,
    NaN,
    NaN,
    NaN,
    NaN,
    NaN,
    NaN,
    NaN,
    NaN,
    8.02,
    NaN,
    NaN,
    NaN,
    NaN,
    NaN,
    NaN,
    NaN,
    NaN,
    NaN,
    9.14,
    NaN,
    NaN,
    NaN,
    NaN,
    NaN,
    NaN,
    NaN,
    NaN,
    NaN,
    9.7,
    NaN,
    NaN,
    NaN,
    NaN,
    NaN,
    NaN,
    NaN,
    NaN,
    NaN,
    13.52,
    NaN,
    NaN,
    NaN,
    NaN,
    NaN,
    NaN,
    NaN,
    NaN,
    NaN,
    15.32,
    NaN,
    NaN,
    NaN,
    NaN,
    NaN,
    NaN,
    NaN,
    NaN,
    NaN,
    15.58,
    NaN,
    NaN,
    NaN,
    NaN,
    NaN,
    NaN,
    NaN,
    NaN,
    NaN,
    15.74
  ],
  "test_loss": [
    NaN,
    NaN,
    NaN,
    NaN,
    NaN,
    NaN,
    NaN,
    NaN,
    NaN,
    6.765526075744629,
    NaN,
    NaN,
    NaN,
    NaN,
    NaN,
    NaN,
    NaN,
    NaN,
    NaN,
    6.543875099945068,
    NaN,
    NaN,
    NaN,
    NaN,
    NaN,
    NaN,
    NaN,
    NaN,
    NaN,
    6.466607646179199,
    NaN,
    NaN,
    NaN,
    NaN,
    NaN,
    NaN,
    NaN,
    NaN,
    NaN,
    6.120598686218262,
    NaN,
    NaN,
    NaN,
    NaN,
    NaN,
    NaN,
    NaN,
    NaN,
    NaN,
    6.054988947296143,
    NaN,
    NaN,
    NaN,
    NaN,
    NaN,
    NaN,
    NaN,
    NaN,
    NaN,
    6.141635508728028,
    NaN,
    NaN,
    NaN,
    NaN,
    NaN,
    NaN,
    NaN,
    NaN,
    NaN,
    5.785318611907959,
    NaN,
    NaN,
    NaN,
    NaN,
    NaN,
    NaN,
    NaN,
    NaN,
    NaN,
    5.621398838806153,
    NaN,
    NaN,
    NaN,
    NaN,
    NaN,
    NaN,
    NaN,
    NaN,
    NaN,
    5.840710697937012,
    NaN,
    NaN,
    NaN,
    NaN,
    NaN,
    NaN,
    NaN,
    NaN,
    NaN,
    5.734890447998047
  ],