{
  "round": [
    1,
    2,
    3,
    4,
    5,
    6,
    7,
    8,
    9,
    10,
    11,
    12,
    13,
    14,
    15,
    16,
    17,
    18,
    19,
    20,
    21,
    22,
    23,
    24,
    25,
    26,
    27,
    28,
    29,
    30,
    31,
    32,
    33,
    34,
    35,
    36,
    37,
    38,
    39,
    40,
    41,
    42,
    43,
    44,
    45,
    46,
    47,
    48,
    49,
    50,
    51,
    52,
    53,
    54,
    55,
    56,
    57,
    58,
    59,
    60,
    61,
    62,
    63,
    64,
    65,
    66,
    67,
    68,
    69,
    70,
    71,
    72,
    73,
    74,
    75,
    76,
    77,
    78,
    79,
    80,
    81,
    82,
    83,
    84,
    85,
    86,
    87,
    88,
    89,
    90,
    91,
    92,
    93,
    94,
    95,
    96,
    97,
    98,
    99,
    100
  ],
  "train_loss": [
    6.329094576835632,
    5.992876082658768,
    5.555324620008468,
    5.300397658348084,
    5.304692983627319,
    5.050186169147492,
    4.908863574266434,
    4.855666786432266,
    4.814003360271454,
    4.639069777727127,
    4.660804808139801,
    4.3603286921977995,
    4.3045829117298124,
    4.288459423184395,
    4.30551737844944,
    4.203195157647133,
    4.142111960053444,
    4.4019302248954775,
    4.031546819210052,
    4.0129277288913725,
    3.9479489594697954,
    3.8464229673147203,
    3.8745881766080856,
    4.160770398378372,
    3.867422279715538,
    3.6427669942379,
    3.8502119719982146,
    3.4971771091222763,
    3.4844019949436187,
    3.6542358845472336,
    3.398942658305168,
    3.4266322761774064,
    3.206828463077545,
    3.2559451550245284,
    3.6163497269153595,
    3.399744454026222,
    3.288966128230095,
    3.3929458618164063,
    3.3032933861017226,
    3.4112283438444138,
    3.308674529194832,
    3.400046172738075,
    3.0939620405435564,
    3.0087193340063094,
    2.926221987605095,
    2.9296261608600616,
    3.025469094514847,
    3.36998108625412,
    2.9072580456733705,
    2.9356657415628433,
    2.7396863594651224,
    2.7371859937906264,
    3.000784084200859,
    2.7643595159053804,
    3.000281199812889,
    2.9020097106695175,
    2.875167590379715,
    2.910854896903038,
    2.693363666534424,
    2.5398652821779253,
    2.604326832294464,
    2.6618649542331694,
    2.735975793004036,
    2.74141925573349,
    2.696623106300831,
    2.7277624368667603,
    2.484395843744278,
    2.4032532170414926,
    2.800632190704346,
    2.5598080664873124,
    2.377147863805294,
    2.3640597984194756,
    2.503614068031311,
    2.3830562591552735,
    2.616557627916336,
    2.4972272396087645,
    2.6935297012329102,
    2.4014306232333182,
    2.5901293754577637,
    2.6936865195631983,
    2.536370947957039,
    2.3246597051620483,
    2.2733958452939986,
    2.297515243291855,
    2.3008132487535478,
    2.3509563580155373,
    2.3028462886810304,
    2.575880242884159,
    2.109142929315567,
    2.492892046272755,
    2.1335620060563087,
    2.4137927547097204,
    2.340246094763279,
    2.4725857943296434,
    2.2963099241256715,
    2.152727875113487,
    2.235728530585766,
    2.5043656915426253,
    2.1394326075911523,
    2.242050501704216
  ],
  "train_acc": [
    7.2265625,
    7.6171875,
    8.8671875,
    9.4921875,
    9.3359375,
    11.1328125,
    9.921875,
    10.625,
    11.1328125,
    13.125,
    12.1484375,
    14.7265625,
    15.703125,
    16.328125,
    15.46875,
    16.25,
    16.9140625,
    17.65625,
    18.7890625,
    20.0,
    19.4921875,
    19.7265625,
    19.8828125,
    17.4609375,
    20.2734375,
    22.9296875,
    20.9765625,
    24.9609375,
    22.9296875,
    22.9296875,
    26.484375,
    26.4453125,
    28.3984375,
    27.4609375,
    23.046875,
    25.6640625,
    27.1484375,
    26.015625,
    25.9375,
    26.875,
    26.71875,
    25.9765625,
    30.5859375,
    30.625,
    33.3984375,
    33.28125,
    32.109375,
    26.953125,
    34.4921875,
    34.0234375,
    35.8984375,
    37.3046875,
    32.3046875,
    35.8203125,
    33.7890625,
    33.7109375,
    35.1953125,
    33.3984375,
    36.640625,
    39.8828125,
    37.9296875,
    37.7734375,
    37.109375,
    36.3671875,
    36.8359375,
    37.1484375,
    41.953125,
    42.3046875,
    35.9765625,
    40.234375,
    43.2421875,
    43.28125,
    40.6640625,
    42.6171875,
    39.453125,
    41.015625,
    37.3828125,
    43.984375,
    38.828125,
    38.8671875,
    40.5078125,
    44.53125,
    45.0390625,
    43.671875,
    44.2578125,
    43.4375,
    44.140625,
    39.3359375,
    46.9140625,
    41.640625,
    48.046875,
    43.359375,
    44.3359375,
    42.1875,
    44.1015625,
    48.0078125,
    46.5234375,
    40.1171875,
    46.7578125,
    45.6640625
  ],
  "val_loss": [
    NaN,
    NaN,
    NaN,
    NaN,
    NaN,
    NaN,
    NaN,
    NaN,
    NaN,
    6.066700914764405,
    NaN,
    NaN,
    NaN,
    NaN,
    NaN,
    NaN,
    NaN,
    NaN,
    NaN,
    5.451886096191406,
    NaN,
    NaN,
    NaN,
    NaN,
    NaN,
    NaN,
    NaN,
    NaN,
    NaN,
    4.99258628692627,
    NaN,
    NaN,
    NaN,
    NaN,
    NaN,
    NaN,
    NaN,
    NaN,
    NaN,
    4.573434883117676,
    NaN,
    NaN,
    NaN,
    NaN,
    NaN,
    NaN,
    NaN,
    NaN,
    NaN,
    4.285048607254028,
    NaN,
    NaN,
    NaN,
    NaN,
    NaN,
    NaN,
    NaN,
    NaN,
    NaN,
    4.0043194934844974,
    NaN,
    NaN,
    NaN,
    NaN,
    NaN,
    NaN,
    NaN,
    NaN,
    NaN,
    3.8145170196533202,
    NaN,
    NaN,
    NaN,
    NaN,
    NaN,
    NaN,
    NaN,
    NaN,
    NaN,
    3.6007860092163084,
    NaN,
    NaN,
    NaN,
    NaN,
    NaN,
    NaN,
    NaN,
    NaN,
    NaN,
    3.487902905845642,
    NaN,
    NaN,
    NaN,
    NaN,
    NaN,
    NaN,
    NaN,
    NaN,
    NaN,
    3.327953094863892
  ],
  "val_acc": [
    NaN,
    NaN,
    NaN,
    NaN,
    NaN,
    NaN,
    NaN,
    NaN,
    NaN,
    2.44,
    NaN,
    NaN,
    NaN,
    NaN,
    NaN,
    NaN,
    NaN,
    NaN,
    NaN,
    4.9,
    NaN,
    NaN,
    NaN,
    NaN,
    NaN,
    NaN,
    NaN,
    NaN,
    NaN,
    7.52,
    NaN,
    NaN,
    NaN,
    NaN,
    NaN,
    NaN,
    NaN,
    NaN,
    NaN,
    10.72,
    NaN,
    NaN,
    NaN,
    NaN,
    NaN,
    NaN,
    NaN,
    NaN,
    NaN,
    13.18,
    NaN,
    NaN,
    NaN,
    NaN,
    NaN,
    NaN,
    NaN,
    NaN,
    NaN,
    16.86,
    NaN,
    NaN,
    NaN,
    NaN,
    NaN,
    NaN,
    NaN,
    NaN,
    NaN,
    19.86,
    NaN,
    NaN,
    NaN,
    NaN,
    NaN,
    NaN,
    NaN,
    NaN,
    NaN,
    21.24,
    NaN,
    NaN,
    NaN,
    NaN,
    NaN,
    NaN,
    NaN,
    NaN,
    NaN,
    23.78,
    NaN,
    NaN,
    NaN,
    NaN,
    NaN,
    NaN,
    NaN,
    NaN,
    NaN,
    25.76
  ],
  "test_loss": [
    NaN,
    NaN,
    NaN,
    NaN,
    NaN,
    NaN,
    NaN,
    NaN,
    NaN,
    6.125962356567383,
    NaN,
    NaN,
    NaN,
    NaN,
    NaN,
    NaN,
    NaN,
    NaN,
    NaN,
    5.409251544189453,
    NaN,
    NaN,
    NaN,
    NaN,
    NaN,
    NaN,
    NaN,
    NaN,
    NaN,
    4.92140193939209,
    NaN,
    NaN,
    NaN,
    NaN,
    NaN,
    NaN,
    NaN,
    NaN,
    NaN,
    4.429580487060547,
    NaN,
    NaN,
    NaN,
    NaN,
    NaN,
    NaN,
    NaN,
    NaN,
    NaN,
    4.055932613372803,
    NaN,
    NaN,
    NaN,
    NaN,
    NaN,
    NaN,
    NaN,
    NaN,
    NaN,
    3.853306536102295,
    NaN,
    NaN,
    NaN,
    NaN,
    NaN,
    NaN,
    NaN,
    NaN,
    NaN,
    3.668984516143799,
    NaN,
    NaN,
    NaN,
    NaN,
    NaN,
    NaN,
    NaN,
    NaN,
    NaN,
    3.3494020515441894,
    NaN,
    NaN,
    NaN,
    NaN,
    NaN,
    NaN,
    NaN,
    NaN,
    NaN,
    3.2299888427734373,
    NaN,
    NaN,
    NaN,
    NaN,
    NaN,
    NaN,
    NaN,
    NaN,
    NaN,
    3.0998778331756593
  ],