{
  "round": [
    1,
    2,
    3,
    4,
    5,
    6,
    7,
    8,
    9,
    10,
    11,
    12,
    13,
    14,
    15,
    16,
    17,
    18,
    19,
    20,
    21,
    22,
    23,
    24,
    25,
    26,
    27,
    28,
    29,
    30,
    31,
    32,
    33,
    34,
    35,
    36,
    37,
    38,
    39,
    40,
    41,
    42,
    43,
    44,
    45,
    46,
    47,
    48,
    49,
    50
  ],
  "train_acc": [
    66.5625,
    69.6875,
    71.40625,
    71.328125,
    71.40625,
    71.71875,
    74.53125,
    73.28125,
    72.109375,
    71.953125,
    75.9375,
    75.3125,
    71.5625,
    72.734375,
    75.859375,
    75.625,
    75.46875,
    76.796875,
    75.0,
    76.796875,
    74.375,
    75.0,
    77.1875,
    73.515625,
    76.953125,
    74.765625,
    77.109375,
    73.359375,
    75.9375,
    76.09375,
    75.3125,
    77.03125,
    76.25,
    77.109375,
    76.09375,
    76.171875,
    77.265625,
    75.703125,
    77.8125,
    77.34375,
    76.09375,
    78.125,
    78.046875,
    76.171875,
    76.09375,
    78.4375,
    80.15625,
    76.40625,
    76.5625,
    77.65625
  ],
  "val_acc": [
    null,
    null,
    null,
    null,
    71.94,
    null,
    null,
    null,
    null,
    72.46,
    null,
    null,
    null,
    null,
    74.3,
    null,
    null,
    null,
    null,
    74.1,
    null,
    null,
    null,
    null,
    73.92,
    null,
    null,
    null,
    null,
    75.42,
    null,
    null,
    null,
    null,
    75.08,
    null,
    null,
    null,
    null,
    75.56,
    null,
    null,
    null,
    null,
    76.44,
    null,
    null,
    null,
    null,
    75.84
  ],
  "test_acc": [
    null,
    null,
    null,
    null,
    77.23,
    null,
    null,
    null,
    null,
    78.03,
    null,
    null,
    null,
    null,
    78.37,
    null,
    null,
    null,
    null,
    78.93,
    null,
    null,
    null,
    null,
    79.14,
    null,
    null,
    null,
    null,
    79.71,
    null,
    null,
    null,
    null,
    79.61,
    null,
    null,
    null,
    null,
    79.92,
    null,
    null,
    null,
    null,
    80.1,
    null,
    null,
    null,
    null,
    79.94
  ]
}