{
  "round": [
    1,
    2,
    3,
    4,
    5,
    6,
    7,
    8,
    9,
    10,
    11,
    12,
    13,
    14,
    15,
    16,
    17,
    18,
    19,
    20,
    21,
    22,
    23,
    24,
    25,
    26,
    27,
    28,
    29,
    30,
    31,
    32,
    33,
    34,
    35,
    36,
    37,
    38,
    39,
    40,
    41,
    42,
    43,
    44,
    45,
    46,
    47,
    48,
    49,
    50
  ],
  "train_acc": [
    66.71875,
    67.8125,
    68.671875,
    68.75,
    68.046875,
    69.296875,
    70.234375,
    68.59375,
    72.421875,
    68.828125,
    71.875,
    70.625,
    73.125,
    70.703125,
    69.84375,
    73.28125,
    70.234375,
    73.28125,
    70.078125,
    70.78125,
    71.875,
    71.875,
    70.46875,
    72.65625,
    70.9375,
    70.15625,
    72.109375,
    70.15625,
    72.578125,
    73.28125,
    74.921875,
    72.578125,
    72.734375,
    69.765625,
    73.671875,
    69.53125,
    72.1875,
    73.515625,
    72.890625,
    71.796875,
    74.0625,
    74.296875,
    74.765625,
    72.96875,
    73.125,
    74.453125,
    72.1875,
    72.578125,
    72.34375,
    73.984375
  ],
  "val_acc": [
    null,
    null,
    null,
    null,
    68.78,
    null,
    null,
    null,
    null,
    69.14,
    null,
    null,
    null,
    null,
    70.38,
    null,
    null,
    null,
    null,
    70.3,
    null,
    null,
    null,
    null,
    71.46,
    null,
    null,
    null,
    null,
    72.6,
    null,
    null,
    null,
    null,
    72.14,
    null,
    null,
    null,
    null,
    72.58,
    null,
    null,
    null,
    null,
    73.14,
    null,
    null,
    null,
    null,
    72.36
  ],
  "test_acc": [
    null,
    null,
    null,
    null,
    74.63,
    null,
    null,
    null,
    null,
    75.19,
    null,
    null,
    null,
    null,
    75.9,
    null,
    null,
    null,
    null,
    76.27,
    null,
    null,
    null,
    null,
    76.77,
    null,
    null,
    null,
    null,
    76.95,
    null,
    null,
    null,
    null,
    77.21,
    null,
    null,
    null,
    null,
    77.28,
    null,
    null,
    null,
    null,
    77.5,
    null,
    null,
    null,
    null,
    77.91
  ]
}