{
  "round": [
    1,
    2,
    3,
    4,
    5,
    6,
    7,
    8,
    9,
    10,
    11,
    12,
    13,
    14,
    15,
    16,
    17,
    18,
    19,
    20,
    21,
    22,
    23,
    24,
    25,
    26,
    27,
    28,
    29,
    30,
    31,
    32,
    33,
    34,
    35,
    36,
    37,
    38,
    39,
    40,
    41,
    42,
    43,
    44,
    45,
    46,
    47,
    48,
    49,
    50
  ],
  "train_acc": [
    65.0,
    65.3125,
    67.8125,
    67.1875,
    68.671875,
    71.40625,
    67.5,
    68.28125,
    68.671875,
    71.09375,
    71.25,
    69.609375,
    72.34375,
    70.0,
    70.078125,
    71.71875,
    71.5625,
    70.703125,
    72.65625,
    71.796875,
    70.78125,
    73.671875,
    73.359375,
    72.34375,
    71.09375,
    71.09375,
    73.984375,
    71.40625,
    72.109375,
    71.25,
    71.71875,
    73.515625,
    72.421875,
    70.234375,
    75.15625,
    71.484375,
    72.109375,
    74.6875,
    75.15625,
    73.828125,
    74.6875,
    73.59375,
    72.734375,
    73.90625,
    75.234375,
    73.671875,
    74.453125,
    72.5,
    73.828125,
    73.828125
  ],
  "val_acc": [
    null,
    null,
    null,
    null,
    68.84,
    null,
    null,
    null,
    null,
    69.32,
    null,
    null,
    null,
    null,
    70.54,
    null,
    null,
    null,
    null,
    70.72,
    null,
    null,
    null,
    null,
    71.52,
    null,
    null,
    null,
    null,
    72.64,
    null,
    null,
    null,
    null,
    72.48,
    null,
    null,
    null,
    null,
    72.56,
    null,
    null,
    null,
    null,
    73.04,
    null,
    null,
    null,
    null,
    72.18
  ],
  "test_acc": [
    null,
    null,
    null,
    null,
    74.76,
    null,
    null,
    null,
    null,
    75.54,
    null,
    null,
    null,
    null,
    76.08,
    null,
    null,
    null,
    null,
    76.38,
    null,
    null,
    null,
    null,
    76.64,
    null,
    null,
    null,
    null,
    76.94,
    null,
    null,
    null,
    null,
    77.27,
    null,
    null,
    null,
    null,
    77.54,
    null,
    null,
    null,
    null,
    77.62,
    null,
    null,
    null,
    null,
    77.87
  ]
}