{
  "round": [
    1,
    2,
    3,
    4,
    5,
    6,
    7,
    8,
    9,
    10,
    11,
    12,
    13,
    14,
    15,
    16,
    17,
    18,
    19,
    20,
    21,
    22,
    23,
    24,
    25,
    26,
    27,
    28,
    29,
    30,
    31,
    32,
    33,
    34,
    35,
    36,
    37,
    38,
    39,
    40,
    41,
    42,
    43,
    44,
    45,
    46,
    47,
    48,
    49,
    50
  ],
  "train_acc": [
    66.09375,
    65.9375,
    68.28125,
    68.828125,
    68.59375,
    70.0,
    68.828125,
    67.03125,
    68.671875,
    70.859375,
    69.609375,
    69.609375,
    73.90625,
    70.390625,
    70.078125,
    70.46875,
    71.640625,
    70.78125,
    70.546875,
    70.625,
    73.046875,
    71.25,
    72.03125,
    72.578125,
    72.8125,
    73.671875,
    75.234375,
    70.859375,
    73.59375,
    72.578125,
    72.96875,
    75.078125,
    71.015625,
    74.140625,
    72.578125,
    72.8125,
    75.78125,
    76.09375,
    72.5,
    73.515625,
    74.6875,
    73.515625,
    75.546875,
    74.140625,
    72.8125,
    74.21875,
    75.46875,
    72.265625,
    73.59375,
    73.90625
  ],
  "val_acc": [
    null,
    null,
    null,
    null,
    68.84,
    null,
    null,
    null,
    null,
    69.14,
    null,
    null,
    null,
    null,
    70.4,
    null,
    null,
    null,
    null,
    70.62,
    null,
    null,
    null,
    null,
    71.54,
    null,
    null,
    null,
    null,
    72.76,
    null,
    null,
    null,
    null,
    72.58,
    null,
    null,
    null,
    null,
    72.62,
    null,
    null,
    null,
    null,
    73.1,
    null,
    null,
    null,
    null,
    72.52
  ],
  "test_acc": [
    null,
    null,
    null,
    null,
    74.78,
    null,
    null,
    null,
    null,
    75.63,
    null,
    null,
    null,
    null,
    76.14,
    null,
    null,
    null,
    null,
    76.5,
    null,
    null,
    null,
    null,
    76.88,
    null,
    null,
    null,
    null,
    77.04,
    null,
    null,
    null,
    null,
    77.28,
    null,
    null,
    null,
    null,
    77.48,
    null,
    null,
    null,
    null,
    77.82,
    null,
    null,
    null,
    null,
    77.92
  ]
}