{
  "round": [
    1,
    2,
    3,
    4,
    5,
    6,
    7,
    8,
    9,
    10,
    11,
    12,
    13,
    14,
    15,
    16,
    17,
    18,
    19,
    20,
    21,
    22,
    23,
    24,
    25,
    26,
    27,
    28,
    29,
    30,
    31,
    32,
    33,
    34,
    35,
    36,
    37,
    38,
    39,
    40,
    41,
    42,
    43,
    44,
    45,
    46,
    47,
    48,
    49,
    50
  ],
  "train_acc": [
    65.46875,
    66.953125,
    68.359375,
    65.859375,
    67.890625,
    69.21875,
    70.9375,
    70.15625,
    71.25,
    68.90625,
    70.46875,
    71.953125,
    70.9375,
    69.453125,
    72.03125,
    71.25,
    70.546875,
    72.265625,
    71.09375,
    70.625,
    72.5,
    70.859375,
    72.109375,
    71.25,
    71.640625,
    71.640625,
    73.28125,
    72.34375,
    72.890625,
    73.28125,
    72.34375,
    70.78125,
    73.28125,
    72.734375,
    71.640625,
    70.703125,
    72.5,
    73.90625,
    74.0625,
    74.0625,
    73.125,
    74.21875,
    73.671875,
    74.6875,
    74.0625,
    75.15625,
    73.90625,
    75.3125,
    73.125,
    73.75
  ],
  "val_acc": [
    null,
    null,
    null,
    null,
    68.84,
    null,
    null,
    null,
    null,
    69.2,
    null,
    null,
    null,
    null,
    70.36,
    null,
    null,
    null,
    null,
    70.7,
    null,
    null,
    null,
    null,
    71.44,
    null,
    null,
    null,
    null,
    72.58,
    null,
    null,
    null,
    null,
    72.74,
    null,
    null,
    null,
    null,
    72.66,
    null,
    null,
    null,
    null,
    73.14,
    null,
    null,
    null,
    null,
    72.52
  ],
  "test_acc": [
    null,
    null,
    null,
    null,
    74.72,
    null,
    null,
    null,
    null,
    75.51,
    null,
    null,
    null,
    null,
    76.03,
    null,
    null,
    null,
    null,
    76.52,
    null,
    null,
    null,
    null,
    76.74,
    null,
    null,
    null,
    null,
    76.97,
    null,
    null,
    null,
    null,
    77.15,
    null,
    null,
    null,
    null,
    77.45,
    null,
    null,
    null,
    null,
    77.74,
    null,
    null,
    null,
    null,
    77.91
  ]
}