{
  "round": [
    1,
    2,
    3,
    4,
    5,
    6,
    7,
    8,
    9,
    10,
    11,
    12,
    13,
    14,
    15,
    16,
    17,
    18,
    19,
    20,
    21,
    22,
    23,
    24,
    25,
    26,
    27,
    28,
    29,
    30,
    31,
    32,
    33,
    34,
    35,
    36,
    37,
    38,
    39,
    40,
    41,
    42,
    43,
    44,
    45,
    46,
    47,
    48,
    49,
    50
  ],
  "train_acc": [
    66.640625,
    68.046875,
    69.140625,
    66.71875,
    66.5625,
    66.5625,
    67.734375,
    68.359375,
    66.171875,
    67.34375,
    66.953125,
    67.65625,
    68.28125,
    66.171875,
    67.03125,
    66.953125,
    69.375,
    67.1875,
    66.015625,
    65.703125,
    67.5,
    68.28125,
    66.5625,
    66.640625,
    66.953125,
    64.53125,
    66.328125,
    67.96875,
    65.078125,
    65.9375,
    68.75,
    67.65625,
    68.359375,
    68.828125,
    67.03125,
    64.53125,
    68.984375,
    66.09375,
    66.875,
    69.6875,
    67.890625,
    68.515625,
    68.515625,
    68.125,
    70.078125,
    66.71875,
    67.1875,
    65.390625,
    68.046875,
    67.96875
  ],
  "val_acc": [
    null,
    null,
    null,
    null,
    67.58,
    null,
    null,
    null,
    null,
    66.64,
    null,
    null,
    null,
    null,
    67.74,
    null,
    null,
    null,
    null,
    67.16,
    null,
    null,
    null,
    null,
    67.3,
    null,
    null,
    null,
    null,
    68.36,
    null,
    null,
    null,
    null,
    68.02,
    null,
    null,
    null,
    null,
    68.16,
    null,
    null,
    null,
    null,
    67.66,
    null,
    null,
    null,
    null,
    67.88
  ],
  "test_acc": [
    null,
    null,
    null,
    null,
    73.63,
    null,
    null,
    null,
    null,
    73.64,
    null,
    null,
    null,
    null,
    73.66,
    null,
    null,
    null,
    null,
    73.69,
    null,
    null,
    null,
    null,
    73.67,
    null,
    null,
    null,
    null,
    73.71,
    null,
    null,
    null,
    null,
    73.75,
    null,
    null,
    null,
    null,
    73.77,
    null,
    null,
    null,
    null,
    73.79,
    null,
    null,
    null,
    null,
    73.81
  ]
}