{
  "round": [
    1,
    2,
    3,
    4,
    5,
    6,
    7,
    8,
    9,
    10,
    11,
    12,
    13,
    14,
    15,
    16,
    17,
    18,
    19,
    20,
    21,
    22,
    23,
    24,
    25,
    26,
    27,
    28,
    29,
    30,
    31,
    32,
    33,
    34,
    35,
    36,
    37,
    38,
    39,
    40,
    41,
    42,
    43,
    44,
    45,
    46,
    47,
    48,
    49,
    50
  ],
  "train_acc": [
    66.953125,
    69.140625,
    67.109375,
    67.265625,
    69.84375,
    69.53125,
    69.140625,
    69.0625,
    70.078125,
    69.21875,
    69.21875,
    70.625,
    71.328125,
    70.546875,
    72.5,
    69.453125,
    73.125,
    71.484375,
    70.546875,
    71.015625,
    69.84375,
    72.8125,
    72.890625,
    71.71875,
    73.203125,
    70.859375,
    71.5625,
    73.125,
    71.640625,
    72.1875,
    73.125,
    73.75,
    72.65625,
    73.359375,
    74.21875,
    73.671875,
    72.65625,
    72.890625,
    73.828125,
    75.078125,
    72.265625,
    72.578125,
    74.453125,
    72.8125,
    75.625,
    74.453125,
    71.875,
    75.546875,
    72.421875,
    75.0
  ],
  "val_acc": [
    null,
    null,
    null,
    null,
    68.78,
    null,
    null,
    null,
    null,
    69.16,
    null,
    null,
    null,
    null,
    70.28,
    null,
    null,
    null,
    null,
    70.64,
    null,
    null,
    null,
    null,
    71.54,
    null,
    null,
    null,
    null,
    72.48,
    null,
    null,
    null,
    null,
    72.42,
    null,
    null,
    null,
    null,
    72.42,
    null,
    null,
    null,
    null,
    72.88,
    null,
    null,
    null,
    null,
    72.38
  ],
  "test_acc": [
    null,
    null,
    null,
    null,
    74.72,
    null,
    null,
    null,
    null,
    75.46,
    null,
    null,
    null,
    null,
    75.96,
    null,
    null,
    null,
    null,
    76.32,
    null,
    null,
    null,
    null,
    76.76,
    null,
    null,
    null,
    null,
    77.01,
    null,
    null,
    null,
    null,
    77.22,
    null,
    null,
    null,
    null,
    77.4,
    null,
    null,
    null,
    null,
    77.61,
    null,
    null,
    null,
    null,
    77.9
  ]
}